# Copyright 2020 Google LLC.
# 
# This work is licensed under the Creative Commons Attribution 4.0
# International License. To view a copy of this license, visit
# http://creativecommons.org/licenses/by/4.0/ or send a letter
# to Creative Commons, PO Box 1866, Mountain View, CA 94042, USA.
# Generated by Katamari OBJ encoder.
# Vertices: 4707
# Faces: 9406
mtllib model.mtl
v -0.018481 0.141300 0.002902
v -0.017963 0.141649 0.005056
v -0.009439 0.141611 0.003366
v -0.009535 0.140796 0.001978
v 0.003773 0.140557 0.001560
v -0.016475 0.138751 0.001202
v -0.009285 0.141793 0.005563
v -0.017304 0.141390 0.006612
v -0.007784 0.141256 0.006712
v -0.000421 0.141873 0.003495
v -0.001134 0.141719 0.006299
v -0.008800 0.139801 0.008358
v -0.039528 0.137917 0.002172
v -0.040257 0.138985 0.003239
v -0.038964 0.139872 0.002475
v -0.037458 0.138868 0.001450
v -0.037658 0.135034 0.001273
v -0.039317 0.128064 0.001904
v -0.040660 0.135229 0.003220
v -0.040473 0.125834 0.002943
v -0.037601 0.123701 0.001288
v -0.041170 0.134640 0.005103
v -0.040916 0.112747 0.003791
v -0.039849 0.116374 0.002225
v -0.039998 0.112120 0.002425
v -0.038366 0.112475 0.001504
v -0.036611 0.112780 0.001231
v -0.038715 0.111455 0.002139
v -0.041249 0.117685 0.007061
v -0.041227 0.112392 0.006185
v -0.041039 0.115539 0.007302
v -0.041100 0.116916 0.007887
v -0.040336 0.116757 0.008594
v -0.040347 0.115452 0.007575
v -0.040267 0.117123 0.009783
v -0.040091 0.112930 0.007373
v -0.032878 0.115791 0.007614
v -0.040517 0.111488 0.003741
v -0.040087 0.111098 0.004821
v -0.035993 0.111134 0.002364
v -0.040817 0.111378 0.005229
v -0.039972 0.111220 0.006147
v -0.040837 0.112057 0.007066
v -0.004364 0.111929 0.005397
v -0.014853 0.112082 0.006477
v -0.034806 0.111846 0.001414
v -0.024590 0.111688 0.001525
v -0.008006 0.111801 0.001882
v -0.011814 0.113268 0.007147
v -0.018423 0.112788 0.001136
v -0.039064 0.140698 0.003597
v -0.039831 0.140314 0.003777
v -0.040465 0.139799 0.004847
v -0.039442 0.140942 0.005523
v -0.041018 0.138313 0.004906
v -0.040643 0.140136 0.010219
v -0.039375 0.141108 0.009884
v -0.037256 0.141338 0.004491
v -0.037394 0.141363 0.009660
v -0.039931 0.141098 0.014319
v -0.041087 0.140178 0.019516
v -0.037850 0.141610 0.015466
v -0.035628 0.140881 0.010494
v -0.033165 0.141132 0.003196
v -0.037134 0.140445 0.002298
v -0.030882 0.140125 0.001895
v -0.034142 0.141228 0.006454
v -0.028112 0.141349 0.003553
v -0.028597 0.140965 0.002622
v -0.035015 0.140960 0.008149
v -0.033344 0.139129 0.010024
v -0.032781 0.140889 0.006989
v -0.031619 0.139165 0.009129
v -0.036145 0.141261 0.019314
v -0.031445 0.138579 0.011066
v -0.027190 0.141220 0.006585
v -0.024684 0.141427 0.004602
v -0.026503 0.139292 0.008754
v -0.026513 0.138850 0.009633
v -0.032541 0.128378 0.013166
v -0.032070 0.127486 0.012102
v -0.031577 0.128635 0.012634
v -0.031588 0.129290 0.014028
v -0.028039 0.128157 0.011925
v -0.025460 0.129116 0.012638
v -0.040328 0.141111 0.023675
v -0.041941 0.138542 0.026384
v -0.042210 0.127398 0.033958
v -0.038665 0.141670 0.024987
v -0.041292 0.140813 0.032451
v -0.036397 0.141222 0.032020
v -0.034441 0.139516 0.036313
v -0.032165 0.129297 0.016681
v -0.031155 0.129419 0.015998
v -0.030902 0.129902 0.017503
v -0.032688 0.129148 0.021377
v -0.033370 0.127566 0.020266
v -0.030745 0.129642 0.020593
v -0.021950 0.129667 0.017108
v -0.033114 0.139169 0.048954
v -0.032493 0.128587 0.023529
v -0.031600 0.129459 0.022287
v -0.019317 0.129840 0.022173
v -0.030409 0.129057 0.023566
v -0.030900 0.127607 0.024382
v -0.017856 0.129638 0.022955
v -0.017454 0.128468 0.024135
v -0.041832 0.119256 0.023647
v -0.041090 0.117605 0.011199
v -0.041433 0.117925 0.016845
v -0.035445 0.117370 0.010770
v -0.037468 0.117345 0.013657
v -0.035957 0.117563 0.012876
v -0.030655 0.116789 0.008222
v -0.032404 0.117594 0.010236
v -0.034301 0.117960 0.011509
v -0.034955 0.118211 0.012369
v -0.033258 0.118168 0.011066
v -0.040618 0.117462 0.021734
v -0.041360 0.117711 0.019700
v -0.041808 0.118258 0.022394
v -0.036977 0.117561 0.019247
v -0.034160 0.120864 0.013969
v -0.033407 0.120733 0.012470
v -0.031888 0.120345 0.011499
v -0.032512 0.121818 0.012041
v -0.034458 0.120394 0.014507
v -0.035555 0.117944 0.017481
v -0.035282 0.118102 0.014790
v -0.034649 0.119438 0.023057
v -0.041024 0.117486 0.027618
v -0.041715 0.117911 0.030242
v -0.041053 0.117683 0.042291
v -0.038173 0.117712 0.031827
v -0.035738 0.117855 0.021477
v -0.034424 0.119277 0.024591
v -0.035514 0.118003 0.025037
v -0.033342 0.127394 0.022358
v -0.033589 0.124083 0.023861
v -0.033153 0.122225 0.025062
v -0.034031 0.118950 0.025509
v -0.033266 0.119137 0.025928
v -0.034088 0.118150 0.026642
v -0.031772 0.119517 0.026029
v -0.031075 0.118218 0.027033
v -0.015516 0.119965 0.025925
v -0.021988 0.118506 0.026730
v -0.031830 0.117895 0.027853
v -0.014087 0.118272 0.027521
v -0.035916 0.117711 0.026993
v -0.036204 0.117637 0.031560
v -0.034883 0.117726 0.030526
v -0.027542 0.118032 0.030433
v -0.024500 0.140948 0.002804
v -0.021500 0.140092 0.001744
v -0.004366 0.138173 0.001067
v -0.015315 0.138849 0.010418
v -0.016124 0.129641 0.013882
v -0.014314 0.128179 0.011688
v -0.010570 0.129288 0.012391
v -0.025442 0.125973 0.011549
v -0.022749 0.119934 0.011388
v -0.003372 0.139200 0.009739
v 0.008876 0.139310 0.010496
v 0.009400 0.139611 0.029058
v -0.001357 0.124138 0.011183
v -0.011784 0.119439 0.011041
v -0.026681 0.117896 0.010547
v -0.024291 0.116811 0.008077
v -0.031315 0.118505 0.011040
v -0.029402 0.123188 0.011681
v -0.019389 0.118657 0.010981
v -0.008662 0.118265 0.010321
v -0.016629 0.116114 0.007549
v -0.005800 0.112234 0.001315
v -0.014142 0.117141 0.008130
v 0.000015 0.116518 0.007287
v 0.006214 0.141598 0.002340
v 0.005020 0.142153 0.004508
v 0.005085 0.141696 0.006545
v 0.004813 0.140012 0.008448
v 0.011920 0.142107 0.005851
v 0.011108 0.140218 0.008295
v 0.011240 0.141539 0.006875
v 0.016213 0.141357 0.001768
v 0.016849 0.137598 0.000923
v 0.017234 0.123968 0.000876
v 0.015682 0.139942 0.001125
v 0.016563 0.142147 0.002882
v 0.016590 0.142411 0.004404
v 0.013736 0.142050 0.007172
v 0.018692 0.141051 0.002502
v 0.017611 0.139883 0.001336
v 0.019451 0.140253 0.002677
v 0.019172 0.137043 0.001803
v 0.017931 0.142288 0.004505
v 0.019515 0.141317 0.004450
v 0.020273 0.139659 0.004569
v 0.018904 0.113691 0.001131
v 0.019835 0.138378 0.002694
v 0.020992 0.115855 0.003073
v 0.020738 0.131897 0.004358
v 0.007936 0.112672 0.000928
v 0.000837 0.112718 0.001004
v 0.012113 0.112237 0.001335
v 0.009703 0.129131 0.011647
v 0.002807 0.129941 0.012960
v -0.003821 0.118814 0.010663
v 0.004406 0.119476 0.010864
v 0.010721 0.127901 0.011319
v 0.000179 0.130254 0.022143
v 0.010245 0.124905 0.011173
v 0.012555 0.125054 0.011511
v 0.002855 0.117442 0.007852
v 0.013069 0.118706 0.010016
v 0.014296 0.112879 0.006286
v 0.011014 0.121928 0.010963
v 0.012159 0.123979 0.011053
v 0.012812 0.119844 0.010773
v 0.013104 0.122011 0.011233
v 0.013503 0.123830 0.011932
v 0.014305 0.120582 0.012124
v 0.013871 0.119748 0.011130
v 0.014478 0.118728 0.010495
v 0.015060 0.119588 0.012550
v 0.015774 0.118092 0.008278
v 0.012117 0.113384 0.000884
v 0.016439 0.112972 0.000877
v 0.018796 0.112368 0.002046
v 0.018277 0.112483 0.001679
v 0.020059 0.124223 0.002209
v 0.021384 0.113942 0.004807
v 0.020508 0.117057 0.007155
v 0.020215 0.113998 0.006850
v 0.020508 0.113485 0.002248
v 0.020724 0.112698 0.004366
v 0.020609 0.112592 0.005834
v 0.021087 0.114261 0.006227
v 0.020712 0.117779 0.007719
v 0.020764 0.118165 0.008435
v 0.015858 0.118748 0.012022
v 0.017036 0.118518 0.011663
v 0.020941 0.118482 0.010626
v 0.021358 0.117528 0.006715
v 0.021476 0.118888 0.008314
v 0.021569 0.119310 0.011343
v -0.031106 0.039002 0.002108
v -0.029853 0.039552 0.001209
v -0.028781 0.036917 0.001779
v -0.012691 0.061951 0.002112
v -0.012974 0.061062 0.001239
v -0.014567 0.059634 0.001866
v -0.012171 0.061030 0.001026
v -0.013608 0.059348 0.001028
v -0.015148 0.058238 0.002359
v -0.014443 0.058165 0.001772
v -0.005600 0.052738 0.000872
v -0.003030 0.053030 0.000840
v -0.010452 0.053986 0.002664
v -0.015271 0.057272 0.004560
v -0.011042 0.063727 0.008948
v -0.011039 0.062347 0.002130
v -0.011465 0.063086 0.003790
v -0.010285 0.063009 0.004409
v -0.010372 0.063777 0.008014
v 0.004792 0.050392 0.004007
v -0.009049 0.063992 0.016140
v -0.010058 0.064381 0.014484
v -0.015479 0.058173 0.004351
v -0.016074 0.056770 0.005727
v -0.016015 0.057733 0.006106
v -0.019436 0.052666 0.005843
v -0.021508 0.051137 0.006201
v -0.011572 0.052416 0.005745
v -0.012859 0.055348 0.005086
v -0.011533 0.053761 0.005512
v -0.006329 0.049856 0.005269
v -0.032461 0.037681 0.016314
v -0.013644 0.060137 0.030244
v 0.000814 0.045666 0.001360
v -0.001689 0.054232 0.001640
v -0.000374 0.043785 0.005622
v 0.005756 0.048560 0.002232
v -0.000989 0.046040 0.002648
v -0.001651 0.045983 0.005042
v 0.007398 0.045776 0.001260
v 0.008260 0.042435 0.000652
v 0.004544 0.040806 0.004939
v 0.007534 0.038973 0.002369
v 0.013637 0.040773 0.001541
v 0.014250 0.041724 0.002893
v -0.010501 0.064166 0.017538
v -0.009337 0.065135 0.022343
v -0.009697 0.065065 0.023499
v -0.016648 0.056371 0.030537
v -0.014111 0.058828 0.030692
v -0.008577 0.065023 0.024907
v -0.009116 0.065178 0.027367
v -0.010621 0.063789 0.029389
v -0.009439 0.064303 0.029138
v -0.011568 0.061939 0.030549
v -0.005740 0.062027 0.028879
v -0.004053 0.061406 0.025685
v -0.007746 0.063022 0.029454
v -0.006074 0.058507 0.030675
v -0.022269 0.048768 0.030899
v 0.002230 0.055694 0.028244
v -0.009945 0.063284 0.030155
v -0.003196 0.058236 0.030259
v 0.012343 0.047590 0.024718
v 0.003270 0.053726 0.029772
v 0.006719 0.048647 0.030534
v 0.012970 0.046806 0.027748
v 0.010713 0.047729 0.029386
v 0.009163 0.047722 0.030208
v -0.031728 0.038886 0.005317
v -0.028873 0.042383 0.001733
v -0.030368 0.040644 0.001559
v -0.027477 0.043459 0.003128
v -0.027167 0.042862 0.002127
v -0.028189 0.041845 0.001157
v -0.016023 0.033138 0.001717
v -0.027712 0.043656 0.006153
v -0.025857 0.042269 0.002695
v -0.026832 0.043693 0.005293
v -0.026493 0.045104 0.006460
v -0.025895 0.045438 0.006061
v -0.024794 0.045439 0.005870
v -0.026459 0.044108 0.005706
v -0.031232 0.038265 0.002942
v -0.031919 0.037492 0.008435
v -0.019444 0.027218 0.006219
v -0.021892 0.030119 0.003274
v -0.032553 0.036338 0.020132
v -0.018562 0.033202 0.000912
v -0.012280 0.030928 0.002766
v -0.011910 0.032324 0.005699
v -0.014430 0.033407 0.005343
v -0.018613 0.030500 0.000875
v -0.016526 0.026673 0.001772
v -0.013486 0.019483 0.025298
v -0.032963 0.036472 0.026163
v -0.031627 0.034923 0.026258
v -0.032534 0.037389 0.027421
v -0.032343 0.035932 0.028005
v -0.009111 0.023839 0.000746
v -0.008400 0.021500 0.001078
v -0.010473 0.020435 0.003515
v -0.005138 0.022998 0.001033
v -0.004275 0.018637 0.000972
v -0.001256 0.021711 0.002343
v -0.001354 0.021024 0.001615
v -0.002557 0.020036 0.000901
v -0.002381 0.019129 0.001382
v -0.000855 0.021321 0.003083
v -0.003217 0.023905 0.005040
v -0.000154 0.022766 0.005536
v -0.000649 0.021132 0.005195
v -0.000897 0.022059 0.004825
v 0.000204 0.022534 0.005794
v 0.000429 0.022484 0.006492
v -0.005320 0.015497 0.012615
v 0.004824 0.027845 0.006004
v 0.008242 0.033261 0.005551
v 0.007702 0.037659 0.005342
v 0.010212 0.036112 0.004599
v 0.004960 0.028921 0.005560
v 0.009485 0.033488 0.006256
v -0.006219 0.015933 0.007686
v -0.008222 0.016234 0.016952
v -0.004928 0.017414 0.001819
v -0.006187 0.017043 0.003764
v -0.005113 0.016443 0.003964
v -0.003726 0.017781 0.001457
v -0.004506 0.016573 0.004851
v -0.005809 0.015496 0.009283
v -0.006712 0.014360 0.021141
v -0.006221 0.014808 0.017381
v -0.006046 0.014402 0.022893
v 0.004755 0.027332 0.030224
v -0.020088 0.052385 0.030119
v -0.026086 0.045128 0.030492
v -0.032283 0.037160 0.029684
v -0.030648 0.039489 0.030630
v -0.031339 0.037533 0.030435
v -0.030009 0.038632 0.030992
v -0.028616 0.035107 0.030608
v -0.016676 0.026832 0.030877
v 0.005889 0.029980 0.030608
v -0.027405 0.032501 0.029502
v -0.027055 0.031280 0.028146
v -0.015173 0.024152 0.030583
v -0.016332 0.022100 0.027755
v -0.014774 0.021990 0.029313
v 0.015299 0.044982 0.026248
v 0.016967 0.043159 0.021366
v 0.017069 0.043117 0.027068
v 0.015809 0.041680 0.030098
v 0.016149 0.043181 0.028947
v 0.014088 0.039723 0.030431
v 0.013307 0.037673 0.029987
v 0.015535 0.040273 0.029800
v -0.006404 0.016194 0.029793
v -0.003710 0.017832 0.030662
v -0.006694 0.014900 0.028417
v -0.006813 0.014042 0.025515
v -0.006117 0.014428 0.027493
v -0.007191 0.014596 0.027314
v -0.004809 0.015737 0.029460
v -0.005469 0.017011 0.030370
v -0.002070 0.019024 0.030288
v -0.030663 0.126338 0.011659
v -0.069640 -0.112146 0.008087
v -0.068716 -0.115684 0.007361
v -0.069916 -0.115699 0.008400
v -0.067132 -0.115143 0.006987
v -0.067438 -0.117866 0.006309
v -0.069018 -0.119756 0.006326
v -0.070090 -0.118291 0.008336
v -0.069532 -0.123014 0.005603
v -0.070593 -0.119686 0.010041
v -0.067073 -0.129119 0.001349
v -0.068517 -0.127848 0.002270
v -0.067608 -0.125542 0.001329
v -0.065690 -0.128113 0.000907
v -0.068239 -0.121775 0.004488
v -0.067016 -0.122717 0.002114
v -0.068142 -0.123609 0.002504
v -0.068845 -0.125250 0.002566
v -0.066850 -0.124577 0.001156
v -0.065109 -0.122853 0.001385
v -0.065224 -0.121630 0.002341
v -0.069335 -0.127145 0.003632
v -0.062006 -0.122460 0.001715
v -0.062270 -0.124550 0.000978
v -0.061097 -0.127723 0.001005
v -0.062228 -0.130065 0.001107
v -0.066954 -0.120472 0.004619
v -0.065542 -0.119614 0.004921
v -0.062268 -0.119934 0.004528
v -0.064646 -0.117299 0.006407
v -0.060740 -0.118375 0.006101
v -0.070378 -0.127461 0.009756
v -0.061511 -0.121822 0.002323
v -0.060163 -0.124447 0.001481
v -0.059617 -0.122839 0.002488
v -0.058901 -0.124917 0.002298
v -0.059299 -0.120049 0.005505
v -0.058145 -0.121389 0.005202
v -0.058013 -0.123284 0.004073
v -0.059282 -0.127744 0.001861
v -0.060227 -0.130203 0.001680
v -0.056696 -0.123825 0.005142
v -0.056498 -0.126429 0.005136
v -0.058545 -0.130120 0.003445
v -0.055103 -0.124222 0.006040
v -0.056343 -0.129069 0.005489
v -0.054139 -0.127881 0.006425
v -0.056196 -0.130468 0.006077
v -0.069974 -0.126590 0.011124
v -0.070367 -0.118941 0.011216
v -0.068149 -0.130619 0.003008
v -0.069855 -0.132247 0.005094
v -0.068992 -0.132472 0.001473
v -0.069277 -0.132999 0.001756
v -0.068325 -0.131298 0.002871
v -0.068860 -0.130999 0.005761
v -0.069352 -0.135139 0.002099
v -0.068781 -0.134385 0.001100
v -0.069221 -0.134131 0.002820
v -0.068814 -0.134504 0.003250
v -0.069974 -0.133291 0.005141
v -0.069274 -0.134561 0.004548
v -0.069364 -0.134086 0.006065
v -0.070058 -0.133325 0.007846
v -0.067902 -0.134332 0.006257
v -0.066932 -0.130931 0.002171
v -0.064599 -0.132172 0.001758
v -0.064879 -0.130329 0.001159
v -0.063409 -0.134341 0.001048
v -0.067014 -0.131709 0.002081
v -0.062109 -0.131558 0.001714
v -0.062290 -0.132600 0.001747
v -0.068296 -0.136124 0.000970
v -0.068854 -0.136092 0.002150
v -0.068053 -0.136629 0.001690
v -0.064250 -0.135943 0.000964
v -0.065575 -0.136272 0.001492
v -0.066297 -0.135854 0.002401
v -0.067581 -0.134818 0.003275
v -0.065381 -0.134836 0.002995
v -0.064669 -0.134350 0.004215
v -0.061991 -0.135073 0.002711
v -0.069695 -0.129894 0.008613
v -0.069630 -0.130744 0.008257
v -0.069778 -0.130252 0.009992
v -0.069424 -0.130229 0.010939
v -0.070614 -0.131442 0.010410
v -0.070956 -0.131713 0.011734
v -0.069735 -0.132756 0.011061
v -0.069101 -0.133938 0.008231
v -0.065842 -0.134621 0.007871
v -0.069359 -0.129594 0.011535
v -0.070323 -0.130620 0.011619
v -0.070864 -0.130649 0.013951
v -0.070494 -0.131033 0.013937
v -0.065702 -0.134258 0.009926
v -0.067592 -0.133071 0.011050
v -0.062286 -0.134595 0.007105
v -0.062177 -0.134681 0.009465
v -0.062415 -0.134514 0.010871
v -0.058348 -0.135779 0.000988
v -0.060424 -0.131848 0.002655
v -0.061004 -0.133888 0.001476
v -0.058949 -0.133124 0.002929
v -0.058434 -0.133518 0.002302
v -0.058528 -0.134803 0.001098
v -0.057914 -0.135701 0.002625
v -0.059445 -0.136151 0.001377
v -0.061919 -0.136227 0.001675
v -0.061036 -0.134665 0.003559
v -0.054969 -0.133405 0.002369
v -0.054213 -0.133834 0.001942
v -0.056441 -0.133905 0.001413
v -0.055717 -0.135074 0.001286
v -0.056282 -0.135850 0.003073
v -0.054202 -0.135037 0.001978
v -0.055617 -0.135743 0.002505
v -0.058015 -0.130819 0.004604
v -0.058937 -0.132191 0.003676
v -0.059865 -0.134315 0.004693
v -0.057630 -0.131530 0.005495
v -0.057958 -0.132500 0.004637
v -0.058369 -0.134581 0.005206
v -0.054830 -0.133246 0.004266
v -0.056014 -0.131756 0.006700
v -0.053898 -0.130816 0.007192
v -0.059176 -0.135099 0.008027
v -0.055264 -0.136214 0.009483
v -0.056499 -0.135866 0.007756
v -0.053756 -0.136799 0.003780
v -0.055247 -0.135871 0.005758
v -0.050567 -0.134673 0.003015
v -0.050639 -0.136395 0.003967
v -0.050722 -0.135887 0.003050
v -0.053772 -0.132898 0.007470
v -0.049938 -0.133831 0.006546
v -0.050756 -0.136060 0.006889
v -0.053367 -0.136130 0.006148
v -0.048312 -0.137058 0.005559
v -0.052818 -0.136950 0.004502
v -0.063141 -0.023177 0.001807
v -0.064806 -0.022909 0.002401
v -0.064264 -0.021472 0.003313
v -0.061524 -0.023017 0.002315
v -0.059027 -0.024255 0.001462
v -0.062575 -0.024083 0.001425
v -0.066043 -0.022815 0.003373
v -0.064711 -0.021775 0.003708
v -0.063308 -0.021538 0.003435
v -0.064712 -0.023103 0.004415
v -0.062823 -0.021955 0.002875
v -0.062679 -0.023068 0.003744
v -0.061436 -0.023027 0.002879
v -0.058447 -0.023815 0.001826
v -0.059078 -0.023346 0.004379
v -0.068563 -0.028421 0.003846
v -0.067239 -0.028786 0.002126
v -0.069555 -0.030264 0.002614
v -0.069585 -0.033024 0.001813
v -0.070284 -0.033603 0.002408
v -0.070083 -0.030174 0.003902
v -0.070870 -0.032007 0.004132
v -0.065759 -0.029429 0.001359
v -0.068186 -0.030981 0.001373
v -0.066005 -0.027908 0.002573
v -0.064002 -0.028566 0.001830
v -0.066754 -0.031200 0.001029
v -0.067775 -0.034175 0.001035
v -0.068977 -0.034961 0.001551
v -0.063247 -0.030039 0.001233
v -0.062013 -0.031751 0.001078
v -0.062920 -0.034825 0.001082
v -0.064775 -0.024539 0.002481
v -0.066638 -0.024488 0.004054
v -0.066311 -0.023761 0.004550
v -0.066770 -0.024859 0.005584
v -0.066366 -0.025538 0.005211
v -0.066938 -0.024687 0.007446
v -0.065436 -0.023510 0.005408
v -0.066259 -0.024111 0.009583
v -0.066686 -0.026827 0.006973
v -0.070586 -0.028857 0.009829
v -0.071627 -0.030757 0.009525
v -0.071166 -0.030218 0.010451
v -0.069541 -0.027861 0.009932
v -0.065757 -0.026841 0.005229
v -0.067594 -0.026696 0.009954
v -0.064010 -0.025359 0.003490
v -0.065158 -0.025939 0.004322
v -0.062992 -0.027544 0.002967
v -0.065385 -0.026969 0.004228
v -0.063340 -0.026685 0.003800
v -0.061981 -0.024863 0.001661
v -0.061874 -0.029601 0.001642
v -0.061747 -0.027353 0.003528
v -0.061055 -0.023308 0.006954
v -0.063562 -0.025975 0.004035
v -0.059760 -0.026513 0.004673
v -0.061869 -0.026734 0.004223
v -0.061576 -0.026577 0.004388
v -0.060552 -0.027195 0.005447
v -0.067417 -0.025049 0.009574
v -0.066505 -0.024756 0.011306
v -0.067641 -0.026995 0.010827
v -0.069706 -0.028572 0.010804
v -0.070425 -0.031714 0.011144
v -0.067818 -0.027911 0.011211
v -0.067371 -0.030481 0.011247
v -0.066574 -0.030039 0.011749
v -0.066233 -0.031031 0.012129
v -0.067187 -0.026240 0.012655
v -0.067350 -0.027766 0.011669
v -0.067232 -0.028310 0.014363
v -0.066648 -0.029539 0.012204
v -0.067172 -0.029267 0.014081
v -0.065853 -0.030069 0.011858
v -0.065849 -0.030151 0.012300
v -0.065983 -0.030978 0.013175
v -0.056775 -0.023261 0.005560
v -0.060372 -0.024218 0.011486
v -0.065828 -0.030636 0.012227
v -0.066007 -0.026051 0.013584
v -0.066725 -0.027818 0.015181
v -0.054804 -0.025428 0.015054
v -0.065925 -0.029351 0.017564
v -0.067679 -0.031414 0.018654
v -0.053386 -0.023901 0.012834
v -0.051578 -0.029154 0.018973
v -0.059214 -0.032160 0.020482
v -0.071053 -0.034090 0.004415
v -0.071988 -0.032646 0.009784
v -0.070599 -0.035388 0.003519
v -0.070966 -0.038792 0.006558
v -0.069797 -0.036124 0.002572
v -0.068092 -0.037196 0.001933
v -0.066806 -0.036218 0.001159
v -0.066558 -0.037711 0.001900
v -0.069867 -0.039194 0.005184
v -0.068499 -0.039304 0.004329
v -0.063473 -0.036790 0.001441
v -0.066362 -0.039877 0.004483
v -0.063710 -0.038143 0.002312
v -0.063610 -0.039729 0.004467
v -0.068746 -0.040993 0.005615
v -0.070194 -0.041481 0.006516
v -0.068681 -0.042446 0.006304
v -0.063930 -0.041654 0.005972
v -0.071540 -0.038583 0.008068
v -0.071692 -0.034753 0.010731
v -0.071496 -0.043131 0.008361
v -0.071952 -0.044010 0.010164
v -0.071106 -0.042552 0.011133
v -0.069098 -0.034936 0.011359
v -0.068690 -0.047474 0.011402
v -0.068034 -0.045667 0.011975
v -0.070288 -0.046085 0.007716
v -0.060281 -0.044399 0.007069
v -0.068739 -0.045367 0.007045
v -0.067988 -0.051292 0.007066
v -0.069448 -0.051283 0.007461
v -0.070920 -0.047326 0.008405
v -0.071690 -0.050157 0.010187
v -0.070840 -0.057191 0.008613
v -0.069736 -0.065320 0.007694
v -0.071596 -0.056919 0.010241
v -0.071099 -0.052316 0.010964
v -0.068097 -0.066972 0.011437
v -0.071305 -0.063230 0.010460
v -0.070562 -0.063922 0.011027
v -0.067738 -0.032998 0.011730
v -0.068169 -0.035374 0.012099
v -0.067719 -0.033897 0.012490
v -0.066176 -0.031547 0.014869
v -0.067256 -0.034254 0.015408
v -0.066270 -0.033013 0.016315
v -0.067352 -0.036757 0.015950
v -0.067910 -0.031730 0.018080
v -0.067339 -0.032117 0.017456
v -0.066391 -0.032965 0.017475
v -0.066364 -0.034725 0.017228
v -0.067417 -0.034654 0.018766
v -0.066186 -0.034557 0.018188
v -0.066481 -0.031626 0.019499
v -0.067960 -0.035872 0.020676
v -0.067061 -0.034583 0.021080
v -0.067796 -0.037124 0.020178
v -0.066976 -0.037336 0.019668
v -0.065024 -0.034797 0.021776
v -0.066859 -0.037575 0.022099
v -0.067645 -0.039821 0.021608
v -0.066989 -0.040222 0.019926
v -0.067703 -0.040956 0.021295
v -0.064920 -0.038147 0.023251
v -0.066373 -0.041998 0.024160
v -0.066007 -0.036163 0.017908
v -0.064889 -0.037029 0.018621
v -0.064983 -0.039774 0.018676
v -0.064840 -0.038264 0.019306
v -0.065420 -0.040092 0.019303
v -0.065176 -0.036414 0.019148
v -0.065105 -0.035749 0.018697
v -0.066848 -0.067841 0.015544
v -0.065787 -0.058573 0.017523
v -0.064322 -0.045834 0.018880
v -0.064053 -0.053625 0.018852
v -0.067155 -0.044764 0.024554
v -0.064931 -0.042035 0.018653
v -0.065031 -0.041627 0.019153
v -0.064075 -0.045579 0.019634
v -0.066041 -0.046082 0.020988
v -0.067295 -0.043018 0.021202
v -0.062954 -0.048687 0.020217
v -0.065795 -0.048996 0.022373
v -0.067383 -0.046087 0.023673
v -0.066878 -0.048462 0.023172
v -0.067411 -0.048663 0.025814
v -0.067446 -0.049055 0.025312
v -0.062009 -0.035805 0.022432
v -0.058862 -0.035513 0.022098
v -0.062125 -0.040924 0.024469
v -0.064274 -0.042537 0.024981
v -0.064524 -0.046694 0.026813
v -0.066867 -0.047728 0.026344
v -0.067264 -0.049882 0.027486
v -0.063233 -0.049426 0.027847
v -0.066718 -0.050586 0.025214
v -0.067557 -0.054639 0.025761
v -0.067643 -0.052666 0.026747
v -0.066994 -0.052918 0.025856
v -0.067558 -0.054185 0.027135
v -0.065479 -0.050737 0.024066
v -0.065515 -0.052002 0.025031
v -0.067245 -0.051074 0.026237
v -0.066369 -0.057597 0.023353
v -0.065253 -0.057634 0.022888
v -0.065169 -0.053536 0.024876
v -0.066831 -0.059066 0.023923
v -0.067234 -0.062140 0.025307
v -0.067223 -0.059243 0.026186
v -0.066924 -0.058354 0.027248
v -0.067667 -0.051651 0.027340
v -0.067251 -0.051395 0.027867
v -0.065433 -0.050351 0.027988
v -0.066064 -0.056161 0.028059
v -0.065308 -0.053105 0.028311
v -0.062706 -0.056047 0.029230
v -0.064044 -0.059339 0.029485
v -0.055539 -0.023988 0.002594
v -0.054680 -0.025074 0.001941
v -0.051583 -0.025415 0.002651
v -0.061412 -0.034954 0.001375
v -0.056815 -0.025542 0.002177
v -0.060684 -0.030046 0.002176
v -0.058969 -0.029374 0.004718
v -0.054826 -0.025689 0.002281
v -0.056812 -0.026352 0.005473
v -0.060070 -0.032092 0.002165
v -0.058614 -0.031361 0.004133
v -0.060058 -0.034492 0.002329
v -0.060639 -0.036399 0.002408
v -0.058542 -0.035372 0.004350
v -0.056658 -0.031312 0.005811
v -0.056801 -0.029710 0.006141
v -0.056969 -0.034882 0.005599
v -0.052902 -0.023638 0.007408
v -0.053690 -0.023321 0.009919
v -0.050532 -0.025419 0.005393
v -0.048596 -0.026181 0.002463
v -0.046381 -0.027105 0.002468
v -0.044947 -0.026536 0.003448
v -0.050774 -0.023825 0.008545
v -0.046729 -0.024273 0.008120
v -0.046886 -0.025705 0.005417
v -0.043953 -0.024251 0.009707
v -0.047566 -0.024469 0.012999
v -0.059283 -0.027023 0.006184
v -0.056647 -0.026431 0.007900
v -0.057733 -0.028186 0.006463
v -0.058543 -0.027008 0.006889
v -0.056960 -0.027198 0.007862
v -0.053862 -0.027086 0.005491
v -0.054831 -0.028499 0.007127
v -0.053825 -0.026913 0.007540
v -0.053538 -0.027255 0.007976
v -0.055030 -0.030584 0.006578
v -0.052135 -0.029700 0.006995
v -0.047753 -0.027141 0.002698
v -0.051472 -0.026969 0.007767
v -0.051209 -0.027277 0.007939
v -0.048164 -0.027544 0.006120
v -0.049275 -0.027153 0.007533
v -0.048321 -0.027404 0.007720
v -0.047647 -0.027157 0.007549
v -0.044167 -0.028302 0.007150
v -0.045751 -0.030068 0.006942
v -0.053808 -0.033655 0.006868
v -0.055369 -0.036449 0.006624
v -0.052547 -0.037459 0.007067
v -0.043399 -0.028161 0.002881
v -0.044764 -0.024698 0.006969
v -0.040547 -0.025292 0.006437
v -0.040409 -0.027772 0.003409
v -0.039893 -0.028628 0.003352
v -0.038917 -0.027056 0.004023
v -0.036345 -0.028983 0.003535
v -0.035556 -0.029607 0.004007
v -0.040695 -0.026308 0.007971
v -0.043112 -0.026246 0.007962
v -0.041560 -0.027140 0.006012
v -0.042184 -0.026583 0.008383
v -0.036364 -0.024505 0.010224
v -0.043312 -0.027615 0.005002
v -0.039318 -0.029040 0.004473
v -0.037506 -0.028193 0.005672
v -0.033450 -0.027719 0.004011
v -0.038916 -0.027345 0.007133
v -0.038085 -0.027631 0.006743
v -0.035340 -0.025251 0.008225
v -0.040446 -0.026780 0.008166
v -0.040269 -0.026483 0.008234
v -0.038716 -0.027902 0.007165
v -0.036766 -0.027879 0.007129
v -0.034077 -0.028442 0.006231
v -0.046965 -0.027502 0.004296
v -0.044948 -0.027975 0.003075
v -0.046070 -0.026996 0.007333
v -0.041731 -0.028858 0.003652
v -0.032848 -0.037548 0.006952
v -0.046522 -0.027361 0.007780
v -0.046058 -0.026928 0.007887
v -0.044303 -0.026771 0.008334
v -0.044640 -0.026479 0.007753
v -0.038175 -0.029496 0.006794
v -0.025017 -0.032813 0.006840
v -0.050525 -0.025985 0.016044
v -0.040148 -0.025199 0.014504
v -0.041557 -0.026896 0.016871
v -0.044743 -0.029267 0.018981
v -0.049439 -0.032325 0.020637
v -0.041098 -0.024486 0.012008
v -0.030594 -0.024677 0.013087
v -0.033466 -0.026434 0.016230
v -0.039283 -0.029499 0.018870
v -0.044256 -0.032781 0.020357
v -0.040289 -0.032625 0.020622
v -0.036677 -0.029602 0.018989
v -0.039159 -0.035075 0.023135
v -0.034931 -0.031825 0.021713
v -0.033289 -0.029233 0.019609
v -0.035671 -0.029254 0.004978
v -0.030883 -0.029909 0.003925
v -0.030960 -0.030323 0.004879
v -0.033879 -0.028790 0.006785
v -0.030894 -0.029223 0.006276
v -0.029269 -0.029804 0.006595
v -0.028589 -0.028108 0.004388
v -0.028450 -0.030179 0.004346
v -0.028649 -0.030407 0.004747
v -0.027809 -0.025241 0.008171
v -0.028813 -0.027096 0.005692
v -0.025651 -0.029778 0.006254
v -0.024740 -0.027382 0.005455
v -0.025372 -0.028642 0.004558
v -0.027124 -0.030129 0.004263
v -0.023715 -0.030924 0.005041
v -0.023624 -0.030375 0.004477
v -0.020669 -0.028118 0.004946
v -0.019802 -0.030805 0.004686
v -0.029330 -0.024553 0.010569
v -0.023511 -0.023932 0.008586
v -0.025845 -0.024267 0.009624
v -0.024353 -0.023573 0.010247
v -0.025297 -0.025868 0.006977
v -0.028251 -0.024567 0.014096
v -0.028801 -0.026163 0.016469
v -0.025359 -0.023892 0.012828
v -0.022728 -0.023681 0.009668
v -0.021979 -0.024555 0.011725
v -0.024175 -0.027216 0.016182
v -0.022378 -0.026891 0.015602
v -0.030938 -0.028810 0.019339
v -0.027426 -0.029209 0.018904
v -0.020809 -0.025204 0.006654
v -0.019787 -0.026429 0.005788
v -0.021703 -0.024323 0.007891
v -0.020562 -0.024264 0.008998
v -0.017725 -0.025308 0.007689
v -0.021673 -0.030619 0.006609
v -0.016046 -0.029233 0.004575
v -0.020832 -0.030477 0.006309
v -0.016506 -0.026920 0.005950
v -0.015692 -0.025033 0.007987
v -0.013509 -0.025617 0.006866
v -0.010815 -0.026220 0.005689
v -0.011236 -0.027718 0.004727
v -0.018026 -0.031235 0.005270
v -0.015875 -0.031220 0.006439
v -0.016262 -0.031305 0.005128
v -0.013668 -0.030601 0.004924
v -0.014627 -0.031528 0.005547
v -0.013998 -0.032490 0.006609
v -0.017902 -0.024584 0.009770
v -0.019661 -0.024708 0.011899
v -0.014383 -0.024994 0.011505
v -0.013668 -0.024803 0.009049
v -0.010389 -0.024629 0.010608
v -0.010170 -0.025061 0.012148
v -0.015557 -0.036434 0.006823
v -0.015508 -0.038439 0.007183
v -0.036426 -0.039715 0.007870
v -0.017426 -0.043338 0.010808
v -0.031004 -0.042551 0.010622
v -0.018817 -0.041476 0.010005
v -0.015226 -0.039965 0.008237
v -0.061840 -0.037195 0.002142
v -0.061602 -0.039360 0.004706
v -0.059805 -0.038233 0.004811
v -0.056936 -0.038384 0.006561
v -0.060905 -0.041604 0.006277
v -0.053230 -0.039185 0.007516
v -0.056445 -0.042073 0.007833
v -0.058364 -0.044205 0.007487
v -0.058225 -0.063924 0.007444
v -0.056431 -0.043261 0.008423
v -0.057253 -0.045519 0.008205
v -0.056671 -0.078001 0.008214
v -0.054758 -0.067232 0.010469
v -0.055460 -0.045751 0.010181
v -0.069590 -0.093823 0.007794
v -0.067843 -0.076175 0.007017
v -0.070679 -0.084816 0.008895
v -0.071353 -0.067095 0.009953
v -0.067153 -0.090359 0.012047
v -0.070736 -0.072407 0.010968
v -0.071289 -0.077217 0.010158
v -0.070761 -0.078082 0.010884
v -0.064671 -0.066797 0.018396
v -0.065773 -0.081260 0.017086
v -0.052678 -0.061927 0.010992
v -0.053078 -0.086690 0.010978
v -0.059851 -0.088614 0.007042
v -0.054192 -0.040905 0.008266
v -0.051908 -0.040281 0.008228
v -0.053405 -0.042658 0.010299
v -0.055288 -0.043966 0.009925
v -0.054391 -0.044884 0.010706
v -0.052365 -0.044190 0.011017
v -0.053587 -0.049843 0.011025
v -0.062894 -0.049221 0.019280
v -0.061555 -0.051185 0.019633
v -0.061597 -0.051288 0.021203
v -0.061034 -0.052796 0.019279
v -0.061395 -0.055409 0.018978
v -0.060929 -0.052897 0.019464
v -0.061422 -0.052177 0.020324
v -0.060491 -0.053089 0.021565
v -0.059302 -0.054712 0.023193
v -0.051458 -0.041904 0.010052
v -0.048067 -0.042747 0.010723
v -0.057205 -0.036696 0.022361
v -0.052709 -0.038748 0.022150
v -0.055571 -0.042282 0.023537
v -0.052239 -0.043594 0.024144
v -0.049253 -0.038502 0.022144
v -0.049527 -0.040925 0.023400
v -0.045703 -0.042686 0.025193
v -0.055710 -0.047767 0.025742
v -0.056508 -0.052773 0.027370
v -0.051648 -0.048032 0.025805
v -0.045717 -0.035008 0.020960
v -0.045564 -0.036628 0.021795
v -0.044346 -0.039723 0.024337
v -0.040987 -0.039458 0.024868
v -0.046384 -0.040210 0.023888
v -0.036056 -0.034770 0.023266
v -0.036167 -0.039510 0.024686
v -0.039068 -0.045705 0.026164
v -0.039346 -0.049318 0.027383
v -0.046857 -0.051294 0.026906
v -0.043993 -0.057816 0.029290
v -0.050881 -0.059582 0.029165
v -0.061355 -0.059129 0.019002
v -0.063334 -0.062182 0.019004
v -0.062122 -0.062121 0.020413
v -0.062777 -0.064781 0.020249
v -0.064328 -0.061960 0.021365
v -0.060638 -0.057332 0.019301
v -0.061265 -0.060659 0.019272
v -0.062662 -0.064411 0.019413
v -0.060980 -0.059137 0.020130
v -0.060767 -0.059549 0.020877
v -0.061787 -0.062458 0.019749
v -0.062500 -0.064518 0.019760
v -0.061811 -0.060490 0.020933
v -0.061218 -0.054739 0.019183
v -0.061168 -0.054305 0.019452
v -0.061390 -0.054609 0.020098
v -0.060906 -0.055411 0.019617
v -0.061038 -0.055909 0.020543
v -0.061239 -0.056857 0.019905
v -0.061921 -0.055222 0.024036
v -0.062785 -0.058017 0.022385
v -0.060403 -0.056940 0.022949
v -0.059506 -0.055903 0.023314
v -0.065117 -0.068391 0.021235
v -0.060469 -0.055736 0.019228
v -0.060575 -0.056078 0.019375
v -0.059650 -0.057116 0.021979
v -0.059717 -0.056919 0.022731
v -0.058904 -0.055408 0.022712
v -0.067270 -0.066964 0.024441
v -0.066346 -0.071323 0.022175
v -0.067020 -0.072455 0.023699
v -0.067291 -0.078333 0.022627
v -0.067426 -0.071893 0.026332
v -0.062834 -0.068305 0.019249
v -0.062874 -0.068026 0.019988
v -0.063833 -0.077806 0.018801
v -0.063364 -0.073245 0.019558
v -0.066054 -0.078498 0.020796
v -0.067346 -0.066328 0.026137
v -0.066950 -0.063485 0.027393
v -0.065291 -0.066014 0.029100
v -0.066942 -0.068321 0.027482
v -0.065823 -0.071227 0.029448
v -0.063901 -0.066041 0.029944
v -0.061197 -0.054452 0.028802
v -0.059408 -0.061105 0.029856
v -0.061383 -0.063742 0.030310
v -0.062007 -0.074021 0.031801
v -0.059655 -0.066394 0.031024
v -0.063515 -0.073332 0.031228
v -0.064468 -0.078855 0.031069
v -0.055649 -0.071831 0.031770
v -0.049423 -0.064937 0.030410
v -0.051053 -0.068063 0.031147
v -0.049192 -0.072935 0.032991
v -0.045135 -0.066002 0.031777
v -0.041280 -0.068764 0.032860
v -0.053432 -0.076000 0.033120
v -0.016213 -0.071495 0.010795
v -0.036650 -0.059878 0.031522
v -0.024463 -0.029156 0.018797
v -0.028936 -0.032330 0.021493
v -0.032606 -0.035266 0.023188
v -0.026344 -0.032092 0.021600
v -0.021322 -0.028931 0.019537
v -0.022157 -0.031706 0.022195
v -0.028730 -0.035247 0.023459
v -0.023118 -0.035612 0.024755
v -0.017815 -0.027203 0.017311
v -0.018135 -0.028975 0.019589
v -0.015022 -0.029386 0.019166
v -0.013869 -0.027039 0.015336
v -0.010430 -0.026940 0.015481
v -0.010650 -0.029547 0.019305
v -0.016100 -0.031642 0.021690
v -0.016537 -0.035080 0.024250
v -0.017264 -0.038811 0.026618
v -0.011581 -0.032296 0.022368
v -0.011792 -0.035304 0.024637
v -0.013410 -0.039863 0.027479
v -0.031781 -0.039391 0.024854
v -0.024409 -0.040336 0.027132
v -0.025089 -0.045625 0.029414
v -0.036514 -0.052301 0.029202
v -0.025891 -0.049209 0.030486
v -0.027209 -0.053367 0.031336
v -0.022227 -0.060834 0.033560
v -0.019103 -0.042223 0.028398
v -0.014275 -0.045538 0.030140
v -0.018172 -0.046222 0.030055
v -0.013980 -0.051783 0.032386
v -0.019360 -0.055331 0.032586
v -0.005515 -0.057175 0.035757
v -0.030032 -0.071094 0.034309
v -0.040287 -0.081252 0.034221
v -0.024523 -0.067005 0.034425
v -0.018557 -0.068370 0.035713
v -0.029491 -0.079305 0.034830
v -0.025375 -0.073490 0.035090
v -0.022114 -0.077934 0.035797
v -0.027824 -0.084637 0.034992
v -0.070985 -0.088342 0.010342
v -0.070417 -0.083508 0.010984
v -0.070164 -0.096377 0.011022
v -0.067910 -0.092508 0.011320
v -0.057893 -0.093994 0.007370
v -0.070765 -0.101096 0.010403
v -0.070877 -0.097760 0.010493
v -0.067728 -0.107038 0.007013
v -0.065992 -0.084608 0.020632
v -0.067500 -0.090040 0.021968
v -0.063798 -0.082116 0.019312
v -0.066811 -0.093066 0.020678
v -0.065810 -0.090178 0.020297
v -0.068932 -0.099670 0.024152
v -0.068306 -0.090250 0.024027
v -0.068765 -0.101546 0.021472
v -0.063746 -0.091810 0.018746
v -0.063799 -0.089530 0.019308
v -0.066374 -0.100798 0.015177
v -0.065630 -0.098229 0.016837
v -0.064025 -0.098494 0.018544
v -0.064041 -0.097455 0.018945
v -0.066511 -0.098986 0.019634
v -0.063981 -0.101232 0.018844
v -0.067626 -0.101788 0.019772
v -0.070673 -0.108920 0.009794
v -0.070827 -0.104896 0.010507
v -0.070729 -0.109164 0.010820
v -0.070156 -0.111187 0.011179
v -0.070734 -0.113606 0.010521
v -0.068191 -0.112521 0.011472
v -0.067092 -0.112674 0.012212
v -0.067727 -0.107752 0.011495
v -0.067208 -0.106185 0.011951
v -0.066783 -0.108923 0.013027
v -0.065914 -0.113164 0.015649
v -0.064789 -0.115394 0.017156
v -0.064206 -0.108804 0.017833
v -0.067581 -0.117694 0.011806
v -0.069580 -0.121853 0.011546
v -0.067997 -0.124479 0.011516
v -0.069749 -0.124969 0.011337
v -0.071533 -0.119367 0.020724
v -0.071535 -0.118382 0.021046
v -0.069641 -0.115208 0.019426
v -0.071222 -0.120631 0.019934
v -0.069964 -0.118878 0.020190
v -0.071928 -0.119867 0.021731
v -0.066844 -0.118614 0.012617
v -0.067705 -0.115006 0.018598
v -0.068110 -0.116977 0.019101
v -0.064730 -0.117577 0.018756
v -0.064738 -0.115703 0.018587
v -0.070006 -0.120120 0.019953
v -0.070336 -0.120976 0.019115
v -0.067510 -0.121073 0.019715
v -0.064686 -0.120113 0.019475
v -0.067853 -0.122013 0.018982
v -0.064998 -0.121848 0.019653
v -0.067832 -0.092555 0.027248
v -0.068874 -0.103719 0.025221
v -0.065209 -0.104146 0.017004
v -0.066548 -0.105844 0.018788
v -0.068011 -0.109733 0.018860
v -0.068883 -0.107531 0.019784
v -0.069655 -0.107698 0.021363
v -0.069932 -0.110027 0.022963
v -0.063979 -0.100904 0.018229
v -0.063907 -0.104766 0.018263
v -0.064168 -0.106679 0.018645
v -0.064507 -0.109430 0.018608
v -0.066266 -0.112158 0.018413
v -0.064080 -0.108371 0.018488
v -0.064024 -0.112937 0.018410
v -0.064215 -0.110040 0.018420
v -0.064329 -0.112887 0.018647
v -0.067524 -0.105126 0.026960
v -0.069363 -0.111114 0.024704
v -0.066932 -0.097253 0.028539
v -0.070690 -0.114461 0.020900
v -0.070679 -0.115065 0.022699
v -0.070114 -0.115109 0.023729
v -0.066745 -0.109012 0.027285
v -0.071426 -0.118601 0.022403
v -0.069849 -0.118683 0.023422
v -0.064219 -0.115066 0.018213
v -0.066367 -0.121312 0.022917
v -0.065472 -0.116224 0.025823
v -0.063963 -0.123872 0.021495
v -0.060495 -0.115797 0.026572
v -0.065035 -0.111335 0.027768
v -0.060344 -0.110420 0.029186
v -0.059281 -0.107084 0.007022
v -0.056630 -0.106867 0.007976
v -0.054348 -0.095965 0.010460
v -0.053651 -0.110324 0.010746
v -0.051892 -0.115010 0.010936
v -0.059508 -0.114696 0.007009
v -0.060518 -0.116355 0.006756
v -0.057201 -0.115166 0.007511
v -0.056013 -0.114163 0.008472
v -0.055240 -0.116326 0.008486
v -0.055696 -0.118396 0.007484
v -0.054534 -0.114288 0.010077
v -0.065784 -0.123459 0.015763
v -0.067202 -0.121313 0.012059
v -0.058441 -0.118155 0.006703
v -0.055334 -0.122086 0.006345
v -0.064106 -0.116917 0.018332
v -0.064622 -0.117894 0.018140
v -0.064419 -0.118775 0.018738
v -0.064759 -0.122045 0.019443
v -0.065351 -0.123434 0.016901
v -0.064431 -0.120588 0.019312
v -0.066044 -0.123165 0.019006
v -0.053577 -0.116155 0.009996
v -0.053246 -0.118242 0.008436
v -0.051223 -0.117429 0.009999
v -0.052715 -0.115604 0.010677
v -0.048643 -0.116967 0.010473
v -0.035342 -0.118865 0.008017
v -0.050361 -0.119130 0.008094
v -0.028796 -0.115376 0.010795
v -0.052533 -0.121215 0.007124
v -0.053282 -0.123895 0.006702
v -0.052813 -0.119407 0.007723
v -0.052388 -0.128569 0.006855
v -0.051032 -0.122305 0.006966
v -0.035659 -0.119914 0.007367
v -0.046617 -0.129992 0.006836
v -0.058767 -0.121247 0.024185
v -0.053331 -0.117360 0.027853
v -0.049553 -0.120003 0.027836
v -0.054262 -0.125153 0.023246
v -0.067559 -0.077172 0.024117
v -0.067872 -0.081209 0.025552
v -0.067118 -0.078228 0.027780
v -0.067929 -0.087084 0.026647
v -0.066445 -0.084783 0.029339
v -0.062324 -0.081542 0.032366
v -0.066231 -0.089535 0.029685
v -0.063646 -0.090860 0.031769
v -0.060002 -0.088872 0.033075
v -0.064108 -0.095351 0.031024
v -0.059401 -0.098547 0.032359
v -0.054931 -0.093725 0.033562
v -0.054496 -0.098587 0.033209
v -0.058661 -0.083016 0.033290
v -0.054766 -0.084643 0.033739
v -0.050256 -0.083082 0.033726
v -0.047260 -0.089142 0.034234
v -0.064384 -0.101770 0.029873
v -0.063888 -0.106156 0.029501
v -0.060722 -0.106417 0.030575
v -0.061032 -0.103104 0.031321
v -0.056390 -0.102274 0.032326
v -0.036152 -0.087223 0.034788
v -0.038245 -0.092667 0.034640
v -0.049476 -0.094223 0.034091
v -0.045946 -0.101993 0.033508
v -0.028761 -0.090362 0.034686
v -0.033260 -0.103002 0.033419
v -0.039693 -0.104155 0.033523
v -0.054724 -0.110486 0.030268
v -0.049850 -0.107393 0.032012
v -0.042472 -0.110059 0.032441
v -0.051106 -0.113780 0.029926
v -0.045385 -0.121997 0.027906
v -0.046024 -0.124933 0.026188
v -0.044350 -0.115452 0.030696
v -0.038679 -0.120019 0.029762
v -0.039223 -0.124779 0.027453
v -0.040215 -0.113423 0.031748
v -0.030470 -0.117301 0.031323
v -0.034459 -0.110321 0.032536
v -0.070577 -0.128049 0.014016
v -0.070072 -0.127810 0.013067
v -0.068840 -0.126099 0.013535
v -0.068892 -0.128006 0.012207
v -0.070054 -0.123429 0.016234
v -0.067464 -0.125202 0.014517
v -0.068857 -0.122746 0.016875
v -0.070783 -0.124535 0.016725
v -0.070603 -0.127515 0.016636
v -0.071601 -0.121667 0.020169
v -0.071494 -0.121853 0.020869
v -0.070732 -0.121653 0.021835
v -0.070915 -0.124334 0.018944
v -0.069585 -0.128435 0.016882
v -0.070324 -0.124186 0.020055
v -0.067621 -0.124924 0.020347
v -0.068957 -0.127766 0.011649
v -0.067904 -0.127015 0.012044
v -0.067096 -0.124802 0.012041
v -0.066535 -0.125433 0.014047
v -0.067588 -0.126660 0.013084
v -0.066814 -0.125231 0.014821
v -0.066291 -0.124645 0.015522
v -0.067296 -0.129925 0.015401
v -0.060953 -0.134049 0.012809
v -0.061903 -0.131423 0.015811
v -0.065559 -0.123400 0.018637
v -0.064775 -0.127823 0.018197
v -0.059752 -0.128109 0.019970
v -0.057655 -0.131097 0.017908
v -0.055800 -0.135810 0.011242
v -0.058091 -0.134664 0.013081
v -0.055959 -0.134337 0.014138
v -0.054455 -0.132065 0.007631
v -0.050588 -0.132576 0.008088
v -0.051998 -0.133010 0.007753
v -0.050568 -0.131346 0.007468
v -0.048032 -0.131469 0.007558
v -0.049019 -0.133784 0.007870
v -0.050494 -0.135794 0.009990
v -0.048541 -0.135008 0.013729
v -0.054876 -0.131712 0.018158
v -0.052705 -0.133620 0.016562
v -0.047247 -0.134170 0.016507
v -0.047470 -0.131146 0.020520
v -0.051957 -0.128171 0.021858
v -0.043654 -0.127714 0.024727
v 0.012727 0.039196 0.000880
v 0.013665 0.039008 0.001410
v 0.014651 0.040392 0.002451
v 0.015265 0.041523 0.004415
v 0.013973 0.038752 0.002712
v 0.015498 0.040643 0.005399
v 0.015592 0.042061 0.007458
v 0.047762 0.039446 0.000469
v 0.046251 0.025295 0.000463
v 0.046007 0.036691 0.000716
v 0.016433 0.042600 0.014692
v 0.058048 0.065996 0.001945
v 0.047118 0.064966 0.001399
v 0.047040 0.066343 0.002511
v 0.045986 0.063369 0.001214
v 0.044739 0.064163 0.002867
v 0.045323 0.065542 0.002817
v 0.045758 0.066828 0.004859
v 0.044738 0.059577 0.002005
v 0.044409 0.063924 0.005171
v 0.047123 0.061261 0.000617
v 0.047188 0.063469 0.000809
v 0.045607 0.057276 0.001108
v 0.065128 0.063102 0.000445
v 0.046901 0.054333 0.000455
v 0.044575 0.049191 0.002228
v 0.058879 0.064483 0.000911
v 0.047096 0.066853 0.003571
v 0.044838 0.066060 0.005863
v 0.044798 0.068346 0.021120
v 0.044408 0.060339 0.010345
v 0.044344 0.055039 0.008606
v 0.044422 0.057600 0.009508
v 0.044521 0.062540 0.013099
v 0.044847 0.059642 0.010811
v 0.046076 0.060280 0.011830
v 0.045215 0.058328 0.010409
v 0.049460 0.059468 0.010971
v 0.047643 0.057099 0.010171
v 0.051692 0.057813 0.010192
v 0.047850 0.054300 0.009912
v 0.045526 0.069571 0.021333
v 0.047080 0.070286 0.020949
v 0.045088 0.061832 0.013991
v 0.045426 0.060852 0.012460
v 0.046446 0.061662 0.014487
v 0.049914 0.060965 0.012767
v 0.044744 0.063163 0.017941
v 0.045557 0.062305 0.017488
v 0.055935 0.061314 0.013918
v 0.066784 0.065074 0.001075
v 0.066053 0.066318 0.002235
v 0.066474 0.066980 0.004856
v 0.066836 0.069617 0.018051
v 0.053403 0.054840 0.009729
v 0.056406 0.056843 0.010014
v 0.057312 0.058890 0.010809
v 0.057092 0.053214 0.009739
v 0.057728 0.056516 0.010174
v 0.056900 0.060030 0.011581
v 0.058201 0.059247 0.011655
v 0.057957 0.060955 0.014196
v 0.057879 0.053805 0.010016
v 0.058210 0.054412 0.010525
v 0.058424 0.059765 0.013191
v 0.044948 0.041437 0.001440
v 0.044235 0.033829 0.002953
v 0.044253 0.042973 0.008786
v 0.044382 0.051733 0.009106
v 0.044773 0.025667 0.001427
v 0.044100 0.024893 0.007717
v 0.044523 0.031851 0.009577
v 0.044728 0.041330 0.009681
v 0.045609 0.038330 0.009991
v 0.048107 0.043607 0.010042
v 0.048701 0.030966 0.009916
v 0.044722 0.054161 0.009498
v 0.045411 0.055355 0.009904
v 0.045564 0.047883 0.010039
v 0.055529 0.045863 0.009782
v 0.057882 0.044982 0.010178
v 0.056565 0.031746 0.009709
v 0.058178 0.049689 0.010404
v 0.058459 0.053352 0.016960
v 0.058129 0.038165 0.010949
v 0.058356 0.038871 0.021541
v 0.053335 0.039368 0.009705
v 0.057842 0.037239 0.010113
v 0.010919 0.038011 0.000904
v 0.010867 0.036592 0.001916
v 0.012561 0.037596 0.001226
v 0.012128 0.036711 0.002300
v 0.011294 0.036349 0.002456
v 0.010432 0.035543 0.005152
v 0.010994 0.036081 0.004213
v 0.011540 0.035991 0.005879
v 0.009301 0.033880 0.005729
v 0.055302 0.015316 0.000287
v 0.046093 0.016053 0.000460
v 0.044392 0.021957 0.001931
v 0.043937 0.013734 0.004584
v 0.044401 0.016483 0.001592
v 0.046478 0.013636 0.000656
v 0.045249 0.013216 0.001300
v 0.044438 0.014298 0.001954
v 0.044473 0.012622 0.002864
v 0.045246 0.011543 0.002754
v 0.046897 0.011432 0.001756
v 0.044597 0.011036 0.007337
v 0.016039 0.041258 0.012476
v 0.017137 0.042307 0.021260
v 0.017258 0.042528 0.025992
v 0.016915 0.041978 0.028600
v 0.045471 0.027995 0.009903
v 0.044409 0.026108 0.008966
v 0.044599 0.022221 0.009282
v 0.047585 0.022091 0.009627
v 0.045519 0.022772 0.009641
v 0.054771 0.022556 0.009328
v 0.049707 0.020353 0.009875
v 0.044448 0.020029 0.009589
v 0.043976 0.018691 0.008651
v 0.044616 0.018615 0.010578
v 0.045311 0.020193 0.010000
v 0.043990 0.015983 0.011543
v 0.044094 0.009962 0.017679
v 0.046481 0.010622 0.003696
v 0.044036 0.013400 0.019282
v 0.044305 0.015248 0.016604
v 0.045730 0.018432 0.011087
v 0.044515 0.016964 0.012185
v 0.045206 0.017160 0.012622
v 0.050811 0.017175 0.012693
v 0.051469 0.019166 0.010353
v 0.052282 0.017712 0.011568
v 0.045196 0.016309 0.015263
v 0.046883 0.016092 0.016920
v 0.055774 0.015545 0.018769
v 0.045135 0.015168 0.020906
v 0.044484 0.014169 0.022611
v 0.046803 0.015051 0.022490
v 0.045450 0.013934 0.026940
v 0.045008 0.008184 0.019619
v 0.046238 0.006191 0.027309
v 0.043960 0.011811 0.027875
v 0.044194 0.006714 0.032703
v 0.044629 0.013408 0.027653
v 0.045747 0.014314 0.029340
v 0.047855 0.013935 0.027303
v 0.048159 0.014893 0.030250
v 0.044391 0.013834 0.029814
v 0.045294 0.004938 0.035655
v 0.065987 0.007595 0.017955
v 0.047333 0.004543 0.035813
v 0.067058 0.059070 0.000355
v 0.066580 0.037758 0.000318
v 0.068197 0.063182 0.000719
v 0.068150 0.065392 0.002063
v 0.069094 0.063392 0.001834
v 0.069328 0.060768 0.001559
v 0.068017 0.053352 0.000610
v 0.067838 0.066421 0.003768
v 0.069051 0.065448 0.004163
v 0.069662 0.063423 0.004465
v 0.068613 0.069321 0.019414
v 0.069484 0.067475 0.015765
v 0.068968 0.048232 0.001442
v 0.068937 0.057645 0.001436
v 0.069500 0.054497 0.002717
v 0.069465 0.046205 0.008607
v 0.069404 0.044271 0.003258
v 0.068061 0.038169 0.000714
v 0.069138 0.038013 0.002078
v 0.066108 0.017312 0.000235
v 0.067530 0.022374 0.000562
v 0.067708 0.030589 0.000676
v 0.068573 0.030612 0.001415
v 0.069268 0.029755 0.003226
v 0.068914 0.022034 0.001924
v 0.057708 0.029699 0.010031
v 0.058057 0.029600 0.010625
v 0.058228 0.030049 0.019209
v 0.069178 0.021422 0.009115
v 0.069613 0.036121 0.023714
v 0.052468 0.012436 0.000893
v 0.053680 0.011039 0.002121
v 0.058531 0.011756 0.001289
v 0.064494 0.013221 0.000473
v 0.061478 0.010740 0.002279
v 0.057031 0.025800 0.009665
v 0.056083 0.020178 0.009831
v 0.057937 0.025085 0.010269
v 0.057444 0.021735 0.009682
v 0.057934 0.020899 0.010573
v 0.056373 0.016881 0.013331
v 0.056586 0.017794 0.011621
v 0.068736 0.016890 0.001794
v 0.067018 0.015648 0.000493
v 0.066764 0.013074 0.000839
v 0.068136 0.013899 0.001610
v 0.068979 0.013082 0.003697
v 0.069204 0.018660 0.003686
v 0.069163 0.012464 0.007297
v 0.066099 0.010459 0.003280
v 0.065673 0.012028 0.001055
v 0.066081 0.011062 0.001951
v 0.067630 0.011893 0.001965
v 0.067732 0.011194 0.002918
v 0.068570 0.011215 0.005872
v 0.067251 0.010576 0.003827
v 0.067712 0.009175 0.011857
v 0.058158 0.022099 0.017331
v 0.057998 0.017480 0.015082
v 0.058267 0.018595 0.024524
v 0.057268 0.015927 0.018772
v 0.057819 0.019244 0.011192
v 0.057417 0.017261 0.013159
v 0.057908 0.016508 0.019614
v 0.058102 0.015943 0.022475
v 0.057241 0.015244 0.021515
v 0.057501 0.015023 0.023759
v 0.057949 0.015829 0.024992
v 0.069274 0.010621 0.020617
v 0.068762 0.009270 0.017681
v 0.067738 0.006588 0.025546
v 0.055251 0.014022 0.026606
v 0.056738 0.018966 0.010456
v 0.057104 0.014162 0.026792
v -0.048367 -0.135863 0.003655
v -0.046609 -0.134555 0.005153
v -0.045926 -0.135205 0.004422
v -0.047388 -0.136957 0.005378
v -0.046340 -0.136167 0.005200
v -0.045324 -0.135859 0.004725
v -0.013572 -0.043216 0.005704
v -0.013128 -0.046934 0.005104
v -0.013593 -0.049804 0.005612
v -0.010707 -0.029112 0.004328
v -0.007650 -0.028300 0.004957
v -0.009912 -0.030741 0.004905
v -0.008184 -0.027144 0.005282
v -0.013594 -0.032496 0.005258
v -0.012991 -0.033923 0.005008
v -0.013525 -0.035787 0.005385
v -0.013318 -0.034017 0.006452
v -0.008255 -0.030418 0.005449
v -0.006105 -0.029654 0.005603
v -0.008846 -0.031867 0.005221
v -0.008454 -0.031142 0.006331
v -0.008682 -0.033187 0.006486
v -0.008794 -0.038607 0.005471
v -0.009182 -0.043623 0.005206
v -0.008728 -0.035904 0.006441
v -0.006275 -0.036887 0.006761
v -0.010921 -0.025159 0.007121
v -0.005691 -0.024205 0.009708
v -0.006322 -0.024856 0.008031
v -0.006777 -0.025830 0.006564
v -0.008235 -0.024659 0.012372
v -0.003630 -0.027163 0.005475
v -0.002606 -0.028673 0.005608
v 0.000784 -0.027654 0.005788
v -0.002317 -0.029315 0.006419
v -0.006666 -0.030416 0.006576
v -0.002330 -0.024477 0.007961
v -0.003009 -0.023950 0.008933
v 0.002896 -0.025249 0.007017
v -0.002235 -0.031732 0.006662
v -0.013292 -0.035638 0.006514
v -0.013476 -0.037814 0.006732
v -0.013271 -0.037832 0.006420
v -0.013504 -0.039747 0.006347
v -0.012807 -0.039263 0.007119
v -0.012963 -0.039608 0.007700
v -0.011114 -0.040795 0.008408
v -0.013221 -0.041941 0.006154
v -0.013022 -0.042270 0.010376
v -0.012119 -0.043658 0.010627
v -0.011008 -0.040700 0.009094
v -0.010963 -0.041123 0.009721
v -0.012695 -0.058648 0.005042
v -0.008937 -0.040982 0.006177
v -0.008885 -0.042978 0.006178
v -0.008869 -0.038285 0.006685
v -0.007726 -0.038119 0.007078
v -0.009027 -0.039413 0.007666
v -0.009374 -0.039725 0.007336
v -0.009997 -0.041927 0.006912
v -0.006847 -0.039751 0.008141
v -0.012809 -0.046278 0.006299
v -0.011483 -0.042172 0.006319
v -0.010299 -0.043690 0.006175
v -0.009099 -0.046864 0.006194
v -0.008692 -0.044746 0.005767
v -0.008614 -0.048613 0.005790
v -0.006199 -0.041251 0.009920
v -0.003803 -0.043014 0.010698
v 0.004300 -0.026746 0.006192
v 0.005044 -0.027786 0.006588
v 0.012422 -0.035875 0.006600
v 0.014171 -0.037592 0.006889
v 0.016615 -0.039021 0.007618
v 0.022282 -0.040933 0.009903
v 0.004763 -0.042228 0.010531
v -0.010132 -0.078969 0.010634
v -0.013543 -0.093229 0.005861
v -0.013059 -0.094058 0.006415
v -0.013274 -0.089752 0.006311
v -0.013485 -0.049592 0.006220
v -0.013143 -0.054136 0.006441
v -0.008947 -0.051868 0.006210
v -0.013584 -0.056957 0.006011
v -0.012552 -0.057327 0.006480
v -0.013524 -0.062072 0.005504
v -0.013394 -0.062514 0.006273
v -0.008626 -0.052159 0.005697
v -0.008943 -0.054947 0.005393
v -0.008794 -0.055250 0.006147
v -0.008986 -0.061715 0.005423
v -0.008954 -0.060107 0.006190
v -0.008598 -0.056968 0.005795
v -0.008562 -0.060391 0.005739
v -0.009982 -0.075754 0.005327
v -0.013055 -0.071048 0.005232
v -0.009183 -0.067239 0.005386
v -0.013404 -0.065909 0.006325
v -0.010269 -0.067669 0.006645
v -0.008597 -0.071122 0.005828
v -0.008773 -0.064216 0.006094
v -0.013389 -0.068641 0.005483
v -0.013346 -0.069009 0.006154
v -0.012475 -0.069732 0.006423
v -0.008801 -0.068066 0.006455
v -0.008719 -0.071869 0.006419
v -0.000822 -0.114226 0.010665
v -0.013288 -0.071728 0.006211
v -0.013597 -0.074238 0.005805
v -0.013218 -0.075808 0.006208
v -0.013227 -0.076104 0.005495
v -0.013589 -0.077705 0.005769
v -0.013057 -0.079808 0.005365
v -0.013458 -0.080092 0.005781
v -0.013442 -0.085837 0.005856
v -0.013255 -0.081177 0.006247
v -0.011331 -0.079383 0.006345
v -0.009321 -0.075397 0.006662
v -0.011333 -0.082895 0.006466
v -0.009312 -0.081611 0.005613
v -0.008698 -0.076183 0.006467
v -0.009035 -0.081855 0.006683
v -0.008679 -0.083804 0.006195
v -0.015105 -0.084577 0.010728
v -0.015581 -0.096431 0.010751
v -0.013000 -0.089352 0.005393
v -0.013197 -0.085199 0.006242
v -0.012202 -0.083740 0.006567
v -0.012340 -0.093926 0.005311
v -0.008973 -0.087250 0.006778
v -0.009241 -0.091549 0.006798
v 0.025975 -0.042727 0.010505
v 0.046290 -0.078717 0.010293
v -0.009130 -0.088192 0.005768
v -0.008728 -0.090235 0.006468
v -0.008834 -0.092264 0.005921
v -0.008861 -0.093048 0.006823
v -0.010983 -0.096308 0.006652
v -0.008665 -0.094443 0.006346
v 0.047229 -0.105464 0.010208
v 0.048329 -0.091435 0.009835
v 0.050766 -0.090962 0.007219
v 0.049031 -0.102261 0.009383
v 0.050894 -0.112546 0.007353
v 0.051731 -0.098852 0.006723
v 0.049099 -0.112013 0.009451
v -0.002521 -0.023447 0.011010
v 0.001400 -0.023674 0.010123
v 0.000432 -0.023947 0.015497
v 0.002922 -0.023587 0.013005
v 0.003672 -0.023860 0.008700
v 0.004623 -0.023397 0.009967
v 0.008860 -0.023819 0.008473
v 0.009300 -0.025904 0.006793
v 0.011299 -0.026751 0.006923
v 0.009866 -0.023366 0.010322
v 0.012494 -0.023797 0.009009
v 0.003960 -0.024416 0.017059
v 0.008376 -0.024116 0.014391
v 0.015649 -0.023957 0.011127
v 0.011137 -0.025357 0.018545
v -0.005194 -0.024428 0.012252
v -0.006954 -0.026673 0.016851
v -0.005209 -0.025180 0.014637
v -0.002405 -0.024146 0.014163
v -0.001871 -0.026421 0.018329
v -0.004998 -0.028348 0.020350
v -0.007741 -0.031457 0.022868
v -0.004654 -0.031217 0.023897
v 0.000567 -0.025506 0.018279
v 0.000006 -0.028679 0.021977
v 0.003589 -0.026124 0.020123
v 0.004008 -0.032032 0.026194
v -0.005982 -0.036620 0.027234
v -0.001707 -0.034518 0.027191
v 0.001702 -0.039130 0.030709
v -0.004710 -0.041240 0.029924
v 0.010075 -0.027140 0.022289
v 0.006081 -0.028697 0.023590
v 0.011258 -0.031531 0.027415
v 0.011563 -0.029113 0.025175
v 0.020576 -0.031626 0.028983
v 0.005891 -0.035072 0.028733
v 0.008501 -0.038705 0.031455
v 0.002936 -0.043214 0.032787
v 0.013572 -0.035154 0.030492
v 0.015457 -0.028623 0.006516
v 0.014576 -0.024856 0.007668
v 0.017794 -0.024182 0.008129
v 0.018924 -0.025373 0.008032
v 0.018969 -0.027573 0.006647
v 0.023492 -0.026530 0.006999
v 0.033159 -0.027852 0.006394
v 0.015704 -0.023798 0.009262
v 0.019055 -0.023242 0.009522
v 0.022381 -0.022501 0.010122
v 0.024785 -0.022934 0.009526
v 0.025017 -0.024712 0.009107
v 0.020811 -0.022955 0.010128
v 0.021838 -0.023510 0.011280
v 0.023994 -0.023217 0.011578
v 0.025519 -0.022654 0.010417
v 0.019227 -0.024667 0.014387
v 0.036420 -0.026410 0.006824
v 0.028970 -0.025827 0.007491
v 0.028291 -0.023580 0.010063
v 0.027954 -0.024690 0.009785
v 0.030035 -0.025107 0.008598
v 0.034167 -0.025045 0.008381
v 0.019566 -0.025818 0.018904
v 0.015894 -0.026707 0.021909
v 0.023896 -0.023193 0.012537
v 0.021445 -0.024504 0.015505
v 0.026630 -0.022638 0.014899
v 0.021927 -0.025790 0.019263
v 0.025718 -0.024267 0.017850
v 0.021786 -0.027484 0.023017
v 0.026580 -0.028447 0.025915
v 0.026041 -0.022767 0.013177
v 0.028126 -0.023457 0.012560
v 0.029495 -0.024419 0.010490
v 0.028692 -0.023243 0.010953
v 0.028579 -0.022482 0.014045
v 0.031531 -0.022768 0.012953
v 0.032920 -0.022457 0.012207
v 0.031156 -0.023220 0.010986
v 0.030680 -0.024873 0.010227
v 0.032957 -0.024282 0.011605
v 0.034059 -0.024718 0.011099
v 0.034989 -0.024701 0.010116
v 0.035970 -0.022663 0.012606
v 0.035548 -0.022244 0.013261
v 0.034994 -0.023952 0.012645
v 0.035843 -0.024808 0.012374
v 0.036711 -0.025582 0.011240
v 0.035679 -0.024639 0.012941
v 0.034134 -0.028052 0.013004
v 0.033240 -0.027721 0.013230
v 0.033232 -0.028120 0.013397
v 0.033810 -0.027602 0.014072
v 0.033786 -0.027939 0.014286
v 0.033954 -0.027613 0.013155
v 0.034351 -0.028313 0.013556
v 0.035569 -0.027771 0.013178
v 0.035263 -0.027205 0.014525
v 0.034808 -0.028000 0.014623
v 0.036476 -0.028474 0.014470
v 0.031018 -0.022912 0.015793
v 0.031920 -0.022671 0.014831
v 0.032013 -0.025577 0.022258
v 0.037622 -0.021926 0.013713
v 0.037353 -0.023950 0.014099
v 0.036524 -0.022252 0.016242
v 0.037967 -0.021410 0.015280
v 0.038003 -0.023174 0.019777
v 0.038189 -0.022088 0.017186
v 0.035562 -0.027331 0.015182
v 0.033435 -0.036258 0.006455
v 0.020414 -0.029173 0.026095
v 0.014988 -0.039694 0.033042
v 0.037291 -0.024662 0.021929
v 0.032564 -0.028454 0.026008
v 0.037454 -0.029131 0.025929
v 0.024620 -0.031425 0.029039
v 0.019553 -0.035186 0.031244
v 0.023150 -0.034801 0.031182
v 0.018998 -0.039352 0.033213
v 0.011744 -0.048908 0.036260
v 0.022488 -0.041291 0.033919
v 0.017529 -0.049511 0.036903
v 0.026409 -0.037004 0.031808
v 0.022234 -0.047484 0.036191
v 0.031243 -0.032201 0.028527
v 0.030389 -0.038123 0.032131
v 0.033535 -0.031413 0.027908
v 0.036696 -0.034544 0.030288
v 0.036990 -0.038251 0.032481
v 0.029982 -0.042952 0.034287
v 0.028925 -0.047426 0.035867
v 0.036478 -0.042108 0.033813
v 0.034858 -0.049578 0.035852
v -0.010614 -0.045848 0.030924
v -0.004954 -0.047701 0.032583
v -0.005670 -0.063378 0.037508
v 0.004371 -0.060427 0.038292
v -0.016762 -0.077657 0.036810
v -0.010784 -0.073962 0.038090
v -0.017067 -0.086268 0.036964
v -0.010460 -0.083137 0.038032
v -0.006648 -0.068956 0.038371
v -0.004528 -0.073394 0.039135
v -0.000550 -0.068951 0.039168
v 0.000643 -0.065095 0.038733
v 0.006350 -0.065787 0.039749
v 0.003556 -0.069980 0.039812
v 0.000362 -0.075386 0.039536
v -0.004756 -0.079016 0.039096
v -0.001864 -0.083635 0.039173
v 0.007455 -0.084022 0.040695
v 0.012937 -0.079233 0.041123
v 0.013918 -0.088551 0.041289
v 0.013093 -0.058647 0.038974
v 0.020127 -0.058225 0.038853
v 0.028612 -0.056836 0.037853
v 0.016989 -0.068406 0.040442
v 0.026586 -0.065367 0.039433
v 0.021843 -0.077445 0.040937
v 0.017932 -0.086092 0.041410
v 0.026741 -0.087423 0.040314
v 0.045533 -0.034664 0.006338
v 0.044560 -0.037016 0.006634
v 0.054556 -0.027303 0.000730
v 0.052642 -0.028486 0.001158
v 0.052646 -0.027525 0.001750
v 0.054063 -0.029558 0.000238
v 0.050414 -0.028414 0.003820
v 0.051788 -0.030942 0.001641
v 0.050418 -0.032760 0.003713
v 0.049842 -0.030810 0.004126
v 0.052971 -0.030916 0.000628
v 0.052756 -0.033598 0.001057
v 0.051527 -0.035027 0.003412
v 0.049083 -0.034736 0.005290
v 0.053133 -0.034877 0.001551
v 0.051063 -0.036821 0.005006
v 0.052983 -0.037130 0.004036
v 0.051850 -0.024865 0.007647
v 0.042061 -0.025385 0.007540
v 0.041872 -0.024737 0.009077
v 0.048174 -0.025473 0.007202
v 0.045862 -0.024850 0.009685
v 0.039391 -0.020830 0.016139
v 0.042704 -0.021715 0.015229
v 0.041999 -0.021300 0.015559
v 0.038526 -0.024782 0.010337
v 0.038249 -0.025980 0.011339
v 0.037914 -0.025829 0.012465
v 0.042018 -0.024929 0.010455
v 0.040381 -0.026318 0.011287
v 0.042549 -0.026369 0.010930
v 0.039848 -0.026685 0.012616
v 0.037157 -0.027873 0.013033
v 0.046404 -0.026293 0.006635
v 0.045733 -0.027948 0.006202
v 0.040590 -0.022607 0.014244
v 0.036128 -0.025644 0.013629
v 0.036512 -0.025925 0.013418
v 0.036441 -0.025230 0.013975
v 0.036260 -0.026736 0.014056
v 0.035791 -0.026869 0.014379
v 0.037882 -0.027150 0.013475
v 0.038412 -0.026260 0.015916
v 0.039539 -0.027765 0.012908
v 0.037977 -0.027591 0.012965
v 0.041565 -0.027381 0.012396
v 0.038680 -0.028230 0.013332
v 0.043118 -0.028028 0.012787
v 0.040742 -0.024240 0.015843
v 0.042844 -0.022890 0.016363
v 0.042700 -0.024941 0.017119
v 0.036121 -0.028292 0.015582
v 0.038776 -0.028582 0.017475
v 0.037870 -0.029043 0.016637
v 0.037478 -0.028671 0.016675
v 0.038434 -0.029242 0.016368
v 0.040216 -0.028836 0.015520
v 0.042450 -0.028736 0.015722
v 0.038755 -0.030077 0.017440
v 0.038792 -0.030375 0.017220
v 0.039243 -0.030906 0.017714
v 0.040794 -0.030590 0.017100
v 0.039621 -0.031293 0.017709
v 0.039466 -0.030851 0.017976
v 0.039376 -0.031013 0.017910
v 0.040249 -0.031968 0.018037
v 0.044199 -0.030144 0.020675
v 0.039483 -0.031036 0.017815
v 0.039674 -0.031652 0.018065
v 0.039979 -0.031868 0.018515
v 0.046285 -0.025529 0.010362
v 0.044664 -0.027149 0.010946
v 0.044391 -0.027930 0.011836
v 0.047496 -0.027011 0.010592
v 0.048464 -0.027694 0.011129
v 0.043985 -0.029605 0.017291
v 0.043937 -0.028896 0.015481
v 0.041401 -0.032249 0.018390
v 0.049036 -0.028440 0.014391
v 0.045171 -0.029977 0.016945
v 0.047198 -0.029461 0.016491
v 0.048786 -0.026678 0.005959
v 0.051481 -0.025702 0.005919
v 0.050663 -0.026987 0.004596
v 0.055466 -0.025050 0.003674
v 0.053417 -0.026158 0.002621
v 0.056177 -0.025822 0.001619
v 0.057919 -0.024641 0.006528
v 0.051338 -0.024995 0.009702
v 0.054250 -0.025571 0.010201
v 0.060972 -0.024952 0.008138
v 0.057618 -0.027175 0.010640
v 0.060506 -0.025498 0.009877
v 0.047708 -0.028677 0.005628
v 0.048890 -0.028451 0.005133
v 0.048478 -0.032783 0.005286
v 0.047165 -0.037232 0.006473
v 0.049497 -0.038025 0.006186
v 0.052952 -0.038662 0.005149
v 0.052667 -0.040106 0.005846
v 0.049730 -0.029224 0.015836
v 0.062336 -0.027716 0.011542
v 0.043855 -0.038529 0.007389
v 0.044188 -0.040210 0.009358
v 0.046283 -0.043707 0.010306
v 0.047488 -0.061777 0.010034
v 0.048398 -0.067694 0.009605
v 0.044351 -0.041541 0.010116
v 0.039712 -0.032863 0.018429
v 0.039803 -0.033800 0.018452
v 0.040020 -0.032588 0.018236
v 0.040205 -0.032656 0.018803
v 0.039644 -0.033949 0.018753
v 0.039811 -0.034847 0.018910
v 0.040953 -0.034550 0.018730
v 0.039958 -0.035464 0.018918
v 0.040839 -0.035984 0.019792
v 0.044383 -0.032470 0.018618
v 0.040102 -0.035253 0.019262
v 0.039936 -0.035770 0.019333
v 0.040145 -0.036280 0.019503
v 0.040205 -0.036216 0.019144
v 0.040159 -0.035429 0.019100
v 0.040079 -0.035882 0.019051
v 0.039826 -0.035997 0.019182
v 0.040830 -0.036648 0.019527
v 0.040675 -0.036614 0.019787
v 0.040722 -0.036976 0.019690
v 0.040547 -0.037534 0.020084
v 0.040533 -0.037606 0.019724
v 0.041902 -0.037054 0.019913
v 0.043899 -0.034136 0.018786
v 0.041274 -0.037381 0.019865
v 0.040834 -0.037833 0.019819
v 0.041154 -0.037744 0.019908
v 0.041019 -0.037593 0.020245
v 0.041186 -0.037639 0.020237
v 0.041271 -0.037743 0.019997
v 0.041174 -0.037550 0.020046
v 0.041754 -0.037493 0.020005
v 0.041453 -0.037710 0.020164
v 0.040808 -0.038120 0.020125
v 0.041160 -0.038076 0.019990
v 0.041007 -0.038367 0.020120
v 0.041063 -0.038400 0.020066
v 0.041055 -0.038063 0.020229
v 0.041310 -0.037808 0.020238
v 0.041065 -0.038436 0.020118
v 0.041371 -0.038491 0.020027
v 0.041746 -0.038215 0.020207
v 0.041752 -0.038510 0.020063
v 0.041942 -0.037972 0.020062
v 0.041286 -0.038794 0.020140
v 0.041289 -0.039308 0.019894
v 0.041565 -0.038688 0.019991
v 0.041325 -0.039149 0.020212
v 0.041839 -0.039022 0.020372
v 0.041070 -0.040140 0.020174
v 0.040957 -0.039541 0.020160
v 0.041412 -0.040544 0.019964
v 0.043456 -0.038621 0.019883
v 0.042041 -0.038858 0.019946
v 0.041812 -0.038748 0.020130
v 0.042544 -0.043890 0.019801
v 0.041361 -0.040819 0.020255
v 0.042775 -0.038311 0.020662
v 0.042383 -0.042151 0.020747
v 0.040856 -0.042690 0.020184
v 0.041057 -0.043182 0.020025
v 0.041143 -0.042407 0.020014
v 0.041026 -0.043368 0.020301
v 0.041290 -0.042518 0.019991
v 0.041424 -0.042624 0.019972
v 0.040944 -0.041272 0.020157
v 0.041158 -0.041838 0.019999
v 0.041254 -0.040974 0.019964
v 0.041063 -0.040977 0.020039
v 0.041544 -0.041157 0.019923
v 0.041337 -0.041022 0.020306
v 0.041517 -0.041411 0.020372
v 0.041437 -0.041143 0.020148
v 0.041111 -0.041914 0.020267
v 0.041133 -0.042460 0.020045
v 0.041316 -0.042751 0.020401
v 0.041292 -0.042578 0.020152
v 0.039244 -0.048578 0.020058
v 0.039796 -0.049782 0.019982
v 0.039434 -0.048407 0.019948
v 0.039330 -0.048921 0.020115
v 0.039710 -0.048718 0.019933
v 0.039805 -0.048547 0.020261
v 0.040073 -0.048674 0.019992
v 0.039989 -0.047889 0.019990
v 0.040088 -0.048234 0.020236
v 0.039433 -0.048583 0.020180
v 0.039671 -0.048995 0.020228
v 0.040380 -0.047992 0.020239
v 0.040298 -0.047649 0.020029
v 0.040197 -0.047411 0.020162
v 0.040414 -0.047317 0.020056
v 0.041553 -0.047505 0.019791
v 0.039937 -0.049142 0.019965
v 0.040197 -0.048114 0.019976
v 0.040247 -0.048198 0.019980
v 0.040502 -0.048539 0.019978
v 0.040023 -0.049069 0.020270
v 0.040781 -0.049166 0.020387
v 0.040812 -0.048675 0.019915
v 0.041061 -0.051364 0.019752
v 0.040598 -0.048588 0.019960
v 0.040646 -0.048660 0.020106
v 0.040235 -0.044453 0.020143
v 0.040299 -0.044764 0.019930
v 0.040526 -0.044300 0.019988
v 0.040539 -0.045114 0.019880
v 0.041021 -0.044852 0.019952
v 0.041366 -0.045007 0.019942
v 0.040504 -0.043713 0.020204
v 0.040686 -0.044242 0.019979
v 0.040845 -0.043493 0.020039
v 0.040648 -0.044183 0.020292
v 0.040801 -0.043899 0.020249
v 0.040588 -0.044554 0.020315
v 0.040323 -0.045089 0.020250
v 0.040994 -0.043903 0.020010
v 0.041237 -0.043964 0.020015
v 0.041311 -0.044054 0.020013
v 0.041657 -0.044411 0.020568
v 0.041191 -0.044007 0.020191
v 0.041000 -0.045032 0.020411
v 0.040872 -0.044718 0.020134
v 0.039928 -0.045486 0.020129
v 0.040164 -0.045560 0.019887
v 0.040214 -0.045035 0.019911
v 0.040364 -0.045041 0.020048
v 0.040471 -0.046591 0.020039
v 0.040424 -0.046600 0.020295
v 0.041858 -0.047350 0.020719
v 0.040813 -0.047371 0.020341
v 0.042364 -0.044564 0.021302
v 0.042505 -0.048990 0.023223
v 0.040234 -0.047319 0.020180
v 0.040728 -0.047289 0.020124
v 0.039182 -0.051609 0.020135
v 0.039292 -0.052076 0.019870
v 0.039466 -0.051467 0.019972
v 0.039483 -0.049399 0.020181
v 0.039543 -0.049341 0.020192
v 0.039858 -0.050088 0.020243
v 0.040179 -0.049450 0.019960
v 0.039523 -0.050474 0.020083
v 0.039833 -0.050567 0.019995
v 0.039808 -0.050688 0.020281
v 0.039902 -0.049410 0.020255
v 0.040232 -0.049485 0.020298
v 0.040331 -0.049436 0.020085
v 0.040294 -0.050968 0.020328
v 0.039527 -0.050812 0.020169
v 0.039618 -0.051129 0.019992
v 0.039651 -0.051488 0.020288
v 0.040090 -0.050789 0.019969
v 0.040231 -0.050830 0.020103
v 0.039667 -0.051421 0.020091
v 0.041156 -0.053156 0.020696
v 0.038889 -0.052435 0.020111
v 0.039182 -0.052875 0.019834
v 0.039299 -0.052205 0.020254
v 0.039929 -0.053743 0.019717
v 0.038830 -0.053576 0.020062
v 0.038701 -0.053657 0.019820
v 0.038822 -0.053426 0.019985
v 0.039074 -0.054187 0.020115
v 0.039273 -0.054202 0.019830
v 0.039147 -0.053476 0.019886
v 0.040611 -0.054856 0.020615
v 0.039313 -0.053511 0.020023
v 0.045984 -0.039179 0.007764
v 0.047697 -0.039704 0.007409
v 0.046194 -0.041167 0.009681
v 0.046935 -0.044021 0.010141
v 0.049098 -0.041742 0.007703
v 0.047445 -0.041948 0.009397
v 0.048220 -0.044060 0.009377
v 0.049717 -0.043882 0.007597
v 0.050643 -0.041967 0.006741
v 0.053223 -0.043328 0.006254
v 0.050722 -0.045310 0.006918
v 0.049950 -0.056172 0.007611
v 0.048418 -0.043192 0.019541
v 0.045081 -0.049028 0.019842
v 0.046378 -0.048505 0.019583
v 0.041558 -0.051009 0.020758
v 0.039731 -0.055216 0.019810
v 0.041004 -0.056090 0.021284
v 0.043125 -0.059555 0.019701
v 0.047164 -0.052194 0.019651
v 0.041938 -0.055607 0.023966
v 0.051713 -0.049181 0.019454
v 0.050022 -0.056566 0.019300
v 0.048744 -0.060173 0.019475
v 0.055960 -0.028559 0.000162
v 0.057949 -0.026955 0.000601
v 0.059484 -0.028715 0.000201
v 0.055283 -0.033863 0.000300
v 0.059337 -0.032978 0.000207
v 0.061128 -0.031173 0.000389
v 0.054953 -0.035565 0.001083
v 0.058298 -0.034959 0.000676
v 0.058022 -0.036106 0.001482
v 0.055449 -0.037923 0.004006
v 0.060664 -0.033725 0.000582
v 0.059992 -0.035372 0.001248
v 0.058848 -0.025644 0.002013
v 0.060340 -0.027204 0.001045
v 0.061552 -0.028577 0.001086
v 0.061415 -0.027096 0.002239
v 0.058875 -0.025273 0.003197
v 0.060318 -0.025960 0.002903
v 0.062948 -0.025592 0.009123
v 0.062523 -0.028881 0.002098
v 0.062566 -0.030941 0.001455
v 0.061786 -0.032649 0.000902
v 0.062493 -0.027795 0.003461
v 0.062987 -0.030940 0.002137
v 0.065005 -0.027616 0.010306
v 0.065579 -0.028973 0.010841
v 0.063782 -0.032914 0.004586
v 0.055561 -0.038950 0.004897
v 0.056247 -0.041108 0.005822
v 0.059531 -0.037941 0.004090
v 0.060868 -0.038869 0.004947
v 0.061746 -0.034661 0.001698
v 0.062510 -0.033128 0.001784
v 0.060158 -0.037017 0.003253
v 0.061961 -0.036901 0.004127
v 0.062834 -0.035320 0.003863
v 0.063595 -0.037130 0.005514
v 0.061061 -0.040848 0.005823
v 0.061903 -0.042799 0.006158
v 0.062592 -0.039541 0.005722
v 0.063888 -0.040236 0.006594
v 0.065061 -0.039745 0.008380
v 0.067214 -0.031413 0.016366
v 0.064481 -0.043809 0.007446
v 0.063521 -0.044349 0.006742
v 0.051389 -0.056356 0.006644
v 0.061862 -0.059159 0.006176
v 0.053551 -0.068115 0.006224
v 0.063982 -0.056421 0.006905
v 0.063308 -0.071665 0.006369
v 0.056334 -0.048967 0.019662
v 0.056451 -0.058209 0.019348
v 0.053708 -0.061654 0.019325
v 0.057570 -0.056609 0.018880
v 0.064714 -0.051793 0.007540
v 0.065511 -0.052911 0.009374
v 0.071108 -0.049398 0.028518
v 0.065279 -0.063790 0.008017
v 0.041730 -0.021192 0.016422
v 0.041492 -0.021643 0.016989
v 0.043140 -0.020676 0.016625
v 0.043229 -0.020621 0.017930
v 0.042525 -0.021116 0.017322
v 0.044094 -0.020629 0.016976
v 0.043693 -0.020102 0.018241
v 0.044635 -0.019696 0.018146
v 0.044993 -0.019623 0.018886
v 0.045023 -0.020852 0.019592
v 0.044547 -0.021551 0.017403
v 0.046202 -0.020173 0.018537
v 0.045144 -0.022161 0.018034
v 0.047655 -0.020144 0.019844
v 0.045909 -0.019124 0.019381
v 0.047067 -0.018976 0.019332
v 0.046772 -0.020104 0.020523
v 0.047567 -0.019198 0.019413
v 0.047311 -0.022230 0.021054
v 0.047120 -0.019056 0.019962
v 0.047685 -0.019283 0.019942
v 0.047412 -0.020273 0.020614
v 0.047634 -0.021301 0.021317
v 0.047430 -0.021590 0.022275
v 0.039931 -0.022188 0.017687
v 0.041938 -0.023100 0.018011
v 0.039310 -0.024658 0.021254
v 0.041090 -0.023497 0.018458
v 0.042761 -0.022143 0.017901
v 0.044088 -0.022603 0.019691
v 0.040455 -0.025181 0.020876
v 0.043042 -0.024595 0.020990
v 0.041389 -0.025228 0.020747
v 0.044551 -0.022347 0.021091
v 0.044410 -0.023211 0.022344
v 0.041722 -0.026455 0.022375
v 0.043178 -0.028312 0.019479
v 0.040351 -0.027164 0.022264
v 0.039523 -0.028318 0.023940
v 0.040249 -0.028393 0.023990
v 0.039551 -0.031727 0.026447
v 0.045578 -0.023589 0.018421
v 0.046377 -0.027108 0.020640
v 0.048413 -0.025731 0.022004
v 0.043334 -0.033012 0.020625
v 0.044279 -0.030911 0.018099
v 0.045606 -0.031586 0.018191
v 0.046958 -0.031239 0.018182
v 0.044861 -0.035502 0.018549
v 0.047164 -0.032635 0.023240
v 0.041894 -0.027447 0.024477
v 0.044088 -0.025390 0.024104
v 0.041788 -0.029639 0.026255
v 0.044952 -0.026787 0.025346
v 0.044118 -0.030777 0.027547
v 0.047973 -0.022896 0.022296
v 0.048600 -0.026792 0.023835
v 0.048352 -0.029488 0.023223
v 0.048819 -0.030347 0.024860
v 0.045398 -0.032933 0.028891
v 0.047660 -0.031168 0.027230
v 0.048427 -0.030110 0.025883
v 0.048731 -0.030538 0.017287
v 0.047864 -0.031665 0.018035
v 0.047290 -0.033304 0.018478
v 0.047072 -0.035433 0.018658
v 0.049604 -0.032139 0.018128
v 0.048052 -0.035247 0.018315
v 0.052157 -0.032246 0.018171
v 0.056503 -0.030419 0.017358
v 0.056920 -0.029100 0.015956
v 0.058246 -0.028190 0.014171
v 0.058325 -0.029332 0.016984
v 0.058539 -0.030567 0.018748
v 0.054132 -0.034782 0.018226
v 0.052544 -0.035497 0.018582
v 0.053758 -0.031038 0.017621
v 0.055074 -0.032613 0.018146
v 0.056445 -0.031771 0.018128
v 0.057567 -0.032788 0.018812
v 0.056393 -0.035922 0.018449
v 0.059287 -0.031955 0.020004
v 0.041623 -0.036706 0.020260
v 0.041840 -0.037392 0.020314
v 0.042032 -0.037749 0.020036
v 0.041898 -0.037408 0.020056
v 0.042053 -0.037821 0.020352
v 0.043929 -0.036005 0.019328
v 0.045381 -0.036622 0.019446
v 0.045253 -0.037200 0.023527
v 0.043315 -0.038907 0.021790
v 0.044497 -0.037138 0.019902
v 0.045238 -0.037739 0.019689
v 0.046899 -0.035738 0.024602
v 0.042098 -0.038019 0.020165
v 0.037899 -0.033652 0.029192
v 0.039554 -0.033573 0.027546
v 0.042934 -0.033978 0.029678
v 0.039519 -0.034784 0.029106
v 0.038129 -0.036009 0.030948
v 0.039417 -0.036195 0.030522
v 0.038022 -0.039187 0.032439
v 0.039143 -0.038091 0.031192
v 0.044101 -0.035312 0.030023
v 0.048104 -0.034838 0.028158
v 0.046238 -0.036408 0.029631
v 0.048079 -0.037914 0.029830
v 0.044045 -0.037556 0.030435
v 0.039673 -0.041429 0.031197
v 0.044319 -0.038564 0.030718
v 0.043378 -0.042951 0.032929
v 0.038719 -0.041161 0.031431
v 0.038363 -0.043738 0.032584
v 0.038852 -0.043767 0.032390
v 0.036753 -0.048663 0.034918
v 0.041825 -0.047559 0.034212
v 0.038790 -0.046838 0.033186
v 0.038199 -0.050335 0.033843
v 0.039001 -0.050516 0.033861
v 0.044098 -0.044036 0.033374
v 0.042631 -0.050369 0.035159
v 0.047236 -0.037010 0.019704
v 0.048297 -0.036693 0.019362
v 0.048527 -0.037785 0.019496
v 0.049802 -0.037014 0.019333
v 0.052452 -0.036800 0.019528
v 0.046582 -0.045813 0.027184
v 0.049009 -0.038500 0.027409
v 0.045562 -0.046365 0.025912
v 0.056024 -0.038294 0.019619
v 0.054942 -0.036705 0.019450
v 0.057428 -0.038024 0.018975
v 0.049095 -0.034710 0.026187
v 0.049001 -0.034843 0.027210
v 0.049485 -0.037454 0.028325
v 0.048528 -0.042587 0.028056
v 0.048012 -0.039769 0.030518
v 0.048610 -0.041457 0.029301
v 0.047638 -0.043325 0.031155
v 0.041713 -0.059516 0.024843
v 0.046921 -0.051152 0.028301
v 0.047632 -0.058066 0.030649
v 0.048013 -0.047750 0.028291
v 0.048129 -0.047050 0.028993
v 0.048085 -0.050983 0.029942
v 0.045650 -0.050140 0.034051
v 0.047319 -0.049995 0.031551
v 0.048115 -0.055274 0.031980
v 0.047267 -0.055308 0.033479
v 0.046444 -0.039804 0.031442
v 0.046389 -0.042242 0.032234
v 0.043706 -0.051343 0.035339
v 0.064432 -0.027722 0.011671
v 0.064193 -0.027058 0.010694
v 0.066303 -0.029322 0.015851
v 0.063418 -0.029568 0.022906
v 0.063021 -0.028890 0.019693
v 0.058514 -0.038270 0.019305
v 0.065201 -0.028838 0.017477
v 0.067107 -0.030116 0.016636
v 0.062130 -0.029931 0.022572
v 0.060389 -0.030775 0.021362
v 0.067152 -0.029181 0.021722
v 0.060119 -0.044625 0.021036
v 0.067980 -0.029505 0.020896
v 0.068874 -0.030443 0.021956
v 0.068180 -0.029737 0.025007
v 0.064382 -0.033096 0.029353
v 0.063899 -0.032124 0.028134
v 0.065780 -0.031820 0.029891
v 0.069037 -0.029854 0.024687
v 0.069960 -0.030693 0.026217
v 0.067237 -0.030750 0.028379
v 0.070554 -0.032804 0.027645
v 0.066817 -0.031826 0.030309
v 0.065749 -0.033123 0.030965
v 0.067282 -0.033031 0.031143
v 0.066770 -0.034627 0.031734
v 0.066024 -0.035458 0.031557
v 0.069697 -0.031004 0.028717
v 0.070369 -0.032041 0.029708
v 0.070768 -0.035228 0.030689
v 0.069362 -0.036471 0.031714
v 0.058920 -0.056086 0.019308
v 0.057636 -0.046582 0.019034
v 0.065725 -0.080736 0.030321
v 0.064988 -0.042297 0.030168
v 0.066626 -0.044842 0.031757
v 0.067438 -0.037244 0.032031
v 0.071096 -0.039745 0.031365
v 0.070166 -0.042785 0.031974
v 0.067891 -0.084283 0.031974
v 0.066033 -0.052378 0.031325
v 0.071396 -0.044632 0.031462
v 0.071420 -0.058314 0.031492
v 0.071498 -0.052524 0.030977
v 0.066930 -0.091064 0.031529
v 0.070290 -0.056199 0.031982
v 0.036411 -0.077112 0.020318
v 0.036811 -0.076434 0.019924
v 0.036435 -0.076561 0.020167
v 0.036443 -0.075846 0.019991
v 0.036004 -0.077866 0.020138
v 0.036239 -0.078868 0.019841
v 0.036691 -0.076744 0.020334
v 0.038857 -0.055422 0.020133
v 0.039017 -0.055519 0.019930
v 0.038978 -0.055132 0.020003
v 0.039087 -0.055870 0.020182
v 0.038852 -0.056714 0.020102
v 0.039466 -0.058016 0.019752
v 0.039239 -0.056400 0.019871
v 0.038411 -0.057667 0.020261
v 0.038136 -0.058494 0.019759
v 0.038642 -0.057403 0.019932
v 0.039405 -0.056052 0.019828
v 0.039250 -0.058418 0.020373
v 0.039014 -0.057529 0.020051
v 0.038045 -0.058592 0.020139
v 0.038757 -0.059358 0.019759
v 0.038558 -0.059488 0.020185
v 0.038751 -0.059955 0.019858
v 0.038383 -0.060108 0.020024
v 0.038757 -0.060642 0.019835
v 0.038623 -0.060967 0.020156
v 0.038781 -0.060157 0.020300
v 0.040650 -0.058836 0.020751
v 0.037290 -0.066163 0.020141
v 0.037278 -0.065619 0.019734
v 0.037149 -0.065470 0.020114
v 0.037317 -0.062786 0.019982
v 0.037744 -0.063338 0.019747
v 0.037571 -0.062724 0.019868
v 0.037548 -0.063321 0.020043
v 0.037450 -0.062804 0.020028
v 0.037885 -0.062739 0.020156
v 0.037779 -0.064156 0.020204
v 0.038346 -0.063808 0.019614
v 0.037829 -0.062362 0.019828
v 0.038606 -0.061792 0.019735
v 0.038412 -0.061809 0.020122
v 0.037933 -0.062744 0.019911
v 0.040036 -0.062680 0.020690
v 0.037628 -0.064249 0.019875
v 0.037624 -0.064920 0.020050
v 0.038663 -0.064879 0.020386
v 0.037757 -0.067199 0.020312
v 0.039925 -0.066892 0.019495
v 0.040476 -0.061450 0.020857
v 0.040140 -0.064656 0.021094
v 0.039626 -0.066859 0.020670
v 0.040056 -0.066917 0.021447
v 0.043382 -0.069252 0.019562
v 0.045067 -0.062034 0.019473
v 0.047252 -0.070276 0.019553
v 0.039352 -0.055142 0.020245
v 0.039335 -0.055592 0.020246
v 0.039049 -0.055915 0.019909
v 0.039263 -0.056625 0.020269
v 0.040888 -0.060682 0.022277
v 0.040939 -0.067329 0.025424
v 0.045388 -0.057844 0.019370
v 0.052421 -0.066501 0.019162
v 0.037228 -0.067031 0.020001
v 0.037267 -0.067511 0.019828
v 0.037527 -0.067725 0.019726
v 0.036754 -0.067809 0.020047
v 0.037187 -0.068805 0.019763
v 0.036891 -0.067695 0.019919
v 0.036897 -0.068680 0.020173
v 0.037253 -0.067825 0.020203
v 0.038111 -0.068400 0.020387
v 0.037314 -0.067733 0.019952
v 0.036822 -0.071398 0.020171
v 0.037161 -0.071918 0.019942
v 0.037013 -0.071036 0.020000
v 0.036990 -0.071793 0.020214
v 0.038113 -0.072064 0.019862
v 0.037412 -0.069508 0.020217
v 0.037454 -0.070140 0.019982
v 0.037398 -0.070305 0.019944
v 0.037533 -0.069968 0.019924
v 0.037262 -0.070422 0.020134
v 0.037604 -0.070170 0.020299
v 0.038120 -0.070443 0.019886
v 0.037641 -0.070043 0.020032
v 0.039357 -0.070879 0.020662
v 0.037378 -0.071129 0.020305
v 0.037269 -0.070819 0.020231
v 0.037234 -0.070850 0.019937
v 0.037332 -0.071025 0.020062
v 0.038451 -0.071589 0.020444
v 0.039529 -0.071903 0.021340
v 0.039676 -0.069248 0.021060
v 0.036326 -0.072981 0.019952
v 0.036437 -0.073696 0.019863
v 0.037024 -0.073150 0.019773
v 0.036606 -0.072529 0.020274
v 0.036702 -0.072179 0.019954
v 0.037375 -0.073482 0.020307
v 0.037102 -0.073521 0.020278
v 0.036390 -0.073933 0.020227
v 0.036379 -0.074700 0.020091
v 0.036694 -0.074557 0.019928
v 0.036635 -0.074261 0.020239
v 0.036776 -0.074182 0.019946
v 0.036794 -0.074507 0.020248
v 0.036707 -0.074671 0.020287
v 0.036990 -0.074003 0.020236
v 0.037378 -0.073798 0.019928
v 0.037233 -0.073793 0.019912
v 0.037279 -0.073923 0.019930
v 0.038249 -0.075166 0.019695
v 0.036840 -0.074668 0.020274
v 0.036844 -0.074566 0.020061
v 0.037236 -0.073633 0.020039
v 0.038881 -0.075729 0.020692
v 0.037432 -0.073973 0.020055
v 0.038970 -0.073716 0.020698
v 0.037533 -0.077613 0.020339
v 0.038789 -0.078002 0.020851
v 0.037377 -0.081424 0.019745
v 0.039850 -0.076077 0.024857
v 0.044210 -0.077463 0.019369
v 0.040597 -0.071698 0.026208
v 0.041649 -0.072072 0.027643
v 0.040458 -0.074194 0.026260
v 0.039851 -0.078081 0.025134
v 0.041774 -0.076796 0.026643
v 0.036176 -0.078692 0.020311
v 0.036378 -0.079760 0.020293
v 0.036423 -0.079813 0.019899
v 0.036186 -0.080477 0.020314
v 0.036144 -0.080596 0.020112
v 0.037934 -0.079749 0.020683
v 0.036577 -0.081423 0.020357
v 0.036316 -0.082536 0.020297
v 0.036265 -0.082257 0.019984
v 0.036234 -0.081630 0.020089
v 0.036411 -0.082898 0.019972
v 0.036066 -0.083619 0.020301
v 0.036279 -0.083863 0.019995
v 0.036486 -0.083098 0.020381
v 0.037847 -0.083418 0.020842
v 0.036461 -0.088626 0.020337
v 0.036959 -0.088883 0.019892
v 0.036481 -0.087865 0.020122
v 0.036400 -0.089173 0.020515
v 0.036025 -0.089513 0.020396
v 0.036602 -0.084833 0.020407
v 0.036738 -0.085276 0.020123
v 0.038558 -0.086340 0.019736
v 0.036368 -0.085578 0.020308
v 0.036482 -0.084931 0.020107
v 0.036598 -0.086295 0.020419
v 0.036644 -0.086695 0.020048
v 0.036586 -0.085227 0.020388
v 0.036480 -0.087290 0.020345
v 0.036306 -0.086439 0.020172
v 0.036606 -0.087462 0.020439
v 0.043518 -0.088197 0.019545
v 0.037378 -0.089196 0.020892
v 0.038164 -0.084514 0.021466
v 0.038570 -0.087762 0.023719
v 0.036269 -0.091750 0.020407
v 0.036387 -0.092171 0.020032
v 0.036211 -0.089792 0.020038
v 0.037170 -0.091962 0.020860
v 0.036141 -0.092051 0.020199
v 0.036494 -0.094160 0.019954
v 0.036164 -0.094377 0.020379
v 0.036115 -0.094588 0.020154
v 0.036083 -0.094686 0.020178
v 0.036001 -0.095918 0.020296
v 0.036074 -0.096099 0.020575
v 0.037362 -0.096105 0.019797
v 0.036214 -0.092869 0.020430
v 0.037778 -0.092775 0.022797
v 0.036278 -0.097275 0.020439
v 0.036212 -0.097893 0.020268
v 0.036675 -0.097147 0.020838
v 0.038644 -0.080060 0.021502
v 0.039304 -0.081640 0.024790
v 0.038853 -0.085084 0.024075
v 0.040647 -0.083275 0.025554
v 0.043528 -0.079105 0.027935
v 0.040228 -0.091812 0.024638
v 0.050552 -0.073458 0.007245
v 0.053194 -0.086093 0.006204
v 0.064876 -0.071586 0.007293
v 0.062738 -0.095465 0.006128
v 0.056345 -0.062999 0.019369
v 0.057774 -0.066384 0.018890
v 0.056494 -0.070683 0.019559
v 0.052009 -0.070506 0.019285
v 0.052045 -0.076520 0.019230
v 0.052607 -0.082264 0.019394
v 0.056474 -0.078490 0.019471
v 0.071757 -0.080214 0.028780
v 0.056980 -0.084890 0.019637
v 0.058104 -0.076870 0.018824
v 0.058438 -0.090917 0.019055
v 0.059349 -0.089638 0.019195
v 0.060843 -0.096085 0.020625
v 0.046433 -0.087564 0.019426
v 0.053333 -0.092008 0.019553
v 0.037165 -0.099052 0.019953
v 0.035949 -0.099156 0.020488
v 0.036177 -0.101188 0.020142
v 0.036145 -0.103175 0.020752
v 0.036735 -0.106099 0.019680
v 0.045007 -0.102638 0.019616
v 0.037445 -0.098081 0.022410
v 0.038816 -0.097796 0.023363
v 0.040087 -0.096799 0.024913
v 0.053243 -0.103986 0.019337
v 0.057134 -0.097924 0.019733
v 0.057338 -0.102044 0.019447
v 0.056972 -0.109581 0.019581
v 0.045365 -0.081169 0.029964
v 0.045562 -0.090727 0.032996
v 0.044317 -0.086556 0.029827
v 0.044177 -0.100218 0.031649
v 0.043415 -0.095267 0.030393
v 0.045111 -0.093891 0.032656
v 0.045019 -0.100724 0.033723
v 0.045121 -0.096345 0.034197
v 0.057057 -0.092921 0.019830
v 0.058698 -0.103497 0.018797
v 0.035087 -0.054068 0.037087
v 0.037088 -0.053608 0.036195
v 0.037993 -0.054011 0.035589
v 0.036678 -0.057365 0.037295
v 0.034636 -0.058789 0.038026
v 0.038788 -0.054308 0.035737
v 0.037839 -0.058048 0.036240
v 0.037511 -0.060504 0.036347
v 0.035668 -0.065264 0.037794
v 0.041548 -0.056298 0.036470
v 0.043725 -0.057378 0.036201
v 0.042092 -0.059118 0.036583
v 0.042308 -0.063217 0.036109
v 0.033405 -0.065707 0.038777
v 0.033259 -0.076034 0.039562
v 0.037093 -0.063785 0.036059
v 0.036718 -0.067927 0.036906
v 0.038007 -0.064702 0.035688
v 0.035335 -0.074058 0.038899
v 0.037474 -0.067487 0.036669
v 0.037036 -0.071373 0.037270
v 0.041964 -0.069009 0.037558
v 0.047362 -0.065507 0.032017
v 0.045814 -0.055269 0.034839
v 0.045835 -0.061427 0.035380
v 0.048204 -0.055929 0.031470
v 0.046835 -0.059269 0.034173
v 0.043994 -0.062442 0.036074
v 0.046710 -0.065065 0.035325
v 0.047655 -0.060544 0.031485
v 0.047516 -0.059687 0.032578
v 0.047514 -0.063177 0.033768
v 0.046853 -0.069416 0.032669
v 0.045561 -0.074072 0.030494
v 0.046572 -0.071736 0.032120
v 0.046939 -0.072260 0.033058
v 0.046198 -0.075942 0.031090
v 0.046335 -0.077891 0.033223
v 0.046266 -0.080579 0.032186
v 0.043532 -0.064976 0.036438
v 0.044731 -0.067711 0.036687
v 0.039859 -0.071790 0.037807
v 0.039047 -0.074371 0.038445
v 0.041722 -0.072476 0.037987
v 0.041851 -0.075528 0.038125
v 0.046551 -0.069814 0.035347
v 0.046933 -0.070292 0.034395
v 0.045441 -0.069362 0.036394
v 0.044527 -0.074344 0.036325
v 0.046072 -0.073671 0.034511
v 0.031494 -0.084254 0.040012
v 0.034172 -0.082880 0.039244
v 0.036634 -0.074213 0.038119
v 0.036217 -0.078618 0.037978
v 0.033254 -0.089602 0.039901
v 0.024370 -0.093907 0.040009
v 0.027207 -0.096334 0.039824
v 0.031097 -0.092576 0.040157
v 0.035889 -0.080804 0.038134
v 0.035534 -0.084048 0.038054
v 0.036179 -0.084688 0.037947
v 0.038062 -0.081382 0.038622
v 0.045021 -0.077612 0.035391
v 0.045937 -0.083070 0.033386
v 0.042320 -0.083565 0.037611
v 0.039535 -0.079255 0.038739
v 0.040740 -0.084957 0.038573
v 0.034125 -0.088616 0.039541
v 0.035378 -0.087781 0.038478
v 0.038956 -0.085771 0.038722
v 0.037799 -0.087593 0.038852
v 0.033126 -0.097715 0.039603
v 0.035257 -0.090336 0.038503
v 0.034978 -0.093842 0.038269
v 0.037567 -0.091467 0.038947
v 0.037421 -0.097117 0.038835
v 0.041552 -0.089505 0.038285
v 0.039480 -0.092309 0.038870
v 0.043502 -0.088488 0.036708
v 0.045157 -0.087848 0.034891
v 0.042286 -0.092111 0.037568
v 0.039980 -0.101372 0.038293
v 0.071775 -0.069219 0.030916
v 0.070284 -0.075300 0.031960
v 0.071633 -0.075659 0.031442
v 0.045780 -0.088011 0.033304
v 0.044843 -0.091588 0.034419
v -0.027950 -0.092635 0.010837
v -0.035788 -0.117098 0.010082
v -0.033675 -0.121997 0.006828
v -0.044195 -0.131512 0.007253
v -0.033811 -0.129614 0.006715
v -0.040801 -0.133036 0.008817
v -0.038863 -0.132158 0.007775
v -0.039596 -0.132884 0.008592
v -0.030590 -0.130756 0.006903
v -0.037221 -0.133232 0.009218
v -0.032443 -0.132188 0.007791
v -0.035742 -0.132977 0.009135
v -0.032932 -0.132826 0.009087
v -0.035254 -0.133012 0.010859
v -0.034783 -0.132764 0.010532
v -0.031386 -0.133096 0.009970
v -0.015020 -0.129255 0.006586
v -0.023985 -0.130481 0.006774
v -0.030275 -0.134234 0.010035
v -0.026713 -0.133004 0.009099
v -0.026762 -0.135441 0.008943
v -0.022189 -0.132072 0.007854
v -0.024963 -0.116960 0.009937
v -0.016161 -0.118239 0.008172
v -0.015940 -0.116575 0.010091
v -0.016680 -0.121642 0.006712
v -0.026845 -0.134673 0.011005
v -0.026556 -0.135327 0.010287
v -0.023720 -0.134427 0.009446
v -0.026896 -0.133520 0.014027
v -0.030475 -0.132835 0.019426
v -0.023338 -0.133644 0.013312
v -0.025554 -0.132651 0.016712
v -0.026560 -0.131229 0.020323
v -0.022358 -0.131759 0.018864
v -0.013349 -0.097017 0.005662
v -0.013380 -0.096177 0.006474
v -0.013488 -0.101763 0.005658
v -0.013285 -0.099279 0.006347
v -0.012982 -0.098311 0.006304
v -0.013245 -0.104589 0.005492
v -0.009217 -0.102103 0.005884
v -0.008977 -0.097579 0.006893
v -0.013533 -0.107107 0.006012
v -0.013253 -0.106912 0.006507
v -0.013259 -0.102518 0.006174
v -0.009955 -0.101684 0.006701
v -0.009021 -0.106108 0.006847
v -0.008990 -0.101017 0.006623
v -0.008642 -0.102657 0.006356
v -0.008712 -0.099451 0.006280
v -0.008875 -0.108264 0.006049
v -0.012771 -0.116373 0.005829
v -0.013332 -0.118580 0.006360
v -0.013472 -0.114647 0.006146
v -0.013490 -0.118204 0.007253
v -0.013145 -0.110497 0.005686
v -0.013355 -0.112149 0.006784
v -0.013125 -0.110292 0.006705
v -0.013973 -0.115109 0.010647
v -0.014724 -0.114583 0.010536
v -0.014548 -0.105418 0.010616
v -0.015707 -0.115116 0.010670
v -0.011210 -0.113060 0.010634
v -0.011418 -0.115521 0.010482
v -0.010113 -0.111766 0.007481
v -0.009172 -0.112238 0.007174
v -0.008739 -0.112209 0.006450
v -0.010825 -0.116673 0.005745
v -0.013292 -0.115250 0.006989
v -0.011635 -0.116433 0.007944
v -0.010879 -0.116028 0.007830
v -0.008864 -0.115316 0.006737
v -0.009177 -0.115436 0.007000
v -0.009230 -0.119149 0.005890
v -0.008844 -0.117393 0.006271
v -0.009871 -0.116962 0.008335
v -0.011143 -0.116930 0.008626
v -0.010521 -0.116807 0.009679
v -0.007866 -0.115940 0.010166
v -0.006434 -0.113723 0.010626
v -0.009228 -0.117569 0.008675
v -0.004574 -0.116510 0.009937
v -0.002936 -0.114986 0.010600
v 0.018510 -0.117938 0.007681
v -0.001345 -0.119261 0.007190
v -0.007525 -0.118417 0.007826
v -0.017777 -0.131515 0.007107
v -0.021497 -0.134562 0.006793
v -0.027073 -0.137398 0.008253
v -0.023950 -0.137001 0.007473
v -0.022016 -0.132867 0.008062
v -0.019956 -0.132234 0.007628
v -0.021275 -0.135476 0.006806
v -0.020138 -0.135640 0.007560
v -0.023351 -0.137231 0.008663
v -0.023153 -0.136344 0.009243
v -0.017626 -0.132814 0.006263
v -0.017700 -0.133892 0.006319
v -0.015660 -0.133453 0.006935
v -0.017621 -0.119191 0.007483
v -0.014161 -0.119985 0.006896
v -0.014271 -0.122113 0.006505
v -0.013278 -0.121303 0.005990
v -0.013961 -0.118293 0.007708
v -0.012509 -0.123735 0.005787
v -0.014412 -0.116308 0.009976
v -0.012719 -0.117746 0.008116
v -0.011342 -0.116836 0.009776
v -0.010805 -0.117026 0.009031
v -0.008769 -0.118146 0.007598
v -0.020653 -0.134045 0.010117
v -0.021508 -0.134898 0.008835
v -0.018900 -0.134725 0.007754
v -0.019804 -0.134279 0.012808
v -0.015279 -0.131092 0.006723
v -0.013304 -0.131022 0.006007
v -0.014814 -0.132917 0.005951
v -0.017522 -0.133881 0.008945
v -0.019106 -0.133963 0.010018
v -0.013087 -0.134170 0.008309
v -0.015666 -0.134729 0.011649
v -0.018041 -0.134333 0.012317
v -0.013476 -0.134493 0.011470
v -0.015673 -0.134393 0.013074
v -0.019742 -0.133443 0.015992
v -0.017527 -0.132556 0.016266
v -0.017953 -0.133885 0.014202
v -0.013415 -0.133326 0.013728
v -0.014423 -0.130869 0.017457
v -0.009694 -0.128395 0.005907
v -0.008110 -0.121557 0.006409
v -0.007585 -0.129453 0.006502
v -0.008228 -0.119267 0.007199
v -0.006219 -0.121442 0.006652
v 0.019698 -0.129514 0.006336
v 0.022913 -0.121140 0.006426
v -0.001320 -0.131097 0.007121
v 0.005365 -0.131079 0.007077
v -0.009818 -0.130977 0.006130
v -0.011067 -0.132365 0.005854
v -0.010291 -0.133299 0.006872
v -0.008199 -0.132708 0.006435
v -0.007380 -0.131338 0.006964
v -0.011777 -0.134538 0.011131
v -0.007097 -0.133861 0.009329
v -0.004644 -0.131823 0.007422
v -0.002349 -0.133788 0.007735
v -0.006421 -0.133331 0.007012
v -0.004600 -0.133891 0.007692
v -0.003522 -0.133618 0.013881
v -0.009052 -0.134396 0.012837
v -0.010338 -0.133794 0.014314
v -0.011875 -0.130833 0.017556
v -0.007492 -0.133933 0.016535
v -0.004122 -0.133575 0.010230
v 0.001574 -0.132561 0.008697
v -0.000504 -0.134282 0.008503
v -0.001305 -0.133527 0.010808
v -0.027858 -0.101989 0.034056
v -0.033319 -0.128432 0.025759
v -0.032276 -0.124738 0.028087
v -0.029259 -0.113020 0.032484
v -0.029332 -0.120620 0.030190
v -0.028103 -0.124206 0.028429
v -0.029904 -0.130492 0.023523
v -0.025502 -0.129143 0.023731
v -0.028150 -0.127583 0.026099
v -0.020504 -0.129454 0.021825
v -0.023902 -0.127178 0.025752
v -0.020260 -0.126619 0.025138
v -0.020849 -0.119757 0.030068
v -0.022012 -0.124057 0.027816
v -0.017003 -0.123087 0.026946
v -0.021966 -0.102983 0.034674
v -0.021126 -0.110932 0.032983
v -0.019719 -0.116071 0.031452
v -0.013998 -0.105494 0.035214
v -0.016683 -0.111098 0.033267
v -0.011265 -0.108426 0.034189
v -0.011819 -0.112303 0.032447
v -0.012378 -0.115824 0.030669
v -0.016497 -0.119919 0.029091
v -0.013932 -0.128417 0.020733
v -0.013767 -0.125738 0.023800
v -0.016861 -0.126352 0.023717
v -0.009645 -0.128698 0.020934
v -0.010169 -0.131136 0.017946
v -0.012545 -0.122450 0.026663
v -0.009398 -0.125823 0.024248
v -0.005709 -0.126584 0.025061
v -0.007919 -0.133065 0.017684
v -0.003444 -0.130096 0.023145
v -0.005793 -0.132350 0.019522
v -0.004751 -0.133434 0.017576
v -0.001462 -0.133176 0.018738
v 0.003592 -0.133329 0.019443
v 0.000904 -0.130739 0.023850
v -0.003226 -0.132221 0.020794
v 0.003075 -0.132346 0.022263
v -0.012942 -0.119466 0.028797
v -0.009715 -0.119596 0.029077
v -0.009540 -0.122959 0.026781
v -0.004852 -0.119959 0.030852
v -0.001011 -0.123958 0.029476
v -0.007927 -0.108859 0.034424
v -0.008685 -0.112420 0.033053
v -0.009149 -0.116068 0.031244
v -0.003737 -0.116628 0.033139
v 0.003537 -0.120321 0.032985
v 0.000258 -0.127100 0.027311
v 0.006650 -0.127385 0.028861
v 0.007612 -0.124490 0.031418
v -0.044596 -0.135126 0.008193
v -0.047189 -0.132787 0.008167
v -0.046113 -0.136306 0.008188
v -0.046475 -0.134054 0.008612
v -0.043165 -0.135661 0.006527
v -0.043105 -0.137274 0.006243
v -0.045143 -0.137324 0.006655
v -0.044726 -0.132493 0.008527
v -0.045546 -0.135859 0.011573
v -0.042644 -0.134908 0.009176
v -0.042089 -0.136884 0.009683
v -0.043259 -0.136004 0.005602
v -0.042676 -0.137782 0.006810
v -0.041332 -0.136619 0.006167
v -0.042564 -0.137775 0.007676
v -0.040780 -0.135773 0.006515
v -0.040242 -0.137828 0.007362
v -0.041634 -0.135504 0.008636
v -0.038762 -0.137992 0.008650
v -0.040492 -0.135266 0.009446
v -0.038358 -0.135338 0.007747
v -0.038580 -0.135879 0.007117
v -0.038704 -0.136653 0.007759
v -0.038895 -0.137798 0.007772
v -0.038924 -0.135519 0.008995
v -0.042631 -0.135447 0.015211
v -0.040801 -0.134282 0.009614
v -0.040664 -0.133603 0.009417
v -0.039145 -0.136980 0.012923
v -0.039366 -0.133023 0.009413
v -0.038388 -0.132884 0.010911
v -0.038926 -0.133819 0.010823
v -0.037366 -0.132749 0.010879
v -0.038003 -0.135573 0.009941
v -0.037147 -0.135947 0.016200
v -0.037482 -0.133251 0.011608
v -0.036922 -0.134137 0.011692
v -0.036935 -0.136439 0.007615
v -0.035796 -0.136478 0.008117
v -0.036952 -0.138399 0.008288
v -0.035866 -0.136431 0.010055
v -0.035082 -0.138204 0.011133
v -0.033947 -0.139569 0.009649
v -0.034618 -0.137897 0.008171
v -0.033177 -0.139124 0.008591
v -0.034391 -0.137415 0.008726
v -0.032795 -0.137957 0.008869
v -0.033713 -0.137261 0.010237
v -0.033968 -0.135454 0.011739
v -0.034314 -0.134521 0.011657
v -0.036242 -0.137258 0.013480
v -0.033687 -0.136037 0.010783
v -0.031996 -0.135729 0.010852
v -0.030450 -0.135959 0.010562
v -0.032099 -0.135179 0.011012
v -0.032993 -0.137718 0.011809
v -0.031617 -0.137083 0.012360
v -0.031912 -0.138514 0.008672
v -0.031226 -0.139702 0.009532
v -0.030874 -0.139503 0.010015
v -0.029408 -0.138161 0.008659
v -0.028092 -0.138624 0.008661
v -0.028102 -0.139244 0.009709
v -0.029530 -0.136828 0.009944
v -0.030797 -0.138134 0.011105
v -0.028984 -0.136910 0.011175
v -0.029847 -0.136454 0.012125
v -0.026350 -0.138011 0.010047
v -0.042842 -0.133329 0.019096
v -0.036188 -0.133845 0.019865
v -0.037910 -0.131307 0.022721
v -0.032914 -0.131056 0.023530
v -0.033118 -0.133231 0.020756
v -0.032902 -0.135526 0.016788
v -0.030720 -0.135204 0.015709
v 0.010736 -0.132189 0.008588
v 0.004170 -0.132066 0.008267
v 0.002718 -0.133977 0.008824
v 0.005517 -0.135104 0.010009
v 0.005451 -0.132478 0.009569
v 0.003571 -0.132889 0.009568
v 0.005674 -0.134907 0.009569
v 0.006191 -0.134206 0.012347
v 0.005831 -0.133272 0.010004
v 0.006857 -0.134607 0.009625
v 0.006585 -0.134548 0.011628
v 0.022801 -0.115979 0.009826
v 0.025744 -0.118924 0.006965
v 0.009873 -0.132308 0.009612
v 0.009296 -0.133320 0.011104
v 0.002585 -0.133624 0.015376
v 0.008701 -0.133960 0.011071
v 0.009741 -0.135303 0.010128
v 0.011471 -0.134350 0.012463
v 0.011661 -0.136786 0.011257
v 0.010844 -0.135386 0.012308
v 0.010365 -0.134249 0.017205
v 0.010098 -0.132459 0.023122
v 0.011614 -0.133771 0.020026
v 0.017335 -0.132192 0.008921
v 0.011468 -0.131839 0.010423
v 0.013213 -0.131286 0.010763
v 0.027207 -0.131130 0.007273
v 0.013484 -0.131044 0.011509
v 0.013778 -0.132028 0.012234
v 0.011814 -0.133402 0.012399
v 0.017332 -0.132685 0.015212
v 0.015843 -0.131342 0.010426
v 0.015547 -0.130312 0.011744
v 0.014649 -0.130254 0.011742
v 0.016798 -0.129949 0.011490
v 0.016028 -0.129603 0.012091
v 0.015444 -0.130325 0.012493
v 0.017423 -0.130675 0.011045
v 0.018160 -0.131976 0.009519
v 0.018437 -0.129509 0.012285
v 0.028684 -0.131788 0.009923
v 0.014394 -0.128587 0.014380
v 0.014388 -0.128723 0.013980
v 0.015198 -0.128640 0.013790
v 0.014387 -0.128843 0.014114
v 0.015254 -0.128895 0.013847
v 0.014920 -0.128334 0.014894
v 0.013813 -0.128663 0.014807
v 0.013816 -0.128795 0.015943
v 0.016742 -0.128661 0.013089
v 0.016059 -0.129156 0.012858
v 0.016128 -0.129740 0.012809
v 0.017066 -0.129355 0.014040
v 0.016008 -0.129217 0.013065
v 0.015437 -0.128898 0.013159
v 0.018256 -0.130285 0.014341
v 0.017110 -0.131607 0.014035
v 0.015039 -0.127547 0.016254
v 0.013579 -0.128212 0.015939
v 0.014198 -0.128083 0.016459
v 0.016667 -0.128865 0.016690
v 0.020229 -0.129522 0.017275
v 0.016502 -0.127416 0.016790
v 0.018953 -0.129393 0.016191
v 0.018762 -0.129435 0.014981
v 0.025140 -0.128697 0.012984
v 0.022455 -0.127860 0.015058
v 0.019434 -0.126759 0.016782
v 0.020100 -0.130087 0.015588
v 0.020628 -0.129696 0.016427
v 0.020201 -0.131382 0.015894
v 0.012678 -0.136292 0.010561
v 0.012163 -0.136909 0.010992
v 0.012773 -0.134636 0.012674
v 0.016725 -0.136998 0.011282
v 0.015288 -0.137384 0.012625
v 0.014151 -0.135684 0.015793
v 0.017487 -0.138023 0.011232
v 0.017965 -0.138444 0.011877
v 0.016946 -0.136780 0.015347
v 0.020049 -0.137058 0.011769
v 0.020224 -0.138409 0.011321
v 0.020208 -0.133001 0.016521
v 0.015742 -0.134086 0.020548
v 0.023480 -0.134378 0.016125
v 0.020912 -0.135819 0.018236
v 0.021353 -0.137707 0.014181
v 0.011050 -0.130005 0.026729
v 0.013561 -0.127308 0.029750
v 0.023023 -0.126533 0.017610
v 0.022178 -0.126389 0.017051
v 0.026929 -0.127662 0.015655
v 0.024888 -0.126165 0.017445
v 0.026065 -0.127994 0.018426
v 0.027749 -0.125557 0.017894
v 0.021372 -0.129148 0.017719
v 0.022405 -0.130379 0.017150
v 0.023418 -0.130205 0.018386
v 0.023718 -0.130886 0.017954
v 0.025251 -0.131469 0.019191
v 0.023555 -0.129481 0.018564
v 0.024928 -0.129488 0.019236
v 0.024176 -0.130777 0.018624
v 0.024479 -0.129904 0.019044
v 0.023698 -0.130378 0.019171
v 0.025430 -0.129924 0.019777
v 0.024813 -0.130748 0.019422
v 0.024009 -0.130996 0.019076
v 0.018970 -0.132628 0.023603
v 0.019539 -0.130369 0.026895
v 0.020954 -0.127715 0.029632
v 0.026359 -0.133631 0.024630
v 0.024002 -0.130863 0.027470
v 0.047306 -0.120650 0.006163
v 0.044803 -0.128693 0.006144
v 0.046415 -0.130234 0.006647
v 0.045186 -0.117317 0.007739
v 0.033724 -0.119045 0.019674
v 0.032839 -0.123599 0.018746
v 0.033803 -0.119022 0.019127
v 0.033346 -0.123424 0.019616
v 0.031952 -0.124581 0.018228
v 0.033180 -0.124161 0.018246
v 0.035531 -0.120861 0.018471
v 0.034893 -0.117561 0.019164
v 0.038898 -0.120723 0.018396
v 0.036515 -0.117895 0.019735
v 0.035562 -0.120909 0.021499
v 0.035097 -0.124436 0.020740
v 0.040825 -0.124455 0.018101
v 0.039928 -0.125590 0.017611
v 0.044163 -0.118156 0.007061
v 0.046118 -0.115917 0.009257
v 0.045990 -0.114768 0.009998
v 0.047656 -0.118187 0.006776
v 0.050085 -0.119618 0.005746
v 0.048124 -0.116601 0.007548
v 0.050628 -0.116357 0.006578
v 0.050339 -0.114710 0.007290
v 0.047015 -0.112828 0.010214
v 0.048281 -0.114368 0.009393
v 0.052313 -0.113651 0.006493
v 0.047335 -0.123657 0.005972
v 0.040009 -0.128235 0.012983
v 0.042261 -0.128825 0.010913
v 0.044106 -0.128844 0.010637
v 0.050017 -0.128536 0.010956
v 0.050253 -0.129008 0.010421
v 0.047140 -0.131072 0.010170
v 0.041176 -0.127030 0.016293
v 0.043740 -0.127668 0.014734
v 0.043091 -0.125908 0.017128
v 0.042184 -0.123661 0.018144
v 0.040786 -0.121307 0.018107
v 0.047190 -0.123817 0.018201
v 0.049673 -0.126613 0.016244
v 0.048959 -0.124940 0.017628
v 0.031986 -0.131930 0.008630
v 0.037404 -0.131551 0.009952
v 0.022837 -0.138077 0.011505
v 0.022435 -0.139071 0.012673
v 0.022611 -0.136868 0.012277
v 0.024581 -0.139239 0.012456
v 0.025636 -0.138152 0.015477
v 0.027532 -0.138460 0.012354
v 0.027098 -0.138999 0.012293
v 0.026801 -0.139702 0.013689
v 0.026230 -0.134706 0.015886
v 0.027249 -0.135812 0.015149
v 0.028443 -0.139970 0.013221
v 0.030203 -0.139072 0.015758
v 0.030370 -0.140402 0.014338
v 0.031088 -0.139715 0.012942
v 0.032172 -0.139347 0.013114
v 0.031464 -0.138215 0.014064
v 0.032943 -0.140652 0.014632
v 0.040699 -0.131527 0.009671
v 0.046011 -0.131292 0.007755
v 0.045584 -0.131663 0.009348
v 0.033901 -0.140469 0.013739
v 0.034614 -0.139960 0.014057
v 0.033263 -0.128059 0.014524
v 0.032021 -0.126330 0.017184
v 0.030189 -0.125164 0.018188
v 0.026461 -0.131923 0.019554
v 0.028417 -0.133793 0.017846
v 0.029810 -0.133944 0.017425
v 0.033057 -0.128177 0.021628
v 0.026587 -0.129595 0.020540
v 0.025337 -0.130669 0.019230
v 0.024975 -0.130641 0.018959
v 0.025708 -0.130710 0.019834
v 0.025184 -0.130858 0.018840
v 0.026042 -0.130221 0.019857
v 0.026558 -0.130985 0.019780
v 0.026337 -0.130708 0.020213
v 0.034350 -0.128628 0.012774
v 0.031666 -0.136153 0.015735
v 0.031703 -0.134194 0.017000
v 0.033974 -0.132627 0.021500
v 0.034879 -0.132534 0.020070
v 0.029663 -0.125454 0.018777
v 0.031991 -0.124519 0.019093
v 0.035315 -0.126874 0.021440
v 0.027712 -0.130822 0.020732
v 0.029819 -0.129296 0.022470
v 0.030929 -0.131393 0.021690
v 0.033640 -0.129723 0.024044
v 0.035600 -0.127173 0.016506
v 0.035398 -0.132947 0.019626
v 0.035920 -0.129140 0.024833
v 0.038331 -0.131678 0.024761
v 0.037751 -0.132009 0.022122
v 0.028777 -0.137133 0.019003
v 0.029572 -0.137982 0.017359
v 0.035681 -0.138497 0.016725
v 0.033786 -0.137986 0.015620
v 0.032049 -0.136454 0.018823
v 0.030034 -0.133526 0.026046
v 0.031813 -0.135416 0.021193
v 0.034670 -0.136737 0.019439
v 0.036388 -0.136546 0.022459
v 0.031736 -0.133224 0.026160
v 0.036544 -0.135307 0.025089
v 0.039318 -0.129724 0.011053
v 0.040659 -0.130376 0.010508
v 0.035111 -0.137026 0.016342
v 0.039559 -0.137512 0.017284
v 0.037839 -0.137798 0.016457
v 0.041986 -0.131132 0.010256
v 0.041209 -0.134147 0.021418
v 0.041761 -0.137466 0.018742
v 0.044368 -0.137223 0.021393
v 0.043091 -0.138485 0.019718
v 0.043135 -0.133930 0.023148
v 0.044733 -0.138026 0.021723
v 0.034125 -0.139824 0.015566
v 0.037249 -0.138795 0.016107
v 0.034658 -0.141219 0.015171
v 0.036074 -0.140971 0.016103
v 0.035942 -0.140911 0.014329
v 0.035933 -0.139629 0.014572
v 0.038171 -0.139989 0.016463
v 0.038740 -0.140104 0.015313
v 0.038990 -0.141980 0.014668
v 0.035536 -0.141361 0.014573
v 0.036299 -0.141799 0.014993
v 0.037310 -0.141789 0.016162
v 0.037741 -0.142193 0.015180
v 0.038413 -0.139298 0.017338
v 0.038686 -0.141630 0.016539
v 0.037303 -0.138030 0.018778
v 0.041330 -0.142355 0.015297
v 0.039041 -0.142727 0.015885
v 0.041836 -0.143319 0.015560
v 0.040992 -0.140467 0.017100
v 0.040611 -0.138693 0.017886
v 0.040620 -0.141009 0.017657
v 0.042530 -0.143512 0.017787
v 0.041722 -0.143767 0.016812
v 0.043464 -0.143440 0.015992
v 0.044658 -0.142813 0.017144
v 0.043626 -0.141359 0.018021
v 0.043423 -0.144328 0.016441
v 0.042578 -0.139867 0.021794
v 0.043318 -0.140837 0.020598
v 0.043530 -0.142227 0.019357
v 0.044278 -0.142492 0.019330
v 0.044803 -0.140973 0.019564
v 0.043398 -0.139419 0.022889
v 0.045105 -0.138567 0.022452
v 0.044745 -0.141426 0.020044
v 0.044607 -0.138915 0.023132
v -0.023197 -0.091142 0.035596
v -0.017156 -0.094792 0.036473
v -0.006528 -0.090729 0.038293
v -0.013743 -0.100774 0.036253
v -0.007504 -0.100918 0.036719
v -0.007597 -0.104706 0.035750
v -0.008211 -0.097188 0.037288
v -0.001975 -0.099949 0.038061
v -0.000694 -0.105773 0.037494
v -0.001662 -0.111964 0.035674
v 0.002200 -0.105705 0.038065
v 0.011453 -0.107963 0.037947
v 0.007812 -0.113623 0.036444
v 0.007516 -0.093594 0.040248
v 0.012362 -0.097807 0.040094
v 0.017160 -0.095432 0.040319
v 0.018000 -0.104273 0.038545
v 0.005459 -0.117135 0.034933
v 0.009748 -0.120970 0.033815
v 0.010906 -0.117148 0.035577
v 0.023652 -0.101204 0.039060
v 0.030390 -0.100703 0.039806
v 0.016391 -0.113887 0.036661
v 0.022455 -0.109105 0.037858
v 0.021637 -0.117535 0.036015
v 0.026555 -0.113522 0.037277
v 0.030014 -0.105313 0.039293
v 0.032695 -0.106329 0.039057
v 0.034135 -0.104670 0.038168
v 0.034535 -0.100811 0.038075
v 0.037988 -0.101103 0.038687
v 0.033763 -0.107543 0.037729
v 0.037661 -0.104732 0.038498
v 0.034366 -0.107733 0.037454
v 0.028202 -0.116992 0.036000
v 0.031448 -0.109651 0.038638
v 0.031104 -0.121197 0.033701
v 0.031457 -0.115425 0.036086
v 0.031724 -0.112686 0.037511
v 0.033636 -0.110227 0.037713
v 0.033580 -0.112637 0.036712
v 0.033196 -0.116194 0.034758
v 0.033869 -0.116422 0.034892
v 0.036808 -0.117145 0.036821
v 0.032663 -0.110174 0.038271
v 0.038266 -0.109014 0.037870
v 0.034582 -0.110571 0.037759
v 0.037480 -0.111374 0.038075
v 0.036497 -0.113622 0.037694
v 0.013358 -0.124208 0.032289
v 0.018412 -0.120593 0.034759
v 0.024708 -0.123709 0.032729
v 0.025308 -0.127825 0.030186
v 0.029841 -0.131690 0.028750
v 0.029525 -0.122066 0.033694
v 0.028502 -0.124796 0.032622
v 0.030856 -0.125862 0.032711
v 0.029925 -0.128244 0.031647
v 0.036125 -0.103966 0.020271
v 0.035865 -0.106651 0.020089
v 0.036773 -0.104322 0.022070
v 0.035447 -0.108899 0.020964
v 0.034888 -0.113021 0.020523
v 0.034690 -0.113922 0.020012
v 0.035256 -0.110473 0.020254
v 0.035207 -0.113149 0.019831
v 0.036355 -0.110172 0.019850
v 0.036010 -0.114181 0.020111
v 0.041387 -0.108340 0.019567
v 0.042350 -0.112239 0.019373
v 0.041968 -0.117733 0.019542
v 0.039935 -0.113565 0.024324
v 0.036305 -0.117174 0.022029
v 0.037977 -0.116606 0.019720
v 0.037660 -0.117889 0.023135
v 0.036974 -0.123977 0.022524
v 0.038002 -0.120378 0.024523
v 0.039340 -0.120780 0.026523
v 0.039721 -0.121804 0.026896
v 0.038933 -0.123950 0.024704
v 0.043625 -0.115097 0.028774
v 0.043063 -0.116064 0.028253
v 0.042827 -0.112740 0.027532
v 0.042343 -0.122496 0.030394
v 0.042235 -0.119187 0.029013
v 0.050631 -0.110902 0.019237
v 0.047252 -0.116330 0.019420
v 0.052495 -0.117400 0.019309
v 0.043577 -0.118176 0.019418
v 0.041643 -0.120039 0.018214
v 0.047271 -0.119964 0.018172
v 0.048463 -0.118285 0.019047
v 0.051557 -0.122886 0.018147
v 0.043404 -0.104933 0.028584
v 0.041097 -0.103059 0.025448
v 0.044009 -0.107715 0.030055
v 0.043290 -0.100778 0.036046
v 0.040038 -0.105000 0.037822
v 0.040315 -0.112367 0.037268
v 0.041567 -0.101088 0.037482
v 0.041816 -0.104506 0.036581
v 0.044722 -0.104618 0.033685
v 0.041584 -0.108474 0.036768
v 0.044791 -0.103665 0.032223
v 0.044627 -0.109313 0.032540
v 0.044058 -0.115068 0.033843
v 0.043955 -0.108666 0.034540
v 0.032976 -0.119736 0.033606
v 0.038444 -0.118660 0.036989
v 0.038115 -0.122714 0.035421
v 0.044291 -0.117728 0.030548
v 0.044462 -0.114192 0.032718
v 0.044600 -0.117541 0.031922
v 0.043917 -0.117994 0.033425
v 0.044259 -0.118678 0.032176
v 0.044377 -0.122482 0.034468
v 0.041459 -0.119506 0.035859
v 0.039089 -0.117333 0.037177
v 0.040767 -0.117159 0.036339
v 0.042672 -0.114597 0.035259
v 0.043930 -0.120122 0.031381
v 0.044115 -0.122617 0.032796
v 0.044532 -0.122407 0.033857
v 0.030629 -0.128986 0.031261
v 0.031737 -0.131469 0.028441
v 0.032092 -0.127982 0.031459
v 0.033970 -0.132264 0.028511
v 0.038123 -0.126730 0.023188
v 0.039708 -0.128370 0.025025
v 0.037816 -0.129925 0.025824
v 0.040538 -0.129696 0.027370
v 0.032248 -0.126606 0.032107
v 0.032741 -0.122300 0.032781
v 0.035955 -0.122370 0.034556
v 0.035810 -0.128765 0.031985
v 0.035385 -0.127028 0.032926
v 0.042879 -0.133770 0.028918
v 0.038697 -0.134965 0.026574
v 0.044463 -0.127933 0.028323
v 0.042261 -0.128399 0.026717
v 0.041015 -0.131761 0.024663
v 0.044530 -0.131409 0.027853
v 0.042320 -0.130830 0.027611
v 0.044306 -0.133518 0.024835
v 0.045217 -0.136211 0.023707
v 0.045663 -0.131824 0.028895
v 0.045595 -0.133919 0.027708
v 0.044698 -0.135147 0.027495
v 0.043022 -0.125640 0.028202
v 0.042575 -0.123068 0.030535
v 0.045003 -0.129845 0.029101
v 0.044970 -0.126835 0.030124
v 0.044593 -0.130677 0.028751
v 0.043983 -0.129840 0.031960
v 0.044090 -0.132000 0.030585
v 0.045756 -0.131868 0.030414
v 0.045833 -0.129357 0.030095
v 0.046128 -0.131133 0.030445
v 0.045233 -0.127451 0.031256
v 0.038864 -0.125904 0.034112
v 0.041201 -0.123990 0.035099
v 0.042886 -0.123567 0.034982
v 0.044196 -0.124043 0.032420
v 0.044668 -0.124567 0.033445
v 0.044854 -0.128091 0.032118
v 0.044206 -0.125142 0.033901
v 0.034646 -0.097314 0.038387
v 0.054232 -0.113316 0.006149
v 0.062481 -0.113270 0.006090
v 0.064435 -0.113223 0.006604
v 0.064664 -0.092210 0.006892
v 0.065831 -0.095185 0.008228
v 0.058546 -0.110659 0.018766
v 0.060145 -0.112951 0.019485
v 0.065552 -0.112864 0.007637
v 0.066275 -0.117082 0.008872
v 0.072242 -0.112436 0.029067
v 0.071968 -0.078010 0.030878
v 0.071082 -0.089983 0.031897
v 0.071908 -0.081674 0.031411
v 0.072083 -0.086500 0.031061
v 0.072273 -0.100084 0.031023
v 0.071939 -0.094760 0.031540
v 0.070716 -0.102379 0.031934
v 0.072063 -0.106685 0.031566
v 0.072497 -0.111101 0.030853
v 0.053470 -0.123920 0.001156
v 0.053808 -0.122413 0.001192
v 0.054790 -0.122732 0.000419
v 0.052374 -0.121406 0.003390
v 0.054800 -0.120838 0.001246
v 0.056879 -0.119851 0.001471
v 0.056900 -0.121232 0.000517
v 0.056688 -0.122938 0.000133
v 0.054895 -0.126291 0.000193
v 0.059568 -0.121403 0.000458
v 0.050539 -0.126489 0.004556
v 0.050364 -0.128154 0.004999
v 0.048200 -0.128080 0.005822
v 0.051586 -0.123157 0.003756
v 0.051856 -0.125979 0.003260
v 0.051961 -0.128114 0.003854
v 0.048386 -0.129133 0.005947
v 0.053814 -0.126971 0.001034
v 0.054202 -0.128536 0.001581
v 0.058306 -0.127138 -0.000038
v 0.056294 -0.128466 0.000215
v 0.055235 -0.129433 0.001582
v 0.051632 -0.129205 0.005054
v 0.053522 -0.130147 0.004874
v 0.056156 -0.130264 0.002274
v 0.061274 -0.123089 0.000171
v 0.060838 -0.125995 0.000014
v 0.062752 -0.123753 0.000528
v 0.060764 -0.128164 0.000226
v 0.057172 -0.129991 0.001275
v 0.059121 -0.129349 0.000645
v 0.062599 -0.127004 0.000556
v 0.059880 -0.130619 0.002528
v 0.061014 -0.129616 0.001429
v 0.061823 -0.130048 0.002909
v 0.057512 -0.130795 0.003081
v 0.062552 -0.128251 0.001106
v 0.062831 -0.129078 0.002333
v 0.054371 -0.115038 0.005708
v 0.053783 -0.117472 0.004986
v 0.056291 -0.116429 0.004996
v 0.049338 -0.122656 0.005326
v 0.053753 -0.119262 0.003701
v 0.051504 -0.121105 0.004288
v 0.056236 -0.118107 0.003712
v 0.059972 -0.118106 0.003722
v 0.061388 -0.116903 0.004970
v 0.059419 -0.120115 0.001156
v 0.062622 -0.115621 0.005684
v 0.051639 -0.130725 0.006591
v 0.051077 -0.131533 0.008601
v 0.051802 -0.131525 0.009261
v 0.053714 -0.131009 0.010106
v 0.054378 -0.131043 0.006374
v 0.057179 -0.131574 0.008279
v 0.057902 -0.131077 0.009426
v 0.055078 -0.127914 0.013045
v 0.055598 -0.127040 0.015294
v 0.056466 -0.128873 0.010528
v 0.058765 -0.128470 0.010732
v 0.060457 -0.127604 0.014179
v 0.065289 -0.128061 0.011372
v 0.062058 -0.118874 0.003508
v 0.061141 -0.120181 0.001466
v 0.063223 -0.117883 0.004891
v 0.062162 -0.120954 0.001356
v 0.064022 -0.123155 0.001795
v 0.063645 -0.119507 0.004264
v 0.064443 -0.120956 0.004260
v 0.065375 -0.121884 0.005664
v 0.064007 -0.125283 0.001686
v 0.064677 -0.126032 0.003314
v 0.064147 -0.116549 0.005906
v 0.064959 -0.118427 0.006076
v 0.060526 -0.131403 0.007823
v 0.062674 -0.130917 0.007743
v 0.063638 -0.127879 0.002020
v 0.066639 -0.127457 0.010100
v 0.064991 -0.129556 0.008495
v 0.061725 -0.128435 0.010784
v 0.064667 -0.128474 0.010559
v 0.059165 -0.130303 0.009848
v 0.062284 -0.130322 0.009346
v 0.066350 -0.127299 0.018071
v 0.068136 -0.126124 0.014609
v 0.064980 -0.129262 0.009697
v 0.066612 -0.127641 0.011238
v 0.044369 -0.143871 0.018478
v 0.044478 -0.143650 0.018173
v 0.044829 -0.142195 0.018666
v 0.045081 -0.143028 0.018103
v 0.045910 -0.144468 0.018276
v 0.045073 -0.143045 0.018485
v 0.044814 -0.143314 0.018817
v 0.046226 -0.143784 0.018745
v 0.046037 -0.143654 0.018291
v 0.045583 -0.144357 0.018788
v 0.046045 -0.144126 0.018977
v 0.057352 -0.114259 0.019379
v 0.058445 -0.116796 0.018645
v 0.055836 -0.116223 0.019535
v 0.056244 -0.117340 0.019379
v 0.056916 -0.119243 0.018232
v 0.058823 -0.118419 0.018642
v 0.052955 -0.119796 0.018164
v 0.056133 -0.123479 0.018137
v 0.057810 -0.122622 0.018328
v 0.057264 -0.125387 0.017219
v 0.058777 -0.124609 0.018079
v 0.059369 -0.124061 0.018618
v 0.061402 -0.126251 0.018581
v 0.060151 -0.126910 0.015835
v 0.059797 -0.126072 0.017273
v 0.059761 -0.122835 0.019112
v 0.061014 -0.122682 0.020454
v 0.061034 -0.124784 0.019975
v 0.062668 -0.123907 0.023232
v 0.062490 -0.126993 0.017629
v 0.063920 -0.127145 0.018632
v 0.067861 -0.126967 0.018371
v 0.069328 -0.125937 0.019064
v 0.062837 -0.126003 0.021167
v 0.066632 -0.126164 0.025826
v 0.065426 -0.125357 0.026498
v 0.064718 -0.124335 0.026792
v 0.069767 -0.125515 0.024621
v 0.066718 -0.122366 0.030662
v 0.072215 -0.119693 0.029810
v 0.071693 -0.121655 0.026866
v 0.068029 -0.126089 0.025571
v 0.066885 -0.124669 0.028950
v 0.067822 -0.125415 0.027411
v 0.070149 -0.124305 0.028218
v 0.070691 -0.124402 0.025798
v 0.068065 -0.121164 0.031754
v 0.068330 -0.123021 0.030702
v 0.069206 -0.121320 0.031639
v 0.069180 -0.119992 0.032028
v 0.071734 -0.120300 0.030753
v 0.071566 -0.122159 0.029365
v 0.071007 -0.121962 0.030500
v 0.071277 -0.120067 0.031403
v 0.066809 -0.123666 0.029904
v 0.071386 -0.115851 0.031872
v 0.072181 -0.117118 0.031259
v 0.042658 -0.084135 0.027335
v -0.042386 0.139860 0.045416
v -0.043089 0.137884 0.055905
v -0.041889 0.141355 0.052034
v -0.040631 0.141678 0.043034
v -0.040577 0.142053 0.056325
v -0.038280 0.142055 0.048309
v -0.038326 0.142114 0.054985
v -0.043193 0.140505 0.066349
v -0.042971 0.119503 0.055992
v -0.042062 0.141847 0.067123
v -0.039134 0.142310 0.061652
v -0.037449 0.141793 0.055425
v -0.036077 0.140393 0.078734
v -0.039510 0.142533 0.072750
v -0.041206 0.142778 0.082217
v -0.042526 0.142013 0.076318
v -0.043893 0.139804 0.077455
v -0.038307 0.142280 0.081094
v -0.034292 0.139878 0.079793
v -0.044347 0.129073 0.088419
v -0.042977 0.142116 0.081683
v -0.044119 0.141390 0.092822
v -0.043215 0.142398 0.091540
v -0.045015 0.139974 0.106998
v -0.039902 0.143000 0.087810
v -0.037164 0.141079 0.101126
v -0.035243 0.140386 0.100487
v -0.043393 0.142997 0.103974
v -0.044335 0.142163 0.104959
v -0.044894 0.140944 0.106548
v -0.041236 0.143321 0.099246
v -0.039316 0.142913 0.100477
v -0.042284 0.143424 0.107087
v -0.043664 0.142710 0.107471
v -0.044734 0.139668 0.107953
v -0.044003 0.141567 0.108341
v -0.042806 0.141976 0.109231
v -0.041392 0.143116 0.108681
v -0.043345 0.140096 0.109622
v -0.044484 0.132835 0.108828
v -0.040064 0.143334 0.103936
v -0.038805 0.142781 0.102540
v -0.037330 0.142761 0.103992
v -0.036526 0.141260 0.102456
v -0.035998 0.143505 0.107668
v -0.036160 0.143159 0.104890
v -0.034661 0.140704 0.101837
v -0.035009 0.141406 0.103113
v -0.007275 0.141578 0.102490
v -0.017158 0.143377 0.104612
v -0.041235 0.139876 0.110413
v -0.040335 0.141835 0.109934
v -0.026562 0.142900 0.109200
v -0.025240 0.143492 0.108369
v -0.005143 0.141185 0.110066
v -0.019752 0.137095 0.110406
v -0.012050 0.143908 0.105971
v -0.044264 0.119891 0.087761
v -0.043135 0.118522 0.070833
v -0.043897 0.119049 0.088532
v -0.042005 0.118212 0.072757
v -0.043257 0.118806 0.090887
v -0.037319 0.119089 0.093623
v -0.037547 0.118661 0.079199
v -0.044894 0.119743 0.103050
v -0.044215 0.119106 0.099885
v -0.044366 0.119030 0.103893
v -0.035914 0.119319 0.089117
v -0.035760 0.119348 0.093289
v -0.035523 0.119160 0.085999
v -0.044013 0.118893 0.095545
v -0.036021 0.118826 0.095469
v -0.035301 0.117532 0.092214
v -0.035600 0.117621 0.095654
v -0.043145 0.119033 0.102548
v -0.036655 0.119128 0.101599
v -0.035868 0.118915 0.099822
v -0.035594 0.115832 0.101290
v -0.035706 0.115860 0.092860
v -0.035535 0.114031 0.079882
v -0.035518 0.117931 0.102815
v -0.035099 0.114152 0.099725
v -0.045151 0.125670 0.107398
v -0.042854 0.127773 0.110570
v -0.043950 0.116262 0.110283
v -0.040477 0.114616 0.111576
v -0.045022 0.119347 0.105638
v -0.044635 0.118244 0.105388
v -0.043873 0.118504 0.104703
v -0.045107 0.116504 0.106787
v -0.043826 0.117350 0.105381
v -0.044449 0.115525 0.105979
v -0.044921 0.115529 0.107448
v -0.044734 0.115737 0.109172
v -0.043757 0.113627 0.108663
v -0.042857 0.115474 0.111057
v -0.040995 0.118661 0.104609
v -0.041606 0.118171 0.105078
v -0.036795 0.119020 0.104034
v -0.036870 0.117954 0.105314
v -0.043785 0.115023 0.105814
v -0.044001 0.114073 0.106860
v -0.042418 0.113583 0.106665
v -0.042430 0.113258 0.107494
v -0.037616 0.114582 0.105936
v -0.043300 0.113929 0.110211
v -0.035879 0.118760 0.102636
v -0.035488 0.118725 0.104459
v -0.035065 0.114767 0.103188
v -0.034668 0.117856 0.104472
v -0.034713 0.117604 0.105265
v -0.033819 0.116212 0.104606
v -0.033145 0.114951 0.105644
v -0.034167 0.113756 0.101827
v -0.033596 0.114842 0.104172
v -0.033643 0.114025 0.103468
v -0.035186 0.113875 0.106581
v -0.029924 0.113802 0.107005
v -0.041522 0.113849 0.111228
v -0.028693 0.113595 0.107828
v -0.041344 0.113217 0.110004
v -0.013252 0.113907 0.110253
v -0.026410 0.114092 0.111332
v -0.003698 0.115489 0.111263
v -0.037552 0.113608 0.111329
v -0.038168 0.141771 0.029585
v -0.040093 0.141544 0.033566
v -0.038164 0.141621 0.033255
v -0.037539 0.141769 0.036320
v -0.038940 0.141898 0.036589
v -0.038317 0.141904 0.041548
v -0.015565 0.139178 0.031497
v -0.023315 0.139746 0.057166
v -0.042206 0.118178 0.047936
v -0.038132 0.117807 0.040454
v -0.036735 0.117363 0.033609
v -0.034081 0.117533 0.030899
v -0.034539 0.116740 0.031299
v -0.035888 0.116849 0.032229
v -0.035236 0.114675 0.031614
v -0.035760 0.113800 0.032089
v -0.033586 0.113604 0.031141
v -0.036298 0.114373 0.033470
v -0.036250 0.116648 0.033732
v -0.036293 0.116924 0.039026
v -0.035899 0.112820 0.033522
v -0.035102 0.112546 0.032693
v -0.035940 0.113183 0.042836
v -0.036295 0.114945 0.041542
v -0.033495 0.111749 0.033980
v -0.034970 0.112228 0.037211
v -0.029459 0.117649 0.030767
v -0.031448 0.116227 0.031003
v -0.022489 0.115039 0.030866
v -0.033442 0.112503 0.031618
v -0.032558 0.111825 0.032576
v -0.031333 0.112327 0.031424
v -0.027809 0.113125 0.031201
v -0.023377 0.111181 0.033873
v -0.036710 0.117507 0.039445
v -0.033813 0.112700 0.071966
v -0.035618 0.113130 0.054281
v -0.036286 0.117884 0.041821
v -0.035778 0.116898 0.044204
v -0.037906 0.117955 0.050128
v -0.036514 0.118268 0.048057
v -0.041222 0.117741 0.055248
v -0.035632 0.116991 0.056947
v -0.036131 0.115117 0.055417
v -0.036058 0.117950 0.046589
v -0.035946 0.118133 0.054284
v -0.036574 0.118404 0.054969
v 0.000261 0.129564 0.023594
v -0.001650 0.139612 0.043107
v 0.000535 0.129573 0.035172
v -0.000492 0.126158 0.035242
v 0.000114 0.127383 0.034175
v 0.000388 0.129753 0.040683
v 0.001101 0.130571 0.041684
v -0.000610 0.126115 0.039980
v -0.019209 0.118161 0.030787
v -0.020342 0.117606 0.031060
v -0.014464 0.118282 0.031154
v -0.019340 0.112786 0.031010
v -0.026893 0.111959 0.031934
v -0.019319 0.111580 0.031868
v -0.012431 0.115927 0.030917
v -0.010040 0.118617 0.026862
v -0.000182 0.119159 0.026333
v -0.011196 0.117720 0.031683
v -0.008871 0.118436 0.031286
v -0.009619 0.118051 0.031830
v -0.003897 0.118507 0.034187
v -0.008769 0.117021 0.032354
v -0.008673 0.117824 0.032454
v -0.008271 0.115412 0.031407
v -0.009964 0.113709 0.030968
v -0.006714 0.115739 0.033073
v -0.007526 0.114986 0.031825
v -0.007100 0.112871 0.032669
v -0.010555 0.110688 0.032902
v -0.009867 0.112054 0.031218
v -0.010848 0.111300 0.031625
v -0.009494 0.110490 0.035656
v -0.008095 0.111184 0.032530
v -0.008346 0.112407 0.031594
v -0.007385 0.111038 0.035015
v -0.007458 0.117554 0.036195
v -0.007924 0.118261 0.032717
v -0.006764 0.118523 0.035524
v -0.007384 0.117031 0.036021
v -0.006327 0.115493 0.035157
v -0.006830 0.118453 0.036953
v -0.006427 0.116052 0.038471
v -0.007499 0.117602 0.039672
v -0.007663 0.116892 0.038071
v -0.002336 0.118927 0.034661
v -0.002293 0.119148 0.036786
v -0.001390 0.121281 0.053323
v -0.001492 0.121003 0.036079
v -0.007408 0.117255 0.040416
v -0.006399 0.118424 0.044711
v -0.002797 0.118846 0.043662
v -0.006414 0.116395 0.041577
v -0.006957 0.117269 0.043271
v -0.006757 0.117849 0.046023
v -0.002189 0.119305 0.047660
v -0.006476 0.112451 0.037430
v -0.007801 0.110993 0.044665
v -0.006146 0.115915 0.044560
v -0.006868 0.111822 0.051742
v -0.008739 0.111667 0.084447
v -0.036908 0.118200 0.059409
v -0.036119 0.118417 0.058771
v 0.000422 0.130025 0.052849
v -0.000229 0.128334 0.044068
v -0.000053 0.129001 0.058146
v 0.001511 0.130670 0.048349
v 0.001232 0.130721 0.055140
v -0.011218 0.139824 0.061386
v 0.000211 0.140344 0.074382
v 0.005359 0.130666 0.047625
v 0.003106 0.140271 0.058464
v 0.012256 0.139903 0.039744
v -0.006363 0.118534 0.049596
v -0.006649 0.118041 0.050034
v -0.006947 0.111977 0.075105
v -0.006023 0.116304 0.049220
v -0.006060 0.118404 0.052643
v -0.002754 0.119070 0.054883
v -0.006359 0.118046 0.052598
v -0.005916 0.116656 0.053601
v -0.006192 0.118572 0.055587
v -0.006383 0.118104 0.059931
v -0.006140 0.113430 0.077036
v -0.007840 0.118529 0.067658
v -0.007895 0.118047 0.067412
v -0.006832 0.118269 0.067181
v 0.001301 0.130973 0.064121
v -0.005932 0.116810 0.060210
v -0.006021 0.118702 0.060513
v -0.002699 0.119133 0.060177
v -0.002147 0.119555 0.061904
v -0.006218 0.118873 0.066169
v -0.003032 0.119265 0.068222
v -0.001278 0.121257 0.066469
v -0.006517 0.117926 0.065079
v -0.005961 0.116629 0.067220
v -0.006756 0.117888 0.067087
v -0.005933 0.116504 0.068968
v 0.014715 0.141971 0.009008
v 0.016178 0.142394 0.009002
v 0.014887 0.141866 0.014113
v 0.016603 0.142518 0.013007
v 0.011670 0.139633 0.010236
v 0.013052 0.140293 0.010002
v 0.013413 0.140278 0.019614
v 0.019942 0.141385 0.010274
v 0.021097 0.139193 0.017605
v 0.015664 0.142275 0.023040
v 0.017744 0.142659 0.020355
v 0.020107 0.142351 0.029252
v 0.020728 0.141420 0.022939
v 0.016354 0.142361 0.045280
v 0.018716 0.143038 0.035579
v 0.021891 0.141872 0.045784
v 0.010787 0.130271 0.015439
v 0.009837 0.130537 0.022192
v 0.010735 0.130245 0.022773
v 0.010330 0.129068 0.023926
v 0.005537 0.128269 0.024182
v 0.005488 0.120872 0.025694
v 0.010939 0.130201 0.013393
v 0.011368 0.129925 0.012450
v 0.012156 0.128844 0.011975
v 0.012456 0.129563 0.013852
v 0.013041 0.128237 0.013463
v 0.012202 0.129859 0.016841
v 0.012714 0.129082 0.016811
v 0.013047 0.127206 0.012535
v 0.014689 0.120563 0.013913
v 0.013563 0.126714 0.019768
v 0.011848 0.130220 0.022026
v 0.012713 0.129488 0.022259
v 0.015648 0.119061 0.017639
v 0.013765 0.124676 0.023179
v 0.014618 0.121139 0.023473
v 0.013401 0.124554 0.024066
v 0.015415 0.119485 0.022986
v 0.016628 0.118748 0.021851
v 0.015114 0.119445 0.025050
v 0.014726 0.140766 0.044793
v 0.003337 0.130051 0.034269
v 0.001257 0.129778 0.034142
v 0.002754 0.129306 0.033571
v 0.001551 0.130366 0.035441
v 0.006358 0.130489 0.035457
v 0.008789 0.130103 0.033964
v 0.000791 0.126063 0.033430
v 0.001490 0.127977 0.033220
v 0.002244 0.120624 0.032980
v 0.004592 0.127250 0.033118
v 0.008357 0.124308 0.033063
v 0.008936 0.128650 0.033264
v 0.011036 0.130535 0.034615
v 0.011880 0.129139 0.033425
v 0.012957 0.121174 0.032961
v 0.012268 0.130235 0.034937
v 0.011992 0.129487 0.023278
v 0.012165 0.127242 0.024044
v 0.012190 0.121711 0.025456
v 0.010495 0.119809 0.026110
v 0.013017 0.118929 0.026908
v 0.006213 0.118788 0.027062
v 0.013387 0.119985 0.025752
v 0.014158 0.120590 0.024892
v 0.014864 0.119013 0.026338
v 0.012769 0.118797 0.028670
v 0.016425 0.118808 0.025246
v 0.021348 0.118920 0.032997
v 0.021433 0.118717 0.024935
v 0.012836 0.128519 0.034143
v 0.014532 0.122048 0.035176
v 0.013686 0.126343 0.035516
v 0.014185 0.121514 0.033877
v 0.014269 0.119960 0.033154
v 0.014971 0.120119 0.034463
v 0.004619 0.118587 0.028482
v 0.003880 0.118692 0.031251
v -0.001610 0.118579 0.031922
v 0.000347 0.119266 0.032560
v -0.001565 0.118940 0.033064
v 0.006869 0.119441 0.032509
v -0.001286 0.120689 0.034427
v -0.001109 0.119488 0.033329
v -0.000197 0.120607 0.033234
v 0.013570 0.118926 0.031659
v 0.015331 0.118841 0.031413
v 0.012796 0.119995 0.032699
v 0.014981 0.119393 0.033263
v 0.015975 0.119264 0.035057
v 0.015494 0.119708 0.036749
v 0.017455 0.118989 0.035665
v 0.020927 0.118530 0.015531
v 0.021329 0.118841 0.014439
v 0.021848 0.119494 0.017991
v 0.020799 0.118637 0.020805
v 0.021777 0.118930 0.022122
v 0.022136 0.139062 0.037895
v 0.022472 0.119799 0.030494
v 0.022534 0.119413 0.037425
v 0.023448 0.120683 0.050475
v 0.010728 0.130786 0.039992
v 0.012000 0.130610 0.040107
v 0.013145 0.129013 0.036277
v 0.012690 0.130340 0.045384
v 0.011761 0.130917 0.046959
v 0.013253 0.129236 0.048154
v 0.013778 0.127336 0.049600
v 0.017267 0.142851 0.040935
v 0.015015 0.120989 0.048634
v 0.020049 0.143411 0.055666
v 0.021570 0.142914 0.056687
v 0.010869 0.130848 0.048584
v 0.008930 0.130877 0.059798
v 0.012374 0.130451 0.049609
v 0.011745 0.130929 0.058523
v 0.012760 0.130172 0.057599
v 0.024045 0.139635 0.074974
v 0.015830 0.119702 0.050704
v 0.016975 0.119222 0.049378
v 0.021885 0.119085 0.040465
v 0.022620 0.119024 0.045145
v 0.023332 0.119644 0.054416
v 0.014820 0.123004 0.070358
v 0.015715 0.120152 0.064529
v 0.022537 0.119239 0.053793
v -0.012901 0.140790 0.100570
v 0.013353 0.140495 0.067856
v -0.007741 0.118496 0.068981
v -0.008263 0.118368 0.068013
v -0.007962 0.118151 0.068957
v -0.006876 0.118578 0.068318
v -0.007032 0.117643 0.068151
v -0.007078 0.117840 0.069260
v -0.006965 0.118165 0.069443
v -0.006008 0.119086 0.074184
v -0.006695 0.118006 0.070927
v -0.006407 0.118772 0.073033
v -0.005962 0.116524 0.073141
v -0.006293 0.118433 0.076194
v -0.002652 0.119389 0.073029
v -0.004006 0.119346 0.077311
v -0.005765 0.117062 0.078133
v -0.006028 0.119098 0.078884
v 0.000494 0.130228 0.066875
v 0.001880 0.131063 0.067992
v 0.004673 0.131129 0.067116
v 0.000127 0.129339 0.067848
v 0.004252 0.130809 0.068307
v 0.001037 0.128555 0.069332
v -0.000465 0.125993 0.069816
v 0.000244 0.122674 0.072867
v 0.006381 0.125224 0.071787
v 0.008102 0.131193 0.068433
v 0.011260 0.131335 0.067429
v 0.011959 0.130940 0.068389
v -0.002131 0.119704 0.069204
v -0.001215 0.121455 0.071320
v -0.001754 0.119913 0.072767
v -0.001104 0.120476 0.073174
v 0.000249 0.119924 0.074647
v 0.003153 0.121457 0.074192
v -0.000498 0.119500 0.075248
v 0.004349 0.119559 0.075833
v 0.006789 0.123399 0.073673
v 0.004246 0.120356 0.074729
v 0.000536 0.130533 0.083979
v 0.001415 0.131007 0.082455
v 0.001493 0.131419 0.083582
v 0.000013 0.128380 0.083308
v 0.000784 0.129794 0.082275
v -0.006093 0.118603 0.083119
v -0.005817 0.119135 0.083854
v -0.002357 0.119679 0.082471
v -0.001277 0.119586 0.079947
v -0.002289 0.119957 0.091429
v 0.000212 0.129968 0.094000
v -0.002003 0.120159 0.085012
v 0.002121 0.130109 0.081637
v 0.004813 0.131130 0.082123
v 0.004229 0.129741 0.081361
v 0.005570 0.131588 0.083798
v 0.007007 0.131240 0.082739
v 0.007354 0.130378 0.081665
v 0.008530 0.127775 0.081332
v 0.008827 0.125151 0.081244
v 0.012276 0.127182 0.081602
v 0.004819 0.119741 0.079660
v 0.000648 0.120227 0.080597
v -0.000983 0.119993 0.081208
v -0.000838 0.121973 0.082414
v -0.001537 0.120227 0.082171
v 0.000278 0.121612 0.081337
v 0.002214 0.121495 0.081050
v 0.008133 0.120261 0.080491
v 0.008160 0.119953 0.074952
v 0.007034 0.121346 0.074007
v 0.000495 0.125196 0.081717
v 0.001687 0.124851 0.081350
v -0.001079 0.122214 0.084299
v 0.012927 0.121581 0.080985
v 0.012859 0.124480 0.081185
v 0.001323 0.143934 0.108349
v 0.001824 0.143137 0.109220
v 0.005725 0.143879 0.104439
v 0.015138 0.140946 0.077241
v 0.017163 0.141890 0.093171
v 0.017033 0.141998 0.078842
v 0.018284 0.143176 0.083981
v 0.016548 0.141652 0.100161
v 0.019136 0.143693 0.095377
v 0.019873 0.143929 0.090145
v 0.019395 0.143814 0.100124
v 0.021526 0.144452 0.097406
v 0.017684 0.142279 0.100742
v 0.001194 0.131332 0.087556
v 0.001833 0.131799 0.095138
v 0.000821 0.131144 0.093809
v -0.001243 0.121485 0.093252
v 0.000453 0.129929 0.095748
v 0.000977 0.128594 0.097017
v -0.000865 0.122668 0.099104
v 0.004952 0.131883 0.094734
v 0.011181 0.131176 0.082032
v 0.011167 0.131669 0.083205
v 0.011970 0.130111 0.081841
v 0.012416 0.130780 0.082467
v 0.012235 0.131416 0.083428
v 0.013204 0.130317 0.083516
v 0.010842 0.132021 0.094071
v 0.012012 0.131741 0.089549
v 0.008297 0.131961 0.095276
v 0.013121 0.130920 0.087813
v 0.013810 0.128200 0.086431
v 0.014162 0.127905 0.090908
v 0.013245 0.130620 0.091943
v 0.013368 0.131050 0.093253
v 0.003201 0.141068 0.098486
v 0.013722 0.141310 0.099959
v 0.006034 0.131644 0.095447
v 0.008451 0.129289 0.096948
v 0.001688 0.123031 0.100596
v 0.011686 0.131781 0.095784
v 0.012426 0.131715 0.092374
v 0.013020 0.131192 0.095235
v 0.014099 0.128248 0.098050
v 0.014704 0.141794 0.101772
v 0.012510 0.130102 0.097079
v 0.013355 0.129013 0.098168
v 0.009684 0.125457 0.100311
v 0.005412 0.121857 0.101148
v 0.014614 0.126080 0.098837
v 0.013256 0.127499 0.099627
v 0.015409 0.122416 0.097954
v 0.015142 0.122048 0.099926
v 0.013039 0.122881 0.100803
v 0.013929 0.124212 0.100259
v 0.014944 0.121388 0.100639
v 0.013511 0.121487 0.101273
v 0.013977 0.120633 0.102188
v 0.004928 0.120652 0.102044
v 0.015840 0.120674 0.101450
v 0.017772 0.143123 0.066079
v 0.018067 0.143243 0.060520
v 0.022883 0.142237 0.065062
v 0.020183 0.143604 0.065743
v 0.019022 0.143613 0.075843
v 0.020951 0.143828 0.072257
v 0.023146 0.143087 0.078973
v 0.021281 0.143790 0.076275
v 0.024285 0.142389 0.088220
v 0.013064 0.129979 0.065329
v 0.013861 0.127834 0.070840
v 0.012543 0.130819 0.067815
v 0.015313 0.120993 0.071674
v 0.017399 0.119729 0.072699
v 0.023410 0.119544 0.064570
v 0.023788 0.119863 0.077498
v 0.013076 0.128183 0.071405
v 0.012130 0.129776 0.069398
v 0.011935 0.126422 0.072769
v 0.013119 0.127250 0.072160
v 0.012875 0.122904 0.073520
v 0.014018 0.122801 0.073012
v 0.014485 0.123355 0.072124
v 0.014974 0.121146 0.072812
v 0.013742 0.126753 0.082116
v 0.012435 0.120984 0.074194
v 0.014591 0.119803 0.077518
v 0.013431 0.119863 0.075280
v 0.014320 0.120658 0.073901
v 0.015421 0.120008 0.074230
v 0.016448 0.119951 0.072352
v 0.013659 0.119936 0.079283
v 0.013008 0.120348 0.080314
v 0.014121 0.122031 0.081381
v 0.015153 0.121215 0.082226
v 0.014724 0.120918 0.081228
v 0.015266 0.120173 0.080743
v 0.017396 0.119967 0.081294
v 0.016421 0.120178 0.082126
v 0.024699 0.120742 0.073707
v 0.025037 0.121650 0.080943
v 0.024115 0.119854 0.073229
v 0.024874 0.120353 0.084503
v 0.021846 0.144049 0.084340
v 0.023564 0.143876 0.095006
v 0.022817 0.144495 0.101624
v 0.025631 0.140650 0.106100
v 0.013407 0.127871 0.082724
v 0.012958 0.129320 0.082398
v 0.014156 0.127112 0.083507
v 0.014604 0.125112 0.085701
v 0.015484 0.121399 0.083549
v 0.015099 0.122896 0.088471
v 0.015911 0.121080 0.093666
v 0.016654 0.120251 0.085121
v 0.017263 0.120495 0.099715
v 0.024800 0.120366 0.093878
v 0.026329 0.122772 0.106526
v 0.025496 0.120864 0.091535
v 0.016246 0.120882 0.099152
v 0.019937 0.120430 0.103762
v 0.025387 0.120602 0.102343
v 0.026159 0.121319 0.102710
v 0.025619 0.121231 0.096846
v -0.038399 0.118105 0.061205
v -0.036368 0.118195 0.065412
v -0.036434 0.117972 0.061511
v -0.035969 0.117000 0.062173
v -0.034481 0.113231 0.082336
v -0.036498 0.118297 0.071960
v -0.035895 0.117434 0.070126
v -0.035859 0.115707 0.078863
v -0.036088 0.118190 0.073865
v -0.035805 0.117219 0.074192
v -0.036176 0.118835 0.075668
v -0.035606 0.118730 0.077515
v -0.036025 0.119303 0.081279
v -0.035383 0.117301 0.080084
v -0.035352 0.117539 0.088023
v -0.024320 0.112835 0.100750
v -0.032325 0.113358 0.102103
v -0.005643 0.117179 0.086549
v -0.006078 0.118901 0.087376
v -0.005479 0.119501 0.091067
v -0.005677 0.116744 0.093163
v -0.007529 0.112135 0.095371
v -0.031656 0.115791 0.104923
v -0.031091 0.115797 0.104678
v -0.031136 0.115925 0.104717
v -0.030995 0.115635 0.105039
v -0.030670 0.115503 0.104983
v -0.030405 0.115440 0.104637
v -0.029883 0.115904 0.104633
v -0.030521 0.115401 0.104631
v -0.029924 0.115601 0.104969
v -0.030601 0.115225 0.105069
v -0.029232 0.115212 0.104804
v -0.032194 0.115650 0.104704
v -0.031162 0.114994 0.104465
v -0.032186 0.115519 0.104993
v -0.024876 0.114869 0.104475
v -0.017916 0.113099 0.103136
v -0.027886 0.115273 0.105247
v -0.025331 0.114909 0.105748
v -0.022595 0.115154 0.104735
v -0.021250 0.115102 0.105400
v -0.021010 0.113776 0.107142
v -0.009377 0.112052 0.101536
v -0.019916 0.114838 0.104441
v -0.019238 0.115160 0.104871
v -0.016988 0.114876 0.104447
v -0.018856 0.114887 0.105791
v -0.013274 0.115095 0.105503
v -0.011376 0.114040 0.107052
v -0.007712 0.112269 0.102199
v -0.012981 0.114914 0.104310
v -0.009006 0.113016 0.103388
v -0.010201 0.114942 0.104261
v -0.014316 0.114186 0.111035
v -0.010709 0.114861 0.105726
v -0.009216 0.115207 0.104964
v 0.006051 0.114573 0.110952
v -0.005893 0.119202 0.096151
v -0.006019 0.118864 0.092489
v -0.005802 0.119523 0.094017
v -0.005553 0.119520 0.096879
v -0.002620 0.120080 0.098877
v -0.006033 0.118413 0.096877
v -0.005969 0.113920 0.100671
v -0.006524 0.112940 0.101874
v -0.005846 0.119675 0.099295
v -0.004459 0.120006 0.102603
v -0.006255 0.119378 0.101593
v -0.005675 0.116523 0.101248
v -0.005935 0.115289 0.102560
v -0.001600 0.120688 0.099000
v -0.000940 0.121402 0.100040
v -0.008247 0.115150 0.104222
v -0.007187 0.113116 0.102975
v -0.006495 0.115592 0.103615
v -0.003953 0.119952 0.103198
v -0.006824 0.119449 0.102971
v -0.008046 0.118192 0.103675
v -0.008166 0.118322 0.104465
v -0.005648 0.118618 0.104757
v -0.008197 0.117221 0.104097
v -0.008538 0.116665 0.104682
v -0.008552 0.116422 0.104243
v -0.008612 0.115602 0.104602
v -0.008412 0.115475 0.105178
v -0.007736 0.117750 0.105014
v -0.007057 0.115767 0.105368
v -0.002229 0.115602 0.105645
v -0.001221 0.117563 0.105284
v 0.000546 0.119730 0.103950
v 0.000011 0.121284 0.101058
v -0.001486 0.120215 0.101259
v -0.000347 0.120321 0.101870
v 0.003417 0.119589 0.104722
v -0.000538 0.118841 0.104752
v 0.008230 0.115219 0.105947
v -0.000631 0.114235 0.106889
v 0.004705 0.120107 0.103928
v -0.007331 0.114801 0.105944
v 0.006953 0.118942 0.105023
v 0.010865 0.119392 0.104891
v 0.018475 0.116648 0.105422
v 0.013904 0.114554 0.106857
v 0.015857 0.120054 0.104307
v 0.015969 0.118880 0.105024
v 0.020696 0.115075 0.106195
v 0.021802 0.119352 0.104885
v 0.018700 0.143854 0.102820
v 0.019985 0.144385 0.102813
v 0.016898 0.144456 0.105611
v 0.022283 0.144636 0.107267
v 0.023818 0.144337 0.106272
v 0.022692 0.143531 0.108852
v 0.021185 0.144213 0.108374
v 0.023602 0.143948 0.107743
v 0.016637 0.144021 0.104235
v 0.016471 0.142396 0.102549
v 0.020147 0.143097 0.109373
v 0.019568 0.141391 0.109919
v 0.022729 0.141869 0.109687
v 0.024082 0.142975 0.108410
v 0.024289 0.139464 0.109082
v 0.022482 0.131429 0.110370
v 0.024987 0.143245 0.106355
v 0.025376 0.140651 0.107307
v 0.025489 0.134615 0.108128
v 0.025522 0.120262 0.104003
v 0.025638 0.119156 0.104842
v 0.026225 0.120519 0.104657
v 0.026454 0.116863 0.105666
v 0.026614 0.115623 0.107434
v 0.025906 0.124871 0.108412
v 0.023819 0.124105 0.110434
v 0.022709 0.116026 0.111072
v 0.026140 0.116102 0.109104
v 0.025755 0.115962 0.105446
v 0.026307 0.115189 0.106169
v 0.025366 0.114721 0.106782
v 0.024774 0.114661 0.108794
v 0.026049 0.114921 0.108577
v 0.023239 0.114797 0.110544
v 0.025317 0.114942 0.109574
v 0.024429 0.115980 0.110704
v -0.000413 0.126526 0.088708
v 0.010899 0.129327 0.081454
v 0.044551 0.067205 0.022564
v 0.044938 0.064059 0.024799
v 0.044719 0.064175 0.022840
v 0.045965 0.063742 0.027669
v 0.046213 0.063387 0.024383
v 0.044610 0.068657 0.032600
v 0.044673 0.065399 0.027300
v 0.045055 0.064289 0.026936
v 0.045174 0.063869 0.029563
v 0.047475 0.072658 0.033242
v 0.047041 0.072988 0.035097
v 0.044791 0.063839 0.031255
v 0.045217 0.071624 0.036122
v 0.044718 0.069792 0.037369
v 0.045617 0.072290 0.037696
v 0.045862 0.072695 0.036954
v 0.046345 0.063526 0.029277
v 0.045397 0.062383 0.031656
v 0.044643 0.060045 0.033909
v 0.045298 0.059861 0.032852
v 0.046091 0.059884 0.032518
v 0.047816 0.062026 0.031362
v 0.049189 0.059559 0.032479
v 0.044745 0.055607 0.034102
v 0.045454 0.056997 0.033143
v 0.044571 0.052058 0.035460
v 0.044593 0.045886 0.038118
v 0.044972 0.069654 0.038575
v 0.045207 0.066614 0.039563
v 0.044803 0.034825 0.039104
v 0.046129 0.041160 0.040382
v 0.048046 0.062579 0.020451
v 0.057158 0.062933 0.022581
v 0.050113 0.063764 0.027159
v 0.058467 0.061009 0.019823
v 0.058176 0.061654 0.019339
v 0.058214 0.062462 0.021654
v 0.058645 0.058466 0.023174
v 0.058833 0.061012 0.022378
v 0.058494 0.062255 0.024329
v 0.057786 0.063136 0.025375
v 0.058816 0.060225 0.025151
v 0.056468 0.063464 0.027504
v 0.049478 0.063408 0.029344
v 0.052654 0.063216 0.029875
v 0.051571 0.062395 0.031118
v 0.057692 0.062691 0.030439
v 0.057750 0.063324 0.028828
v 0.058290 0.062819 0.029389
v 0.058644 0.061122 0.031325
v 0.066682 0.073132 0.037016
v 0.069861 0.068240 0.026021
v 0.069922 0.066154 0.019549
v 0.069667 0.071673 0.035163
v 0.058532 0.062755 0.027535
v 0.058870 0.061091 0.030262
v 0.069758 0.061589 0.031162
v 0.069111 0.059586 0.031295
v 0.069666 0.058795 0.029368
v 0.045285 0.047143 0.032754
v 0.045701 0.041532 0.032448
v 0.044473 0.041194 0.033430
v 0.046213 0.051966 0.032537
v 0.056591 0.033117 0.032261
v 0.058578 0.047930 0.025484
v 0.058599 0.044381 0.025861
v 0.058827 0.046368 0.031104
v 0.058509 0.033557 0.030859
v 0.058510 0.040735 0.031177
v 0.050521 0.060964 0.032106
v 0.050692 0.057174 0.032699
v 0.057085 0.061371 0.031862
v 0.046905 0.057586 0.032720
v 0.055441 0.050465 0.032435
v 0.055065 0.059151 0.032643
v 0.058097 0.059157 0.032335
v 0.056844 0.056839 0.032646
v 0.044884 0.050867 0.033425
v 0.044585 0.046333 0.033704
v 0.047753 0.042811 0.040772
v 0.047635 0.063017 0.040754
v 0.058657 0.055660 0.031661
v 0.058523 0.049997 0.031425
v 0.057919 0.051730 0.032172
v 0.058235 0.055066 0.032264
v 0.057941 0.048120 0.032188
v 0.057958 0.041633 0.032042
v 0.058570 0.045294 0.031469
v 0.058085 0.034369 0.031893
v 0.046015 0.070532 0.039787
v 0.046869 0.072587 0.038561
v 0.048529 0.073219 0.037373
v 0.048546 0.072524 0.039214
v 0.057125 0.072699 0.038767
v 0.047467 0.071118 0.040106
v 0.046418 0.069074 0.040422
v 0.048406 0.069953 0.040627
v 0.053763 0.071711 0.039772
v 0.065247 0.071353 0.039863
v 0.061788 0.069181 0.040594
v 0.066870 0.072535 0.038783
v 0.068493 0.072822 0.036721
v 0.070077 0.069872 0.036774
v 0.069917 0.070881 0.036481
v 0.069941 0.062573 0.037305
v 0.069274 0.060665 0.034293
v 0.069740 0.057162 0.032533
v 0.069209 0.060646 0.036979
v 0.069168 0.072051 0.037766
v 0.068366 0.071528 0.039188
v 0.069664 0.069795 0.038496
v 0.067334 0.070042 0.040241
v 0.069018 0.069199 0.039539
v 0.067705 0.065783 0.040457
v 0.069646 0.062908 0.038862
v 0.068538 0.062349 0.039893
v 0.067513 0.061315 0.040206
v 0.068905 0.061019 0.039224
v 0.062865 0.061413 0.040553
v 0.062727 0.055261 0.040552
v 0.063296 0.057405 0.040996
v 0.062694 0.048770 0.040514
v 0.063423 0.051295 0.041055
v 0.069471 0.058222 0.044151
v 0.068958 0.060328 0.039693
v 0.063448 0.060431 0.040944
v 0.063464 0.060083 0.042113
v 0.065794 0.061467 0.040434
v 0.064208 0.061164 0.040988
v 0.064092 0.060982 0.042826
v 0.066841 0.061025 0.041000
v 0.063451 0.060420 0.045040
v 0.063264 0.059055 0.045611
v 0.063927 0.061065 0.047587
v 0.063449 0.060582 0.049722
v 0.063329 0.050929 0.045852
v 0.062413 0.057296 0.047428
v 0.062658 0.054194 0.047498
v 0.068109 0.060882 0.040694
v 0.069112 0.059473 0.050795
v 0.068359 0.060510 0.047235
v 0.062642 0.035617 0.040465
v 0.063228 0.046847 0.040833
v 0.063329 0.038973 0.041548
v 0.063109 0.035062 0.040853
v 0.062479 0.038941 0.047907
v 0.063782 0.060970 0.054635
v 0.063216 0.060471 0.058492
v 0.067729 0.060699 0.065163
v 0.062468 0.057216 0.053801
v 0.068470 0.060225 0.064457
v 0.068865 0.058548 0.070854
v 0.062246 0.038247 0.058604
v 0.061888 0.049594 0.067120
v 0.045104 0.031615 0.032703
v 0.044365 0.035401 0.033717
v 0.046396 0.030936 0.032475
v 0.044373 0.029252 0.033748
v 0.044255 0.021810 0.033973
v 0.044795 0.020389 0.033211
v 0.044167 0.017241 0.033768
v 0.045843 0.020606 0.032833
v 0.044218 0.010298 0.038312
v 0.058681 0.032517 0.028371
v 0.058487 0.029342 0.027790
v 0.058650 0.031551 0.031310
v 0.058334 0.029624 0.031337
v 0.058447 0.027417 0.031800
v 0.057715 0.028656 0.032267
v 0.045955 0.017842 0.032505
v 0.050669 0.016198 0.031772
v 0.048471 0.019055 0.032658
v 0.055602 0.018206 0.032333
v 0.057099 0.016403 0.031636
v 0.052137 0.022440 0.032695
v 0.057793 0.023077 0.032427
v 0.054768 0.019970 0.032612
v 0.046465 0.009516 0.040537
v 0.056764 0.008249 0.040441
v 0.061934 0.021634 0.040458
v 0.044318 0.014672 0.032073
v 0.044863 0.015081 0.031200
v 0.044109 0.014238 0.032912
v 0.045522 0.015424 0.031166
v 0.045069 0.017046 0.032456
v 0.052078 0.014397 0.029819
v 0.056471 0.013995 0.028481
v 0.051507 0.015121 0.030878
v 0.048162 0.016251 0.031494
v 0.045035 0.010086 0.039842
v 0.044315 0.005814 0.036567
v 0.046580 0.004602 0.037425
v 0.044587 0.007573 0.038709
v 0.045513 0.007272 0.039752
v 0.045203 0.005523 0.038432
v 0.046909 0.005164 0.039072
v 0.047303 0.006595 0.040059
v 0.054848 0.004752 0.038534
v 0.057416 0.005986 0.039803
v 0.063208 0.030874 0.046053
v 0.062032 0.018727 0.060879
v 0.061487 0.018697 0.076256
v 0.069822 0.053970 0.021249
v 0.069152 0.057231 0.030367
v 0.069615 0.041450 0.029247
v 0.069035 0.043417 0.030380
v 0.069577 0.043975 0.032491
v 0.068961 0.032070 0.030419
v 0.068638 0.018313 0.063458
v 0.069406 0.026485 0.032358
v 0.058398 0.025153 0.031678
v 0.069565 0.024635 0.029100
v 0.058519 0.016975 0.029235
v 0.058013 0.014971 0.026197
v 0.056499 0.014743 0.030144
v 0.058156 0.015009 0.028259
v 0.057701 0.015085 0.030112
v 0.057771 0.014608 0.028886
v 0.058412 0.021067 0.031508
v 0.057841 0.019167 0.032234
v 0.058313 0.017104 0.031237
v 0.069422 0.018183 0.029480
v 0.068669 0.023937 0.030328
v 0.068861 0.019645 0.030356
v 0.069433 0.008877 0.032295
v 0.068995 0.016996 0.031913
v 0.069391 0.014781 0.031930
v 0.063228 0.025119 0.042035
v 0.062904 0.023891 0.040958
v 0.062836 0.017754 0.040581
v 0.063175 0.016868 0.041550
v 0.062166 0.016148 0.040423
v 0.063086 0.021383 0.046116
v 0.069340 0.018574 0.033438
v 0.063431 0.016267 0.040743
v 0.067240 0.015309 0.039579
v 0.068177 0.016161 0.039375
v 0.066072 0.015415 0.040010
v 0.066479 0.015969 0.040674
v 0.068471 0.015942 0.038617
v 0.067814 0.016186 0.042604
v 0.068810 0.017049 0.039043
v 0.068356 0.016854 0.059267
v 0.068971 0.016485 0.036797
v 0.069467 0.014151 0.037387
v 0.069182 0.014044 0.038773
v 0.066562 0.004438 0.035463
v 0.060113 0.004551 0.037758
v 0.068816 0.006728 0.030802
v 0.069025 0.006736 0.036549
v 0.067750 0.004996 0.033906
v 0.064180 0.015598 0.040392
v 0.066968 0.007561 0.040223
v 0.066396 0.004505 0.037534
v 0.063765 0.004928 0.038849
v 0.066612 0.005833 0.039543
v 0.063517 0.016018 0.052912
v 0.063947 0.016134 0.042739
v 0.063070 0.016746 0.046487
v 0.063955 0.016007 0.040798
v 0.067362 0.012986 0.040276
v 0.067445 0.015979 0.052192
v 0.069168 0.008789 0.038533
v 0.068454 0.007920 0.039496
v 0.067567 0.004950 0.038465
v 0.067883 0.004832 0.036625
v 0.068765 0.006502 0.038309
v 0.068002 0.006654 0.039508
v 0.062316 0.019198 0.048026
v 0.063003 0.016410 0.052628
v 0.065966 0.015800 0.068958
v 0.062808 0.015985 0.071084
v 0.067382 0.016048 0.067263
v 0.063652 0.060968 0.072826
v 0.062893 0.060468 0.072857
v 0.062060 0.057369 0.063812
v 0.062060 0.057391 0.072479
v 0.068319 0.059955 0.079337
v 0.061692 0.057558 0.085976
v 0.062360 0.059233 0.086606
v 0.062579 0.059994 0.088338
v 0.063175 0.060667 0.087365
v 0.062375 0.055870 0.087524
v 0.062396 0.057628 0.090738
v 0.067220 0.060597 0.085205
v 0.068555 0.058586 0.085085
v 0.067910 0.059975 0.088469
v 0.063410 0.060130 0.089537
v 0.063030 0.059122 0.090816
v 0.062944 0.057813 0.091677
v 0.065938 0.060567 0.088100
v 0.066522 0.059446 0.090659
v 0.067670 0.059206 0.090221
v 0.067175 0.058018 0.091572
v 0.066900 0.056469 0.092147
v 0.068439 0.057624 0.089783
v 0.067991 0.056993 0.091363
v 0.061789 0.044241 0.080994
v 0.068288 0.038460 0.090344
v 0.061836 0.040669 0.086192
v 0.061584 0.026758 0.086027
v 0.063282 0.015797 0.078522
v 0.066090 0.015720 0.087552
v 0.067327 0.016216 0.082392
v 0.062349 0.037360 0.087407
v 0.061233 0.018989 0.085887
v 0.062168 0.019207 0.087402
v 0.062231 0.022022 0.091854
v 0.068156 0.018369 0.089441
v 0.062022 0.017649 0.086372
v 0.062427 0.016059 0.085363
v 0.062964 0.015840 0.088702
v 0.067812 0.016884 0.085276
v 0.062148 0.017593 0.091073
v 0.062315 0.016402 0.089254
v 0.062786 0.016477 0.090660
v 0.062854 0.019869 0.092272
v 0.062907 0.017899 0.091840
v 0.065170 0.016631 0.091109
v 0.066472 0.017456 0.091638
v 0.065948 0.016020 0.089915
v 0.067303 0.016086 0.088338
v 0.067820 0.017350 0.089831
v 0.066735 0.016768 0.090985
v 0.067571 0.018934 0.091371
v 0.062366 0.045020 0.091552
v 0.062524 0.055476 0.091815
v 0.062610 0.048940 0.092124
v 0.062979 0.052647 0.092204
v 0.063129 0.056253 0.092108
v 0.068061 0.045468 0.091306
v 0.066751 0.048828 0.092260
v 0.063072 0.043265 0.092255
v 0.066753 0.037981 0.092257
v 0.062298 0.034272 0.090923
v 0.062472 0.040408 0.091970
v 0.062718 0.036706 0.092282
v 0.062442 0.029707 0.092067
v 0.063029 0.029200 0.092374
v 0.067612 0.029133 0.091686
v 0.066394 0.024360 0.092377
v 0.067840 0.021466 0.091442
v 0.066363 0.019180 0.092231
vn -0.018658 0.969751 -0.243380
vn -0.019719 0.674980 -0.737573
vn -0.013162 0.994713 0.101851
vn -0.023626 0.982152 -0.186601
vn -0.005340 0.813872 0.581020
vn -0.539243 0.058618 -0.840108
vn -0.453507 0.471228 -0.756489
vn -0.052001 0.174352 -0.983309
vn -0.053912 0.011462 -0.998480
vn -0.512766 0.003770 -0.858520
vn -0.846248 0.019763 -0.532422
vn -0.586303 -0.001973 -0.810089
vn -0.667277 -0.147332 -0.730092
vn -0.017065 -0.032824 -0.999316
vn -0.304630 -0.068886 -0.949977
vn -0.965219 -0.011868 -0.261172
vn -0.864809 0.002337 -0.502096
vn -0.999170 -0.008786 -0.039767
vn -0.997256 -0.070975 0.021067
vn -0.796684 -0.548876 0.253040
vn -0.111701 -0.992191 0.055501
vn -0.026868 -0.305469 0.951823
vn 0.010923 -0.225749 0.974124
vn -0.182479 -0.834333 -0.520182
vn 0.005817 -0.999576 0.028531
vn -0.631541 -0.683266 -0.366474
vn 0.010735 -0.934191 0.356612
vn -0.806173 -0.591589 -0.010376
vn 0.023497 -0.995069 0.096357
vn -0.084328 -0.572511 0.815549
vn -0.765298 -0.155929 0.624503
vn 0.000893 -0.237958 0.971275
vn -0.027190 -0.569978 -0.821210
vn 0.020175 -0.989406 -0.143765
vn 0.016445 -0.997481 -0.069002
vn -0.006701 -0.011157 -0.999915
vn -0.689914 0.629935 -0.356652
vn -0.838170 0.220617 -0.498798
vn -0.852221 0.511063 -0.111949
vn -0.984112 0.161921 -0.072837
vn -0.816300 0.575441 -0.050216
vn -0.287730 0.957032 -0.036069
vn -0.488937 0.869434 -0.070887
vn -0.481417 0.875943 -0.031015
vn -0.026140 0.999448 -0.020515
vn 0.052208 0.998603 0.008162
vn -0.998257 0.003313 -0.058932
vn -0.083239 0.755151 -0.650245
vn -0.275712 0.890533 -0.361848
vn 0.053891 0.991309 0.120007
vn -0.048218 0.997419 -0.053203
vn -0.035508 0.887505 -0.459427
vn 0.002459 0.977256 -0.212046
vn -0.009229 0.811615 -0.584120
vn -0.007797 0.075958 -0.997081
vn 0.370144 0.878812 0.301135
vn 0.508045 0.859361 0.058208
vn 0.439258 0.898213 0.016276
vn 0.114117 0.823001 0.556458
vn 0.046686 0.839938 0.540670
vn 0.033046 0.999453 -0.001371
vn -0.005122 0.873379 0.487014
vn -0.004265 0.845899 0.533327
vn 0.059032 -0.989543 0.131602
vn 0.940272 -0.304973 0.151260
vn 0.132853 -0.757020 0.639742
vn 0.589622 -0.187373 0.785645
vn 0.031349 -0.341306 0.939429
vn 0.027692 -0.842204 0.538447
vn -0.997556 0.058021 -0.038917
vn -0.885344 0.463110 -0.041174
vn -0.999331 -0.002184 -0.036506
vn -0.049077 0.998717 -0.012506
vn -0.398953 0.916554 -0.027663
vn 0.499042 0.866557 0.005986
vn 0.068417 -0.996951 0.037528
vn 0.709502 -0.704480 -0.017728
vn 0.544363 -0.835035 0.079905
vn 0.022876 -0.999298 -0.029654
vn 0.028719 -0.985342 0.168153
vn 0.008219 -0.999135 0.040766
vn 0.013489 0.999723 -0.019289
vn 0.508886 0.860819 0.005135
vn 0.078781 -0.975292 -0.206394
vn 0.029024 -0.770584 -0.636677
vn 0.024567 -0.231813 -0.972450
vn 0.019965 -0.999519 -0.023733
vn 0.000956 -0.303759 -0.952749
vn -0.948422 -0.317007 -0.001021
vn -0.383679 -0.919142 0.089262
vn 0.092363 -0.986552 0.134847
vn 0.332830 -0.939367 0.082548
vn 0.061414 -0.997569 0.032922
vn -0.002744 -0.843394 0.537288
vn 0.021987 -0.847348 0.530583
vn 0.049771 -0.909689 0.412297
vn 0.446324 -0.673875 0.588802
vn -0.064097 -0.997799 0.017013
vn -0.550593 -0.834675 0.012859
vn -0.766976 -0.641255 -0.023235
vn -0.998728 -0.037467 -0.033750
vn 0.114719 -0.993203 0.019667
vn 0.950660 -0.220562 0.218168
vn 0.688704 -0.278415 0.669456
vn 0.817424 -0.485633 0.309805
vn 0.067497 -0.119811 0.990500
vn 0.293268 -0.432544 0.852584
vn 0.977462 -0.206589 0.043472
vn 0.975473 -0.218562 0.026138
vn 0.583385 -0.811692 0.028596
vn 0.883989 -0.467114 0.019174
vn 0.969904 -0.241637 -0.029965
vn -0.082291 -0.996578 0.007827
vn -0.859769 -0.510382 -0.017539
vn -0.842333 -0.538677 -0.017353
vn 0.869934 -0.389198 -0.302886
vn 0.593635 -0.788563 -0.160517
vn 0.601846 -0.798327 -0.021355
vn 0.961519 -0.227004 -0.154759
vn 0.593912 -0.422979 -0.684366
vn 0.896536 -0.213949 -0.387878
vn 0.453592 -0.251601 -0.854957
vn 0.653800 -0.486741 -0.579334
vn 0.300190 -0.403802 -0.864193
vn 0.025306 -0.290036 -0.956681
vn 0.228762 -0.830729 -0.507501
vn 0.021532 -0.822802 -0.567920
vn 0.008674 -0.656819 -0.753999
vn 0.064133 -0.997892 -0.009906
vn 0.009236 -0.999936 0.006593
vn 0.029561 -0.994822 -0.097238
vn -0.013014 0.533565 -0.845659
vn -0.007656 0.857221 -0.514891
vn -0.016300 0.576994 -0.816586
vn -0.013759 0.900039 0.435591
vn -0.027219 0.913543 -0.405831
vn -0.024630 0.999126 -0.033782
vn -0.016408 0.999731 -0.016414
vn -0.026621 0.002229 -0.999643
vn -0.007794 0.011105 -0.999908
vn -0.004572 0.958270 0.285827
vn -0.010955 0.812671 0.582620
vn 0.019918 -0.997229 0.071683
vn 0.014095 -0.161392 0.986790
vn 0.022518 -0.806211 0.591200
vn 0.010506 -0.054990 0.998432
vn 0.013533 -0.090614 0.995794
vn -0.018185 0.931199 0.364058
vn -0.017880 0.999839 0.001206
vn -0.020501 0.999661 -0.016028
vn 0.015295 -0.065986 0.997703
vn 0.018940 -0.797490 0.603035
vn 0.022974 -0.397972 0.917110
vn 0.096360 -0.046314 0.994268
vn 0.021222 -0.830059 0.557271
vn 0.015814 -0.440568 0.897580
vn 0.014706 -0.253720 0.967166
vn 0.005883 -0.563119 -0.826355
vn 0.004589 -0.604484 -0.796604
vn 0.024493 -0.790079 0.612516
vn 0.024910 -0.843704 0.536231
vn -0.028595 0.999002 -0.034315
vn -0.025200 0.858752 -0.511771
vn -0.017398 0.861340 0.507730
vn -0.019139 0.902147 0.431004
vn -0.019941 0.838302 0.544841
vn -0.075747 0.801025 0.593819
vn -0.104926 0.839750 0.532738
vn 0.029721 0.611249 -0.790880
vn -0.015429 0.387595 -0.921701
vn 0.021253 0.941384 -0.336667
vn -0.038281 0.974531 0.220962
vn -0.248151 0.936663 0.247150
vn -0.003007 0.212061 -0.977252
vn 0.358922 0.231771 -0.904133
vn 0.060364 0.017728 -0.998019
vn 0.434719 0.704901 -0.560476
vn 0.740556 0.278520 -0.611558
vn 0.554060 0.035634 -0.831714
vn 0.739890 0.656990 -0.144661
vn 0.985694 0.142125 -0.090595
vn 0.379249 -0.005497 -0.925278
vn 0.898694 0.052281 -0.435450
vn 0.914336 0.029848 -0.403854
vn -0.008363 -0.027509 -0.999587
vn -0.007762 -0.019150 -0.999786
vn 0.008902 -0.573520 0.819143
vn 0.022629 -0.991046 0.131587
vn 0.010606 -0.502344 0.864603
vn 0.018461 -0.156507 0.987504
vn 0.014371 -0.200144 0.979661
vn -0.009390 -0.109734 0.993917
vn -0.388523 -0.152812 0.908679
vn 0.023916 -0.837151 0.546448
vn 0.021544 -0.698724 0.715067
vn 0.012695 -0.213614 0.976836
vn -0.002612 -0.062474 0.998043
vn -0.018604 -0.074353 0.997058
vn -0.062810 -0.086361 0.994282
vn -0.419714 -0.151338 0.894951
vn -0.855342 -0.274998 0.439051
vn -0.032291 -0.266698 0.963239
vn -0.551984 -0.440686 0.707891
vn -0.292660 -0.884251 0.363938
vn 0.016387 -0.837136 0.546749
vn -0.004620 -0.037126 -0.999300
vn 0.022009 -0.984174 -0.175833
vn 0.042724 -0.115813 -0.992352
vn 0.001745 0.002195 -0.999996
vn -0.318315 -0.934409 0.159859
vn 0.343910 -0.523966 -0.779221
vn 0.667470 0.023832 -0.744255
vn 0.994995 0.043712 -0.089861
vn 0.994556 -0.023529 -0.101513
vn 0.022815 -0.228713 0.973226
vn 0.016944 -0.260059 0.965444
vn 0.734779 -0.145930 -0.662423
vn 0.050183 -0.998612 -0.015964
vn 0.655678 -0.728144 -0.199734
vn 0.022083 -0.680337 0.732566
vn 0.072644 -0.973990 0.214631
vn -0.354616 -0.925184 0.135210
vn -0.000029 -0.915063 0.403311
vn -0.058504 -0.997597 0.037103
vn 0.046921 -0.250956 0.966861
vn 0.201917 -0.753930 0.625155
vn 0.998762 -0.017725 0.046480
vn 0.844877 -0.215643 0.489572
vn 0.998765 0.022124 -0.044492
vn 0.133414 -0.965688 0.222817
vn 0.998752 -0.034409 -0.036188
vn 0.162920 -0.984184 0.069558
vn -0.813773 -0.108348 -0.570994
vn -0.675431 0.724802 -0.135850
vn -0.525212 0.477882 -0.704117
vn 0.134101 0.224430 -0.965219
vn -0.204768 -0.102786 -0.973399
vn -0.798700 0.599068 -0.056520
vn -0.733823 -0.519126 -0.438191
vn -0.400638 -0.452553 -0.796671
vn 0.135769 0.172501 -0.975608
vn -0.599480 -0.716029 -0.357668
vn 0.501205 0.677550 -0.538256
vn -0.249844 0.948562 -0.194441
vn 0.310305 0.941105 -0.134283
vn 0.622188 0.762098 -0.179132
vn -0.008105 0.996387 -0.084537
vn -0.747950 0.663695 0.008918
vn -0.961130 0.073523 -0.266126
vn -0.624674 -0.704925 -0.335950
vn -0.784881 0.615470 -0.071826
vn -0.023300 -0.014598 -0.999622
vn -0.208083 -0.073557 -0.975341
vn -0.578700 -0.738328 -0.346379
vn -0.271733 -0.322933 -0.906573
vn -0.770339 0.637571 -0.008954
vn 0.432315 0.527945 -0.731012
vn -0.564386 -0.670307 -0.481826
vn -0.037449 -0.032298 -0.998776
vn -0.380906 -0.445171 -0.810391
vn -0.614282 -0.729737 -0.300237
vn -0.592079 -0.696539 -0.405309
vn 0.293848 0.337954 -0.894114
vn -0.140147 -0.152383 -0.978334
vn -0.604818 -0.718313 -0.343835
vn -0.602434 -0.722832 -0.338508
vn 0.406452 0.398587 -0.822147
vn 0.534699 0.626931 -0.566616
vn 0.598199 0.658709 -0.456355
vn -0.762753 0.646585 0.011587
vn -0.736681 0.676079 0.014758
vn -0.035605 0.056255 0.997781
vn 0.607955 0.789947 -0.079843
vn 0.633255 0.763260 -0.128151
vn 0.104136 0.990497 -0.089846
vn -0.769644 0.638183 0.019255
vn 0.363867 0.910332 0.197219
vn -0.689109 0.708154 0.153775
vn 0.318401 0.779052 0.540092
vn -0.075014 0.192399 0.978446
vn 0.638656 0.768392 -0.041140
vn 0.387881 0.537657 0.748648
vn 0.573874 0.714003 0.401084
vn 0.156193 0.344513 0.925697
vn 0.637265 0.763817 -0.102359
vn 0.452388 0.535757 0.712958
vn 0.627573 0.746857 0.219900
vn 0.048297 0.041394 0.997975
vn 0.292922 0.364780 0.883817
vn 0.018363 0.015687 0.999708
vn 0.532384 0.603037 0.594066
vn 0.334440 0.371583 0.866069
vn -0.783046 0.490344 -0.382626
vn -0.006560 0.968552 -0.248726
vn 0.376251 0.553601 -0.742941
vn -0.701681 0.705981 -0.096099
vn 0.147429 0.250074 -0.956937
vn -0.748588 0.663032 0.001941
vn -0.838343 0.545090 -0.007656
vn 0.566135 0.737334 -0.368550
vn -0.767288 0.640732 -0.027053
vn -0.366441 0.319679 -0.873800
vn 0.112618 0.181510 -0.976919
vn -0.662223 -0.714139 -0.226861
vn -0.640639 -0.757663 -0.124611
vn -0.609834 -0.721231 -0.328525
vn -0.692321 -0.709338 -0.132402
vn -0.784037 0.620622 0.010696
vn 0.095330 0.133953 -0.986392
vn 0.617736 0.742444 -0.259189
vn 0.597244 0.727198 -0.338352
vn -0.021421 0.008818 -0.999732
vn -0.016445 0.029099 -0.999441
vn 0.009752 0.025235 -0.999634
vn -0.120984 -0.078241 -0.989566
vn -0.177057 -0.199272 -0.963816
vn -0.463794 -0.564545 -0.682777
vn -0.451982 -0.521111 -0.723986
vn -0.658368 -0.745914 -0.100812
vn -0.657912 -0.752759 -0.022496
vn -0.982697 -0.184914 0.010607
vn -0.269987 -0.337406 -0.901812
vn 0.274989 0.337101 -0.900413
vn 0.583811 0.701974 -0.407918
vn -0.000662 -0.003929 -0.999992
vn 0.413845 0.504361 -0.757860
vn 0.567780 0.681125 -0.462271
vn 0.590519 0.214944 -0.777873
vn 0.141877 0.015024 -0.989770
vn 0.955657 -0.236940 -0.174869
vn 0.573360 0.702045 -0.422364
vn 0.788024 -0.615029 -0.027531
vn 0.780323 -0.612987 -0.123866
vn 0.684989 0.585103 -0.434102
vn 0.776195 -0.630128 -0.021454
vn 0.688471 -0.442070 -0.574962
vn 0.066244 0.039896 -0.997006
vn -0.577307 -0.760057 -0.298379
vn -0.001980 -0.011613 -0.999931
vn 0.015338 -0.010863 -0.999823
vn 0.763948 -0.645170 -0.011772
vn 0.761448 -0.625706 -0.169378
vn -0.621651 -0.770484 -0.141084
vn -0.632636 -0.766519 -0.110543
vn -0.602014 -0.737321 -0.306492
vn -0.549577 -0.773326 -0.316120
vn -0.438214 -0.623750 -0.647228
vn -0.027876 -0.963083 -0.267756
vn 0.470286 -0.757369 -0.453016
vn -0.095881 -0.209418 -0.973114
vn 0.715875 -0.697501 -0.031872
vn -0.210361 -0.971521 -0.109065
vn -0.279619 -0.953202 -0.114976
vn -0.583301 -0.806033 -0.100352
vn 0.770229 -0.637648 -0.012323
vn -0.769371 0.636678 0.052062
vn -0.768897 0.637707 0.046128
vn -0.790527 0.611964 0.023808
vn -0.395322 -0.187698 0.899161
vn -0.749669 -0.330852 0.573178
vn -0.028254 -0.010437 0.999546
vn -0.695338 0.514367 0.501928
vn -0.001306 0.013224 0.999912
vn 0.022190 -0.006237 0.999734
vn -0.576056 0.475384 0.664959
vn -0.669196 -0.663859 0.333867
vn -0.506316 -0.602272 0.617181
vn -0.643169 -0.761808 -0.077350
vn -0.279715 -0.326763 0.902765
vn -0.287028 -0.374618 0.881633
vn 0.001870 -0.011741 0.999929
vn -0.638080 -0.748034 0.182482
vn -0.601821 -0.731523 0.320445
vn 0.684130 0.729265 0.011762
vn 0.636990 0.738095 0.222394
vn 0.767443 0.625322 0.141434
vn 0.612568 0.587278 0.529023
vn 0.311719 0.222016 0.923872
vn 0.069061 -0.014738 0.997504
vn 0.361369 -0.283618 0.888241
vn -0.479559 -0.601810 0.638630
vn 0.020652 -0.052567 0.998404
vn -0.536075 -0.844094 -0.011328
vn 0.751346 -0.659702 -0.016487
vn -0.598789 -0.777022 0.194135
vn 0.643892 -0.732993 0.219372
vn -0.467394 -0.689944 0.552739
vn 0.435947 -0.887761 0.147749
vn -0.130978 -0.287943 0.948648
vn -0.350634 -0.523034 0.776847
vn 0.762801 -0.630504 0.143523
vn 0.086098 -0.052129 0.994922
vn 0.257186 -0.050736 0.965029
vn -0.445277 0.091692 -0.890685
vn -0.635163 0.286069 -0.717449
vn -0.920781 0.072872 -0.383213
vn -0.846248 0.045523 -0.530841
vn -0.902505 0.180073 -0.391227
vn -0.436422 -0.234141 -0.868742
vn -0.752012 -0.140244 -0.644057
vn -0.505620 0.030801 -0.862206
vn -0.661726 0.471560 -0.582881
vn -0.861939 0.134359 -0.488886
vn -0.718101 0.390305 -0.576188
vn -0.166097 0.158367 -0.973310
vn -0.072086 0.385149 -0.920035
vn -0.450906 0.575701 -0.682094
vn -0.053085 -0.022103 -0.998345
vn 0.148125 0.458722 -0.876147
vn 0.041052 0.112734 -0.992777
vn 0.175024 -0.027531 -0.984179
vn -0.093165 0.734220 -0.672489
vn 0.093278 0.741848 -0.664048
vn 0.009749 0.385912 -0.922484
vn -0.221686 0.384297 -0.896198
vn -0.397389 0.591759 -0.701358
vn -0.044331 0.653170 -0.755913
vn -0.970894 -0.080164 -0.225694
vn 0.254848 0.711366 -0.654989
vn 0.339168 0.555968 -0.758857
vn 0.516525 0.500178 -0.694999
vn 0.537378 0.469029 -0.700883
vn 0.378305 0.169417 -0.910046
vn 0.481991 -0.288863 -0.827190
vn 0.672123 -0.079113 -0.736201
vn 0.731300 0.130386 -0.669477
vn 0.729120 0.262082 -0.632216
vn 0.683142 -0.009903 -0.730218
vn 0.730667 -0.234630 -0.641151
vn 0.435549 0.065259 -0.897796
vn 0.605969 -0.177919 -0.775336
vn -0.996615 -0.075378 -0.032810
vn -0.849645 0.481821 -0.214365
vn -0.662129 0.663333 -0.348675
vn -0.875984 0.404149 -0.263278
vn -0.965551 0.018007 -0.259589
vn -0.962957 -0.206101 -0.173886
vn -0.502404 -0.729432 0.464241
vn -0.947066 -0.312423 -0.073884
vn -0.975205 -0.179849 -0.128956
vn -0.415256 -0.903713 0.104235
vn -0.044882 -0.998591 0.028311
vn -0.418596 -0.255869 -0.871383
vn -0.894871 -0.212828 -0.392314
vn -0.092093 -0.109800 -0.989678
vn -0.092829 -0.228219 -0.969174
vn -0.199283 0.093314 -0.975489
vn -0.236424 0.488992 -0.839637
vn 0.019121 0.218990 -0.975540
vn -0.060343 0.427048 -0.902214
vn 0.079851 -0.190238 -0.978485
vn 0.218504 -0.318287 -0.922469
vn -0.173791 -0.175645 -0.968992
vn 0.019708 -0.405811 -0.913744
vn 0.065199 -0.985955 0.153756
vn 0.001792 -0.999821 0.018808
vn 0.045736 -0.696518 0.716080
vn -0.326295 -0.697717 0.637748
vn -0.005438 -0.846830 0.531835
vn -0.220164 -0.968673 0.114896
vn 0.027320 -0.781347 0.623499
vn -0.957939 -0.204865 -0.200955
vn -0.996134 0.084244 0.024876
vn -0.843148 0.484792 -0.232549
vn -0.894477 0.412051 -0.173565
vn -0.290047 -0.932582 0.214859
vn -0.710630 -0.696640 0.098476
vn -0.083863 -0.996215 0.022849
vn -0.221179 -0.867123 0.446293
vn -0.556101 0.459940 -0.692248
vn -0.232894 -0.797069 0.557172
vn 0.001838 -0.996249 0.086512
vn -0.044347 -0.993490 -0.104929
vn -0.178538 -0.934933 0.306635
vn 0.029690 0.093548 -0.995172
vn 0.223414 0.275995 -0.934833
vn 0.161424 0.568675 -0.806568
vn 0.127068 -0.991803 0.013419
vn 0.103864 -0.945581 -0.308365
vn -0.009808 -0.928579 0.371006
vn -0.005083 -0.763163 0.646186
vn -0.082276 -0.853505 0.514549
vn 0.025816 0.458882 -0.888122
vn 0.032414 0.531664 -0.846335
vn 0.047321 0.889645 -0.454194
vn -0.280914 -0.953101 0.112634
vn -0.094482 -0.907917 0.408362
vn 0.305556 0.346660 -0.886827
vn 0.208067 -0.481974 -0.851122
vn 0.272198 -0.315415 -0.909077
vn 0.122689 -0.811425 -0.571434
vn 0.574291 -0.163395 -0.802179
vn 0.692144 -0.287213 -0.662152
vn 0.699920 0.227457 -0.677034
vn -0.080024 -0.991674 0.100886
vn 0.373754 0.560773 -0.738811
vn 0.491133 -0.286555 -0.822602
vn 0.289956 0.808732 -0.511740
vn 0.698632 -0.076203 -0.711411
vn 0.487551 0.539093 -0.686784
vn 0.186268 -0.294309 -0.937383
vn -0.069801 -0.995157 0.069206
vn -0.139457 -0.990197 0.007872
vn -0.198255 -0.969034 -0.147202
vn -0.278157 -0.947192 -0.159547
vn 0.199621 0.948033 -0.247760
vn 0.164082 0.956475 -0.241316
vn -0.256109 -0.965590 -0.045213
vn -0.113500 -0.965766 -0.233269
vn -0.286304 -0.957865 0.022911
vn 0.127365 -0.765652 -0.630520
vn -0.053261 -0.983937 0.170387
vn -0.139988 -0.946555 0.290581
vn -0.001426 0.578914 -0.815387
vn -0.245343 0.710175 -0.659892
vn 0.064196 0.061795 -0.996022
vn -0.288321 0.654262 0.699151
vn 0.055573 0.606760 0.792940
vn 0.098341 0.937669 0.333325
vn 0.318292 0.433229 0.843210
vn 0.124657 0.844754 -0.520434
vn 0.147717 0.981324 0.123216
vn 0.176407 0.924628 -0.337555
vn 0.409102 0.852469 -0.325473
vn 0.172016 0.698739 -0.694387
vn 0.087660 0.994931 -0.049267
vn -0.393834 0.588323 -0.706237
vn -0.521568 0.099575 -0.847379
vn -0.833870 0.019036 -0.551632
vn -0.830786 0.510184 -0.222503
vn -0.691030 0.397029 -0.604025
vn -0.179319 0.797564 -0.575966
vn -0.104948 0.405247 -0.908163
vn -0.126598 -0.016055 -0.991824
vn -0.370619 0.248357 -0.894964
vn -0.022599 0.055319 -0.998213
vn 0.065253 0.584753 -0.808583
vn 0.060227 0.231634 -0.970937
vn 0.038290 -0.055833 -0.997706
vn 0.203426 0.058333 -0.977351
vn -0.458235 -0.450582 -0.766157
vn -0.776756 -0.327619 -0.537881
vn -0.778988 0.352312 -0.518703
vn -0.664672 0.689296 0.288239
vn -0.988739 -0.028938 -0.146826
vn -0.170558 0.968808 0.179779
vn -0.871121 0.487996 -0.054848
vn -0.766470 -0.442879 -0.465170
vn -0.946237 0.192158 -0.260212
vn -0.715623 0.234826 0.657830
vn -0.551723 0.795367 -0.250983
vn -0.584785 0.809493 -0.052428
vn -0.210935 -0.037520 -0.976780
vn -0.429075 0.263769 -0.863899
vn -0.035527 0.517476 -0.854960
vn -0.105946 -0.808478 -0.578911
vn 0.064609 0.732258 -0.677956
vn 0.312983 0.472321 -0.823987
vn 0.528552 0.604955 -0.595535
vn -0.044702 0.991125 0.125192
vn -0.194514 0.972769 0.126035
vn -0.463629 -0.472302 -0.749653
vn -0.661296 0.624511 -0.415540
vn -0.112132 -0.703397 -0.701897
vn 0.025746 -0.929136 -0.368840
vn -0.114134 -0.826957 -0.550559
vn 0.096001 0.344343 -0.933923
vn 0.564086 0.496795 -0.659547
vn 0.430839 0.543151 -0.720670
vn 0.199328 -0.621356 -0.757750
vn -0.303050 0.797481 -0.521713
vn -0.897517 0.327373 0.295450
vn -0.633693 0.755314 -0.167134
vn -0.460634 0.381533 0.801404
vn -0.780840 0.613000 -0.120500
vn -0.856529 0.432516 -0.281580
vn -0.308767 0.057500 0.949398
vn -0.225692 0.073651 0.971411
vn -0.577043 -0.131739 0.806019
vn -0.833547 0.443507 0.329395
vn -0.942004 0.335340 -0.013212
vn -0.176956 0.875282 0.450076
vn -0.710742 0.099530 0.696376
vn -0.949655 -0.300666 -0.088061
vn -0.794187 0.436552 0.422716
vn -0.553402 -0.205363 0.807200
vn -0.712941 -0.542582 -0.444206
vn -0.864227 -0.501997 -0.033328
vn -0.886415 -0.371124 -0.276650
vn -0.997877 0.064607 -0.008259
vn 0.066398 0.994900 -0.075928
vn -0.915611 0.367391 0.163342
vn -0.114789 0.690545 0.714122
vn -0.163570 0.788520 0.592859
vn -0.618959 0.614222 0.489510
vn -0.974950 0.186319 0.121482
vn -0.681003 0.505535 0.529783
vn -0.087101 0.947908 0.306404
vn -0.098481 0.774881 0.624388
vn -0.018806 0.920317 0.390721
vn -0.973243 -0.039990 -0.226273
vn -0.897638 -0.197213 -0.394149
vn -0.424276 -0.524806 -0.737949
vn -0.707249 -0.372861 -0.600645
vn -0.461256 -0.196444 -0.865247
vn -0.076714 -0.234318 -0.969129
vn -0.609512 -0.464752 -0.642262
vn -0.086716 -0.667264 -0.739756
vn -0.268398 -0.669661 -0.692471
vn 0.106409 -0.680979 -0.724531
vn -0.154556 -0.542770 -0.825538
vn -0.038568 -0.717703 -0.695280
vn -0.923558 0.354020 -0.147344
vn -0.973100 -0.037621 -0.227289
vn -0.868654 -0.210112 -0.448656
vn -0.996083 0.028591 -0.083669
vn -0.706353 0.031028 0.707179
vn -0.305944 -0.003935 0.952042
vn -0.217154 0.051683 0.974768
vn -0.262159 -0.008645 0.964986
vn -0.557603 -0.246778 -0.792578
vn -0.862026 -0.109853 -0.494816
vn 0.025124 -0.479822 -0.877006
vn -0.026303 -0.317793 -0.947795
vn -0.067442 -0.101238 -0.992574
vn -0.053591 -0.000865 -0.998563
vn -0.388034 -0.006287 -0.921623
vn -0.490568 -0.103228 -0.865267
vn -0.972995 -0.024186 -0.229554
vn -0.770083 -0.035135 -0.636976
vn -0.839724 -0.012910 -0.542860
vn -0.561221 -0.007837 -0.827629
vn -0.995520 -0.030762 0.089403
vn -0.350025 -0.010152 0.936685
vn -0.997370 -0.015383 -0.070824
vn -0.333237 -0.006861 0.942818
vn -0.293201 0.020093 0.955840
vn -0.633103 0.274968 0.723583
vn -0.885005 0.392775 0.249988
vn -0.937736 0.030804 0.345979
vn -0.942944 0.282266 0.176585
vn -0.944117 -0.010972 0.329428
vn -0.971237 -0.092901 -0.219244
vn -0.820139 -0.453094 -0.349395
vn -0.668553 -0.487270 -0.561787
vn -0.880912 -0.352796 -0.315484
vn -0.918682 0.093674 0.383730
vn -0.908792 0.320368 0.267324
vn -0.948508 0.087541 0.304415
vn -0.441748 0.378560 0.813358
vn -0.130723 0.591845 0.795381
vn -0.885851 -0.132591 -0.444620
vn -0.276951 -0.194096 -0.941076
vn -0.596180 -0.342697 -0.726036
vn -0.099184 0.494082 0.863739
vn -0.876435 0.133843 0.462545
vn -0.604353 0.239393 0.759900
vn -0.480799 0.333605 0.810888
vn -0.884412 -0.141169 0.444844
vn -0.787191 -0.026759 0.616129
vn -0.504011 -0.033179 -0.863060
vn -0.538590 0.068523 -0.839777
vn -0.240006 -0.347818 -0.906322
vn -0.328498 -0.481580 -0.812508
vn -0.600297 -0.178274 0.779655
vn -0.764739 -0.337365 -0.548962
vn -0.552325 -0.166333 -0.816866
vn -0.949966 -0.018429 0.311808
vn -0.943494 -0.017814 0.330911
vn -0.771366 -0.022319 0.636000
vn -0.338068 -0.012790 0.941035
vn -0.990450 -0.075011 -0.115678
vn -0.663770 -0.178153 -0.726410
vn -0.913795 0.030373 0.405039
vn -0.594067 -0.303078 -0.745136
vn -0.931313 -0.119805 0.343952
vn -0.586337 -0.038284 0.809162
vn -0.723692 -0.297866 -0.622532
vn -0.844638 -0.292381 -0.448441
vn -0.857693 -0.212513 -0.468189
vn -0.994840 -0.064261 -0.078515
vn -0.906812 0.165169 0.387828
vn -0.959801 0.153917 0.234715
vn 0.000590 0.412408 0.910999
vn 0.039333 0.384696 0.922205
vn -0.187680 0.359599 0.914037
vn 0.125424 0.342667 0.931047
vn -0.160733 0.373340 0.913664
vn -0.533306 0.370503 0.760469
vn -0.169554 0.382467 0.908279
vn -0.957505 0.035104 -0.286271
vn -0.983227 0.051435 -0.174983
vn -0.699049 -0.494614 -0.516417
vn -0.436878 -0.227420 -0.870297
vn -0.502827 -0.598393 -0.623771
vn -0.605899 0.186088 -0.773471
vn -0.537445 0.256135 -0.803460
vn -0.767619 -0.010264 0.640824
vn -0.877342 -0.090220 0.471308
vn -0.982474 -0.052067 0.178979
vn -0.998046 0.004441 -0.062320
vn -0.998446 0.042144 0.036467
vn -0.968121 -0.133778 -0.211769
vn -0.556175 0.358090 0.749961
vn -0.764298 -0.144242 -0.628524
vn -0.437193 0.010355 0.899308
vn -0.110682 0.223434 0.968415
vn -0.273064 0.085832 0.958159
vn 0.257321 0.931399 -0.257452
vn -0.004570 -0.861695 -0.507406
vn 0.631716 0.461960 -0.622518
vn 0.638170 0.365653 -0.677523
vn 0.133385 0.194583 -0.971775
vn -0.070620 -0.979023 -0.191121
vn 0.714362 0.099536 -0.692661
vn 0.689123 0.038379 -0.723627
vn 0.704024 -0.132428 -0.697720
vn 0.405513 -0.153745 -0.901067
vn 0.423101 0.369604 -0.827272
vn 0.582041 -0.087630 -0.808424
vn 0.258752 0.941145 -0.217471
vn 0.221058 0.930554 -0.291896
vn 0.210490 0.719417 -0.661916
vn 0.099881 0.074576 -0.992201
vn -0.149622 -0.881580 -0.447695
vn 0.117125 0.883141 -0.454250
vn 0.239351 0.944781 -0.223832
vn 0.134857 0.931514 -0.337781
vn 0.061395 0.941497 -0.331383
vn 0.005899 0.900943 -0.433898
vn 0.063835 0.997954 0.003651
vn 0.492667 -0.544677 -0.678680
vn 0.576889 0.273550 -0.769655
vn 0.016040 -0.966949 -0.254464
vn 0.216623 0.491759 -0.843355
vn 0.363225 0.521208 -0.772276
vn 0.170137 0.430078 -0.886615
vn -0.100925 -0.993956 0.043186
vn 0.486961 0.058424 -0.871468
vn 0.234442 0.108422 -0.966065
vn 0.005980 0.049238 -0.998769
vn 0.037651 0.236593 -0.970879
vn -0.053242 -0.994449 -0.090749
vn -0.148082 -0.975105 -0.165053
vn -0.031296 -0.993233 0.111843
vn -0.044203 -0.995626 0.082314
vn -0.039063 0.280752 -0.958985
vn -0.047604 0.301318 -0.952335
vn -0.023891 0.359098 -0.932994
vn -0.009328 -0.006142 -0.999938
vn 0.210209 -0.020211 -0.977448
vn 0.027580 0.995307 0.092757
vn 0.053032 0.956092 0.288229
vn -0.154359 -0.929034 -0.336257
vn 0.029431 -0.390753 -0.920025
vn 0.043319 0.944163 -0.326619
vn 0.122330 0.373422 -0.919561
vn 0.110175 0.771436 -0.626696
vn 0.062072 -0.017997 -0.997909
vn -0.110384 -0.963185 -0.245133
vn 0.029011 -0.397860 -0.916987
vn 0.023100 -0.767942 -0.640103
vn -0.118813 -0.833305 0.539895
vn -0.156863 -0.816443 0.555711
vn -0.176297 -0.937184 0.301006
vn -0.172660 -0.810451 0.559783
vn -0.406495 -0.901493 0.148567
vn 0.042378 0.990939 -0.127448
vn 0.110352 0.891895 -0.438573
vn -0.097299 0.562629 -0.820964
vn -0.036933 0.588615 -0.807569
vn -0.258561 0.360634 -0.896152
vn -0.284081 -0.944193 -0.166725
vn -0.538422 -0.035245 -0.841938
vn -0.375297 -0.531377 -0.759467
vn -0.214101 -0.943436 -0.253159
vn -0.166775 -0.973641 0.155593
vn -0.091624 -0.994478 -0.051177
vn -0.220412 -0.968154 0.118728
vn -0.057638 -0.927388 0.369635
vn -0.204717 -0.978129 0.036812
vn -0.005030 -0.098270 -0.995147
vn 0.118202 -0.938861 0.323370
vn 0.054154 -0.998146 -0.027783
vn 0.162759 -0.795057 -0.584289
vn 0.070535 0.271932 -0.959728
vn 0.049489 0.552678 -0.831924
vn 0.368975 -0.801766 -0.470136
vn 0.226066 -0.956734 -0.183176
vn 0.060231 -0.904411 0.422390
vn 0.077800 -0.774635 -0.627605
vn -0.021848 0.015012 -0.999649
vn -0.027905 0.399621 -0.916256
vn -0.011427 -0.039621 -0.999150
vn 0.002925 0.794137 0.607732
vn 0.013028 0.888457 0.458774
vn -0.044410 0.624654 0.779638
vn 0.033591 0.503916 0.863099
vn 0.015355 0.988568 0.149992
vn -0.050622 0.979437 0.195296
vn 0.014339 0.703134 0.710913
vn -0.000111 0.375575 0.926792
vn 0.000986 0.511308 0.859397
vn -0.042975 0.794131 0.606225
vn -0.101205 0.660161 0.744275
vn -0.189032 0.571253 0.798709
vn -0.225253 0.536172 0.813499
vn -0.068163 0.575041 0.815280
vn -0.122511 0.735662 0.666178
vn -0.192915 -0.869052 0.455557
vn 0.064236 -0.222475 -0.972820
vn 0.106559 0.720626 -0.685086
vn -0.127365 -0.900377 0.416052
vn -0.156471 -0.805103 0.572124
vn -0.242141 -0.853894 -0.460688
vn -0.124791 -0.776696 0.617390
vn -0.154118 -0.776354 -0.611165
vn -0.031427 -0.170555 -0.984847
vn 0.045704 -0.362030 -0.931046
vn -0.079975 -0.972261 0.219801
vn -0.037544 0.878299 -0.476635
vn 0.091827 0.415241 -0.905065
vn -0.045632 0.639156 -0.767722
vn 0.022489 0.818203 -0.574490
vn -0.092261 -0.819974 0.564917
vn 0.033392 -0.112265 -0.993117
vn -0.033957 0.230987 -0.972364
vn -0.028656 0.161920 -0.986388
vn 0.020838 -0.009765 -0.999735
vn 0.008504 0.344246 -0.938841
vn 0.067382 0.286477 -0.955715
vn -0.029692 -0.776877 -0.628952
vn 0.027562 -0.438243 -0.898434
vn 0.057916 0.898845 -0.434423
vn -0.175869 0.785506 -0.593339
vn -0.105786 0.780353 -0.616327
vn -0.204523 0.914946 -0.347913
vn -0.023728 0.982509 -0.184695
vn -0.094288 0.892126 0.441838
vn -0.165660 0.981997 -0.090764
vn 0.145604 0.876946 0.458001
vn 0.180443 0.748512 0.638099
vn 0.087213 0.618635 0.780823
vn 0.074257 0.748290 0.659203
vn 0.125464 0.664819 0.736393
vn 0.033291 0.510032 -0.859511
vn 0.156198 0.914915 -0.372199
vn 0.006451 0.721776 -0.692097
vn 0.216484 0.971147 0.100037
vn 0.173567 0.984529 -0.024011
vn 0.095675 0.861190 -0.499198
vn -0.028672 -0.191236 -0.981125
vn -0.075987 -0.663062 -0.744698
vn -0.104036 -0.836325 0.538272
vn 0.003461 0.641495 -0.767119
vn -0.076277 0.820832 -0.566053
vn -0.017783 0.219922 -0.975355
vn -0.031520 0.424701 -0.904785
vn -0.039380 0.664177 -0.746537
vn -0.086377 -0.985512 0.145960
vn -0.183100 -0.898821 -0.398240
vn -0.120437 -0.946417 0.299649
vn -0.056547 -0.226798 -0.972299
vn 0.019225 -0.582829 -0.812367
vn -0.089905 -0.108997 -0.989968
vn -0.378082 -0.762214 -0.525437
vn 0.194139 0.870512 0.452237
vn 0.019482 0.934840 0.354533
vn -0.003237 0.940705 -0.339210
vn 0.065712 0.996989 -0.041162
vn -0.034027 0.991972 -0.121792
vn -0.128776 0.885912 0.445620
vn -0.080219 0.989132 0.123216
vn 0.051651 0.943251 0.328040
vn -0.020326 -0.061647 -0.997891
vn 0.005119 -0.630264 -0.776364
vn 0.001676 -0.666333 -0.745653
vn -0.002188 -0.679476 -0.733694
vn 0.113034 -0.733603 -0.670112
vn 0.383835 -0.586252 -0.713428
vn 0.107866 -0.376862 -0.919967
vn 0.352380 -0.594920 -0.722426
vn 0.645450 -0.383408 -0.660600
vn 0.535350 -0.494114 -0.685020
vn 0.690092 -0.191025 -0.698057
vn 0.265202 -0.340115 -0.902214
vn 0.359018 -0.326337 -0.874420
vn 0.030103 -0.366493 -0.929934
vn 0.038643 -0.020013 -0.999053
vn 0.354217 -0.044644 -0.934097
vn 0.329432 0.005211 -0.944165
vn 0.615647 -0.225895 -0.754950
vn 0.671382 0.002531 -0.741107
vn -0.595880 -0.008647 -0.803027
vn -0.765342 -0.019553 0.643327
vn -0.946978 -0.014296 0.320979
vn -0.492457 -0.007356 0.870306
vn -0.296954 -0.005167 0.954878
vn -0.975544 -0.012476 -0.219448
vn -0.986439 -0.017104 0.163233
vn -0.347985 -0.008593 0.937461
vn -0.731280 -0.014412 0.681925
vn -0.746368 -0.013848 0.665389
vn 0.581830 0.009440 -0.813256
vn 0.006469 0.001177 -0.999978
vn 0.008375 0.001277 -0.999964
vn -0.066772 0.000038 -0.997768
vn 0.039009 0.001221 -0.999238
vn 0.009020 -0.055610 -0.998412
vn 0.271628 -0.107699 -0.956357
vn 0.256770 -0.491163 -0.832363
vn 0.376278 -0.327177 -0.866816
vn 0.041133 -0.675333 -0.736365
vn 0.602589 -0.312465 -0.734338
vn 0.610461 -0.001458 -0.792045
vn 0.306596 -0.110927 -0.945354
vn 0.255456 0.002929 -0.966816
vn -0.398753 -0.153750 0.904078
vn -0.654040 -0.467977 -0.594331
vn -0.658068 -0.602104 -0.452125
vn -0.534551 -0.570013 -0.623971
vn -0.428453 -0.142016 0.892334
vn -0.950501 -0.100639 -0.293973
vn -0.899898 -0.424800 0.098638
vn -0.826540 -0.234460 0.511723
vn 0.015603 -0.706208 -0.707832
vn 0.262543 -0.523713 -0.810429
vn 0.011581 -0.455542 -0.890139
vn -0.003374 -0.312217 -0.950005
vn -0.003564 -0.010124 -0.999942
vn -0.039484 0.534539 0.844221
vn 0.135962 0.243379 0.960355
vn 0.131877 0.319322 0.938425
vn 0.064816 0.257941 0.963984
vn -0.202675 0.458680 0.865179
vn -0.134476 0.430643 0.892448
vn 0.136748 0.334890 0.932282
vn 0.141543 0.297843 0.944063
vn 0.148547 0.261297 0.953760
vn -0.094865 0.375755 0.921851
vn 0.010764 0.265522 0.964045
vn 0.044983 0.333465 0.941689
vn -0.237904 0.519737 0.820533
vn -0.249898 0.469179 0.847008
vn -0.043661 0.276833 0.959926
vn -0.256822 0.477329 0.840357
vn 0.013629 0.358328 0.933496
vn -0.063001 0.229732 0.971213
vn -0.012863 0.282953 0.959047
vn -0.117715 0.267067 0.956461
vn -0.085629 0.262507 0.961123
vn -0.185991 0.345792 0.919693
vn -0.165735 0.294158 0.941277
vn -0.145646 -0.042188 0.988437
vn -0.118719 0.041040 0.992079
vn -0.568278 -0.009500 0.822782
vn -0.227333 0.021313 0.973584
vn -0.482100 0.279733 -0.830259
vn -0.536662 0.112284 -0.836293
vn -0.458442 0.158566 -0.874464
vn -0.885780 0.224253 0.406331
vn -0.928527 0.055260 0.367128
vn -0.878338 0.426941 -0.215042
vn -0.924058 0.354414 -0.143205
vn -0.876139 -0.218096 0.429901
vn -0.957756 0.012314 -0.287317
vn -0.982885 -0.158120 0.094528
vn -0.953587 -0.097300 0.284964
vn -0.926273 -0.155884 -0.343102
vn -0.796141 -0.075563 0.600374
vn -0.134685 0.311894 -0.940522
vn -0.203549 0.354838 -0.912501
vn -0.521637 -0.521120 -0.675521
vn -0.080912 0.511015 -0.855755
vn -0.097709 0.523648 -0.846313
vn -0.363211 0.265012 -0.893222
vn -0.867221 0.036420 -0.496590
vn -0.177246 0.395643 -0.901138
vn -0.255865 0.015638 0.966586
vn -0.757788 -0.433093 -0.488045
vn -0.379485 0.082124 0.921546
vn -0.654706 0.020665 -0.755601
vn -0.939067 -0.012030 -0.343523
vn -0.942212 0.005662 0.334970
vn -0.855778 0.096476 0.508268
vn -0.380255 0.570154 -0.728238
vn -0.864505 -0.065040 0.498399
vn -0.249470 0.403118 -0.880489
vn -0.968411 0.012796 -0.249032
vn -0.837203 0.063428 -0.543202
vn -0.932704 0.060149 -0.355591
vn -0.966974 0.051196 -0.249678
vn -0.994442 0.089835 -0.054908
vn -0.534587 0.082281 0.841098
vn -0.424372 -0.004292 0.905478
vn -0.698008 -0.001614 0.716088
vn -0.713912 0.108708 -0.691746
vn -0.980561 0.189324 -0.051542
vn -0.618460 0.082957 -0.781425
vn -0.666162 0.086349 -0.740791
vn -0.991849 0.024157 0.125109
vn -0.889154 0.015520 0.457345
vn -0.997067 0.031129 0.069914
vn -0.866252 0.039400 0.498051
vn -0.720370 0.062258 0.690790
vn 0.171237 0.221218 0.960073
vn -0.041509 0.157450 0.986654
vn 0.049325 0.234387 0.970891
vn -0.024360 0.279460 0.959848
vn -0.002783 0.245109 0.969492
vn -0.556232 0.007191 0.830996
vn -0.638664 0.051485 0.767761
vn -0.275012 0.093352 0.956898
vn -0.371872 0.114149 0.921239
vn -0.168369 0.147901 0.974565
vn 0.007014 0.173404 0.984826
vn -0.151789 0.138962 0.978596
vn -0.114614 0.256597 0.959699
vn -0.034089 0.211497 0.976784
vn -0.086661 0.176087 0.980552
vn -0.166159 0.298515 0.939830
vn -0.172065 0.275367 0.945815
vn -0.093149 0.143004 0.985329
vn -0.007083 0.000798 -0.999975
vn -0.151883 0.245383 0.957454
vn 0.007002 0.402418 0.915429
vn -0.088147 0.764873 0.638122
vn 0.032118 0.562289 0.826317
vn -0.151385 0.670721 0.726096
vn -0.040739 0.610633 0.790865
vn -0.122202 0.786708 0.605109
vn -0.083243 0.867375 0.490644
vn 0.054011 0.873738 0.483388
vn 0.078206 0.704616 0.705266
vn 0.114776 0.786439 0.606911
vn -0.157645 0.841438 0.516846
vn 0.052497 0.857135 0.512410
vn -0.142752 0.791721 0.593969
vn 0.028533 0.655083 0.755018
vn 0.008947 0.560572 0.828057
vn -0.061280 0.514906 0.855054
vn -0.116181 0.687206 0.717112
vn -0.029603 0.503230 0.863645
vn -0.152228 0.576183 0.803019
vn -0.176913 0.387297 0.904822
vn -0.150129 0.498922 0.853544
vn -0.203816 0.305766 0.930036
vn -0.116213 0.274760 0.954464
vn -0.139605 0.239047 0.960920
vn -0.134767 0.444283 0.885692
vn -0.055346 0.420316 0.905688
vn -0.184365 0.376434 0.907914
vn -0.124498 0.396155 0.909704
vn -0.137568 0.481630 0.865510
vn -0.081387 0.307144 0.948177
vn -0.130140 0.267969 0.954597
vn -0.172975 0.292461 0.940503
vn -0.151714 0.205989 0.966722
vn -0.074854 0.076162 0.994282
vn -0.156559 0.156838 0.975137
vn -0.101976 0.107971 0.988910
vn -0.196478 0.119676 0.973177
vn -0.085483 0.041260 0.995485
vn -0.141589 0.079997 0.986688
vn -0.166701 0.025846 0.985669
vn -0.964791 -0.023629 -0.261955
vn -0.682955 -0.005730 0.730438
vn -0.281964 -0.005168 0.959411
vn -0.265859 0.000730 0.964012
vn -0.861868 -0.013592 -0.506950
vn -0.964292 -0.017858 -0.264237
vn -0.588516 -0.006323 0.808461
vn -0.979397 -0.006425 0.201842
vn -0.361228 0.003479 0.932471
vn -0.666449 0.057793 -0.743307
vn -0.645431 0.102327 -0.756934
vn -0.586622 0.027789 -0.809384
vn -0.987419 0.066768 -0.143337
vn -0.929315 0.119099 -0.349556
vn 0.660819 0.009577 -0.750485
vn -0.432977 0.070774 -0.898622
vn -0.574073 0.029769 -0.818262
vn -0.693675 0.024064 -0.719886
vn -0.954615 -0.017268 0.297343
vn -0.769452 -0.005700 0.638679
vn -0.822877 -0.017851 0.567939
vn -0.784081 -0.018359 0.620387
vn -0.847777 0.077587 -0.524647
vn -0.472678 0.065965 -0.878763
vn -0.893015 -0.013628 -0.449820
vn -0.968014 0.003887 0.250868
vn -0.679472 -0.002656 -0.733697
vn -0.941849 -0.009507 0.335901
vn -0.038432 0.074524 -0.996478
vn -0.863048 -0.003861 0.505107
vn -0.262543 0.009851 0.964870
vn -0.847213 0.011124 0.531136
vn -0.438109 0.009312 0.898874
vn -0.954938 -0.008071 0.296694
vn -0.894661 -0.014027 0.446525
vn -0.856815 0.010202 0.515523
vn -0.988623 0.000234 -0.150412
vn -0.602819 -0.000872 0.797878
vn -0.999108 -0.006476 -0.041725
vn -0.269280 0.019181 0.962871
vn -0.161233 -0.015507 0.986794
vn -0.355293 0.007932 0.934721
vn -0.588186 0.028364 -0.808228
vn -0.653178 0.083563 -0.752580
vn -0.205607 -0.093581 -0.974150
vn -0.951986 0.201269 -0.230680
vn -0.928141 -0.001971 0.372223
vn -0.232301 -0.188641 -0.954176
vn -0.197513 -0.058652 -0.978544
vn -0.075090 -0.034517 -0.996579
vn -0.226227 -0.252691 -0.940728
vn -0.583943 0.431334 -0.687722
vn 0.001848 0.455645 -0.890160
vn 0.069094 0.756224 -0.650655
vn 0.353517 0.723006 -0.593538
vn -0.894850 0.009803 0.446259
vn -0.169402 0.070842 -0.982998
vn -0.654646 0.133998 -0.743965
vn -0.345686 0.100986 -0.932900
vn -0.394307 0.076588 -0.915782
vn -0.781365 0.136666 -0.608926
vn -0.994216 0.069589 0.081802
vn -0.974560 0.137540 -0.176963
vn -0.799235 -0.041864 0.599559
vn -0.781766 -0.034781 0.622601
vn -0.990058 0.003700 -0.140610
vn -0.207008 0.035801 -0.977684
vn -0.173168 0.080798 -0.981572
vn -0.832445 -0.020063 0.553744
vn -0.040059 0.019357 -0.999010
vn -0.959532 0.062035 -0.274683
vn -0.024730 0.031722 -0.999191
vn -0.989978 0.034436 0.136960
vn -0.874086 -0.014592 -0.485551
vn -0.036059 0.001083 -0.999349
vn -0.980914 0.096612 0.168742
vn -0.958838 0.147148 0.242853
vn -0.815255 0.004318 0.579086
vn -0.581248 -0.120058 0.804821
vn -0.684530 -0.056419 0.726798
vn -0.945622 0.156369 -0.285215
vn -0.825722 0.047584 0.562067
vn -0.399055 -0.288340 0.870411
vn -0.850164 0.025819 0.525885
vn -0.881091 0.008932 0.472862
vn -0.571617 -0.009851 -0.820462
vn -0.143279 -0.491505 0.859008
vn -0.150079 -0.436866 0.886919
vn -0.170286 -0.512166 0.841836
vn -0.184623 -0.438182 0.879722
vn -0.699417 -0.065605 0.711696
vn -0.079897 0.000238 -0.996803
vn 0.593320 0.006991 -0.804936
vn 0.341426 0.003573 -0.939902
vn 0.092696 0.002179 -0.995692
vn 0.654848 0.007924 -0.755719
vn 0.302314 0.014620 -0.953096
vn 0.004107 0.017126 -0.999845
vn 0.030769 0.013821 -0.999431
vn 0.349657 0.071017 -0.934182
vn 0.284684 0.304485 -0.908980
vn 0.705868 0.028045 -0.707788
vn 0.649462 0.059813 -0.758038
vn 0.545228 0.340891 -0.765846
vn 0.104696 0.492187 -0.864171
vn -0.858194 -0.002211 0.513321
vn 0.070275 0.218574 -0.973287
vn 0.265010 0.287161 -0.920494
vn -0.799554 0.098738 0.592422
vn -0.936533 0.075649 0.342319
vn -0.933433 0.033493 0.357186
vn -0.976124 0.083312 0.200599
vn -0.636070 0.110268 -0.763712
vn -0.897618 0.436502 0.061229
vn -0.701782 0.219238 0.677818
vn 0.132216 0.428747 -0.893697
vn -0.215259 -0.234018 -0.948103
vn -0.652082 -0.051992 -0.756364
vn -0.087236 0.127667 -0.987973
vn -0.967126 0.232474 0.103064
vn 0.456114 0.497563 -0.737829
vn 0.294963 0.589178 -0.752241
vn 0.260723 0.244007 -0.934069
vn 0.048054 0.711999 -0.700534
vn -0.004369 0.508880 -0.860826
vn 0.319416 0.288625 -0.902590
vn 0.543422 0.195934 -0.816274
vn 0.160854 0.430394 -0.888193
vn 0.050508 0.304678 -0.951115
vn 0.001932 0.592474 -0.805587
vn 0.208647 0.046492 -0.976885
vn 0.373231 -0.089580 -0.923404
vn 0.000221 0.060988 -0.998138
vn -0.010902 -0.031032 -0.999459
vn 0.043428 -0.067227 -0.996792
vn -0.011519 0.358659 -0.933398
vn -0.171502 -0.383742 0.907375
vn -0.254709 -0.396899 0.881813
vn -0.247516 -0.458623 0.853464
vn -0.986810 0.064631 -0.148421
vn -0.997691 0.046245 0.049748
vn -0.907744 0.031493 0.418341
vn -0.460911 0.094848 0.882363
vn -0.605501 0.026846 0.795392
vn -0.898734 0.011673 0.438338
vn -0.813677 0.025076 0.580776
vn -0.960364 0.037947 0.276154
vn -0.726898 -0.063132 0.683838
vn -0.698762 -0.016653 0.715160
vn -0.449885 -0.040943 0.892148
vn -0.207368 -0.039102 0.977481
vn -0.240247 -0.104257 0.965097
vn -0.106088 -0.027404 0.993979
vn -0.113388 -0.122771 0.985936
vn -0.341185 0.033594 0.939396
vn -0.143727 0.075283 0.986750
vn -0.062424 0.021160 0.997825
vn -0.082807 0.131466 0.987856
vn -0.049526 0.065231 0.996640
vn -0.495325 -0.099990 0.862934
vn -0.423719 -0.179744 0.887781
vn -0.337332 -0.274930 0.900345
vn -0.321081 -0.153275 0.934566
vn -0.551674 -0.115083 0.826082
vn -0.135223 -0.200228 0.970373
vn -0.192169 -0.277761 0.941233
vn -0.066957 0.026393 0.997407
vn -0.061229 -0.064928 0.996010
vn -0.070279 -0.134411 0.988430
vn -0.012490 -0.072430 0.997295
vn -0.092698 -0.012131 0.995620
vn -0.039667 0.012962 0.999129
vn -0.058485 -0.067778 0.995985
vn -0.194931 -0.346106 0.917721
vn -0.138489 -0.240964 0.960603
vn -0.097090 -0.213663 0.972071
vn -0.186992 -0.306995 0.933160
vn -0.245226 -0.427012 0.870359
vn -0.159628 -0.404396 0.900546
vn -0.104107 -0.479856 0.871149
vn -0.095037 -0.361562 0.927492
vn -0.154959 -0.323776 0.933358
vn -0.023880 -0.301557 0.953149
vn -0.051955 -0.143891 0.988229
vn -0.005610 -0.123170 0.992370
vn -0.027401 -0.097653 0.994843
vn -0.285411 -0.012975 0.958317
vn -0.839759 -0.087876 0.535801
vn -0.979963 -0.189024 -0.062784
vn -0.574651 0.591295 -0.565815
vn -0.478650 0.575619 -0.662991
vn -0.685713 0.414454 -0.598352
vn 0.305995 0.774069 -0.554242
vn 0.214553 0.779748 -0.588183
vn -0.983005 0.125348 -0.134125
vn -0.994748 -0.030380 0.097744
vn -0.967015 0.093664 -0.236875
vn -0.205218 -0.773683 0.599416
vn -0.955696 0.057974 -0.288591
vn -0.785969 -0.443567 0.430698
vn -0.281777 -0.485521 0.827569
vn -0.848122 -0.177560 0.499161
vn -0.902636 -0.348576 0.252476
vn -0.948099 -0.210511 0.238314
vn 0.342949 0.705712 -0.619965
vn -0.247693 -0.667416 0.702285
vn -0.422996 -0.584033 0.692806
vn -0.474423 0.072666 0.877293
vn -0.882159 0.072779 0.465295
vn -0.246822 0.013047 0.968973
vn -0.741605 0.388781 0.546691
vn -0.912426 0.372716 0.168999
vn -0.934707 0.094508 0.342625
vn -0.277781 0.776557 -0.565506
vn -0.172291 0.633934 -0.753952
vn -0.037901 0.757268 -0.652003
vn -0.616942 0.766330 -0.179222
vn -0.677084 0.504989 -0.535297
vn -0.153685 -0.764678 0.625819
vn -0.262420 -0.725622 0.636089
vn -0.241046 -0.793972 0.558126
vn -0.420765 0.845213 -0.329503
vn -0.145060 -0.602232 0.785031
vn -0.198741 -0.657035 0.727191
vn -0.244678 -0.725674 0.643062
vn -0.207416 -0.937321 0.280015
vn -0.088749 -0.936262 0.339906
vn -0.173117 -0.837020 0.519065
vn 0.225787 -0.090987 -0.969918
vn 0.192620 0.704664 -0.682896
vn 0.305629 0.901993 -0.304957
vn -0.010630 -0.323677 -0.946108
vn 0.077265 -0.172004 -0.982062
vn -0.004152 -0.501468 -0.865166
vn 0.198912 0.972527 -0.120934
vn 0.007127 -0.991626 0.128943
vn -0.189647 -0.855332 0.482121
vn -0.126055 -0.828905 0.545001
vn -0.045171 -0.967098 0.250361
vn -0.244788 -0.504582 0.827935
vn -0.237149 -0.595828 0.767300
vn -0.198390 -0.704043 0.681883
vn -0.215563 -0.605385 0.766186
vn -0.230511 -0.525161 0.819189
vn -0.166149 -0.620931 0.766054
vn 0.010216 0.007543 -0.999919
vn 0.733281 -0.245436 -0.634082
vn 0.815226 -0.559000 -0.151410
vn 0.904072 -0.078663 -0.420078
vn 0.843060 -0.536614 -0.035983
vn 0.685948 0.682651 -0.251919
vn 0.630533 0.758387 -0.165160
vn -0.016681 0.002601 -0.999857
vn 0.676220 0.720780 -0.152326
vn 0.681922 0.720318 -0.126978
vn -0.107324 0.763873 -0.636380
vn -0.580152 0.151404 -0.800313
vn -0.923431 0.165135 -0.346419
vn -0.656083 0.547202 -0.519735
vn -0.926605 0.030501 -0.374798
vn -0.057486 0.039991 -0.997545
vn -0.592882 0.017990 -0.805088
vn -0.035959 0.202436 -0.978635
vn -0.005935 0.067967 -0.997670
vn -0.076683 0.519739 -0.850877
vn -0.015463 0.407845 -0.912920
vn -0.039708 0.005434 -0.999197
vn -0.907527 0.410409 -0.089214
vn -0.610175 -0.402751 0.682259
vn -0.165322 -0.341815 0.925111
vn 0.001472 -0.575340 0.817913
vn 0.000482 -0.199945 0.979807
vn 0.012663 -0.243781 0.969748
vn 0.022407 -0.018119 0.999585
vn -0.627217 0.766189 -0.139830
vn -0.561123 0.810931 -0.165927
vn -0.933641 0.353955 -0.055046
vn -0.994658 -0.057822 0.085505
vn -0.996499 -0.053782 0.064012
vn -0.188698 -0.847638 0.495886
vn -0.620550 -0.737909 0.265345
vn -0.015063 -0.861107 0.508201
vn -0.040239 -0.686481 0.726034
vn -0.044353 -0.974459 0.220141
vn -0.985723 -0.163127 0.041717
vn -0.012116 0.699090 -0.714931
vn 0.034484 0.912641 -0.407305
vn -0.002557 0.977040 -0.213041
vn 0.044371 0.977868 -0.204463
vn -0.047503 -0.187900 0.981039
vn -0.093343 -0.442015 0.892138
vn -0.500141 -0.173318 0.848422
vn -0.087819 -0.793618 0.602045
vn -0.567733 -0.009640 0.823156
vn -0.968313 -0.033189 0.247523
vn -0.998796 -0.027142 0.040872
vn -0.820745 -0.343344 0.456609
vn -0.999224 0.027637 -0.028071
vn -0.956238 0.012030 -0.292341
vn -0.952538 0.009733 0.304263
vn -0.998964 0.006871 0.044981
vn -0.711727 0.008968 -0.702399
vn -0.377756 0.006930 -0.925879
vn -0.807969 -0.010660 0.589129
vn 0.030968 -0.000087 0.999520
vn -0.084634 -0.007278 0.996386
vn 0.031583 -0.020025 0.999301
vn -0.800279 -0.142976 0.582332
vn -0.998900 -0.000462 0.046880
vn -0.099502 -0.047646 0.993896
vn -0.690610 -0.039831 0.722130
vn -0.635930 0.007634 0.771709
vn -0.174435 0.007292 0.984642
vn 0.022150 -0.016140 0.999624
vn -0.021772 -0.000552 0.999763
vn -0.128661 -0.007630 0.991659
vn -0.348344 0.002700 0.937363
vn -0.048214 -0.016697 0.998697
vn -0.991935 0.010632 0.126298
vn -0.999087 0.009934 0.041547
vn 0.031630 -0.005470 0.999485
vn 0.175082 0.048439 -0.983362
vn -0.436159 -0.659035 -0.612729
vn -0.199064 -0.284538 -0.937769
vn 0.453933 -0.578191 -0.677967
vn 0.706533 -0.704788 -0.063918
vn 0.137252 -0.971917 -0.191150
vn -0.189045 -0.218012 -0.957462
vn -0.064613 -0.528968 -0.846179
vn 0.144461 -0.959734 -0.240918
vn 0.272923 -0.327408 -0.904609
vn 0.685171 -0.717611 -0.124800
vn 0.769398 -0.638575 -0.015773
vn -0.097375 0.003777 -0.995241
vn -0.700538 0.011380 -0.713525
vn -0.009616 -0.011114 -0.999892
vn -0.996519 0.009466 -0.082824
vn -0.974047 0.008450 -0.226189
vn -0.180366 -0.016714 -0.983458
vn -0.832894 -0.012963 -0.553281
vn -0.566143 -0.301208 -0.767304
vn -0.927459 -0.132673 -0.349597
vn -0.103082 -0.704497 -0.702181
vn -0.897854 -0.374208 -0.232007
vn -0.599496 -0.720661 -0.348213
vn 0.776604 -0.629854 -0.013041
vn 0.726589 0.683019 -0.074516
vn 0.833663 -0.551802 -0.022808
vn 0.860372 -0.509662 -0.001968
vn 0.767687 -0.638732 0.051760
vn 0.896649 -0.415928 0.151738
vn 0.711147 -0.458857 0.532654
vn -0.998732 0.012590 0.048732
vn -0.137519 -0.025366 0.990174
vn -0.831485 -0.023696 0.555042
vn 0.033876 0.005083 0.999413
vn -0.142670 0.026450 0.989417
vn -0.721421 0.023821 0.692087
vn 0.009654 0.002201 0.999951
vn 0.023594 0.304382 0.952258
vn -0.838439 0.191450 0.510262
vn -0.551994 0.500195 0.667164
vn -0.997767 0.036418 0.055990
vn -0.993681 0.093101 0.062698
vn -0.789139 -0.600015 -0.131304
vn -0.983991 -0.175034 -0.033546
vn -0.998557 -0.032890 -0.042460
vn -0.072979 0.323233 0.943501
vn -0.065896 0.892791 0.445625
vn 0.008672 0.779626 0.626185
vn -0.016607 0.671953 0.740408
vn -0.184289 0.953070 0.240200
vn -0.689370 0.647938 0.323953
vn -0.845149 0.516383 0.138105
vn 0.003698 0.950121 0.311858
vn -0.004387 0.977418 0.211271
vn -0.008544 0.977481 0.210851
vn -0.998700 0.048562 0.015500
vn -0.856561 0.505090 0.105774
vn -0.337574 0.922131 0.188995
vn -0.247664 0.962082 0.114286
vn -0.048342 -0.981521 -0.185148
vn -0.981869 -0.188234 -0.022392
vn -0.617596 -0.771835 -0.151146
vn -0.815019 0.579204 0.016313
vn 0.005341 0.999965 0.006363
vn 0.016509 0.857149 -0.514804
vn -0.156201 0.930159 -0.332274
vn -0.727220 0.644016 -0.237476
vn -0.017112 -0.988468 -0.150457
vn -0.497397 -0.859087 -0.120687
vn 0.048057 0.504526 -0.862058
vn 0.575419 0.616673 -0.537222
vn 0.900611 0.014109 -0.434396
vn 0.383739 0.114095 -0.916366
vn 0.442306 -0.004326 -0.896854
vn 0.011950 0.005652 -0.999913
vn 0.826445 0.539344 -0.161545
vn 0.892596 0.256231 -0.370970
vn 0.448618 0.867189 -0.216159
vn 0.932187 0.351322 -0.087174
vn 0.853219 -0.009114 -0.521473
vn 0.822428 -0.018263 -0.568576
vn 0.999206 0.023082 -0.032462
vn 0.995305 -0.012667 -0.095952
vn 0.010663 0.002291 -0.999941
vn 0.568954 -0.011417 -0.822290
vn 0.914021 -0.015363 -0.405375
vn 0.462766 -0.007010 -0.886453
vn 0.812639 -0.011144 -0.582661
vn 0.998583 -0.009837 -0.052294
vn 0.896969 -0.008215 -0.442018
vn 0.997556 -0.009825 -0.069177
vn -0.667869 -0.002454 0.744275
vn -0.998335 0.008320 0.057086
vn -0.531450 -0.006467 0.847065
vn -0.999765 0.006858 0.020562
vn 0.999879 -0.009501 -0.012282
vn -0.060671 -0.233835 -0.970381
vn -0.017474 -0.379086 -0.925196
vn -0.008650 -0.603538 -0.797287
vn -0.011576 -0.968894 -0.247205
vn -0.021045 -0.814478 -0.579813
vn -0.023249 0.299776 0.953726
vn -0.983601 0.010798 0.180034
vn -0.370908 0.094654 0.923833
vn -0.992322 0.045075 0.115175
vn -0.055315 -0.979014 -0.196140
vn -0.000469 -0.982681 -0.185305
vn 0.020579 0.537592 0.842954
vn -0.061633 0.953159 0.296125
vn -0.180503 0.796004 0.577750
vn 0.025994 -0.007661 -0.999633
vn 0.837126 -0.052511 -0.544484
vn 0.486102 -0.009947 -0.873846
vn 0.427553 -0.077512 -0.900661
vn 0.752344 -0.185966 -0.631977
vn 0.997405 -0.068751 -0.021355
vn 0.998656 -0.013621 -0.050003
vn 0.061768 -0.976339 -0.207234
vn 0.055349 -0.582159 -0.811189
vn 0.011889 -0.202380 -0.979235
vn 0.347159 -0.261868 -0.900503
vn 0.142646 -0.803817 -0.577520
vn 0.626594 -0.451922 -0.634938
vn 0.712701 -0.617832 -0.332177
vn 0.962807 -0.172511 -0.207950
vn 0.469207 -0.867100 -0.167279
vn 0.453614 -0.865481 -0.212550
vn 0.817640 -0.560133 -0.133101
vn -0.999534 0.018042 0.024641
vn -0.987192 0.151512 0.049953
vn -0.999040 0.020260 0.038838
vn -0.500791 0.844291 0.190736
vn -0.604419 0.743675 0.285701
vn -0.993102 0.109816 0.041095
vn -0.949722 0.307059 0.061187
vn 0.999351 -0.031563 -0.017379
vn 0.877364 -0.471175 -0.090698
vn 0.003346 0.979955 0.199191
vn -0.257932 -0.017828 0.965999
vn -0.160523 0.569874 0.805901
vn -0.833956 0.403174 0.376787
vn -0.307534 0.934843 0.177458
vn -0.015230 0.983482 0.180366
vn 0.318706 0.439432 -0.839837
vn 0.252049 -0.552631 -0.794399
vn 0.178452 -0.481701 -0.857974
vn 0.252628 0.947172 -0.197596
vn 0.384086 0.566935 -0.728741
vn 0.149598 -0.707202 -0.691003
vn -0.115489 -0.957603 0.263930
vn 0.141313 -0.735929 -0.662147
vn 0.369377 0.032588 -0.928708
vn 0.048274 -0.030084 -0.998381
vn 0.158952 -0.080098 -0.984032
vn 0.073134 0.497847 -0.864176
vn -0.907684 -0.221826 -0.356234
vn -0.125214 -0.014855 -0.992019
vn -0.938534 -0.202101 -0.279838
vn 0.378421 -0.361382 -0.852174
vn 0.066435 -0.032964 -0.997246
vn 0.264694 -0.020058 -0.964124
vn 0.986369 -0.070354 -0.148751
vn 0.991096 -0.025109 -0.130762
vn 0.467788 -0.012305 -0.883755
vn 0.228292 -0.012006 -0.973519
vn 0.998894 -0.035437 0.030909
vn 0.107163 -0.023499 -0.993964
vn -0.097799 0.990953 -0.091909
vn -0.027252 0.871469 -0.489692
vn -0.033682 0.919917 -0.390665
vn 0.005696 0.714494 -0.699618
vn 0.047636 0.424908 -0.903983
vn 0.138766 -0.307196 -0.941475
vn 0.142046 -0.307684 -0.940826
vn 0.204347 -0.607571 -0.767528
vn -0.029653 0.842054 -0.538578
vn 0.592811 -0.486317 -0.641928
vn 0.061851 -0.140690 -0.988120
vn -0.001268 -0.023034 -0.999734
vn -0.653514 -0.035673 -0.756074
vn -0.215660 -0.274490 -0.937095
vn -0.009274 -0.390829 -0.920417
vn -0.938038 -0.000919 -0.346531
vn -0.964503 0.004115 0.264038
vn -0.995323 0.000262 0.096605
vn -0.911361 -0.011138 0.411457
vn -0.546486 -0.649953 -0.528123
vn -0.090828 -0.730415 -0.676937
vn -0.479444 -0.857484 -0.186692
vn -0.464594 -0.222260 0.857177
vn -0.698827 -0.115905 0.705838
vn -0.007873 -0.007636 -0.999940
vn -0.012217 -0.018323 -0.999758
vn 0.035285 -0.748300 -0.662421
vn 0.038175 -0.714045 -0.699058
vn 0.999313 -0.007249 0.036338
vn 0.027695 -0.424613 -0.904951
vn 0.140331 -0.105153 -0.984505
vn 0.770588 -0.350515 0.532291
vn 0.870157 -0.103796 0.481718
vn 0.949159 -0.217838 -0.227255
vn 0.341052 -0.429487 0.836196
vn -0.081748 -0.657913 0.748644
vn 0.264992 -0.748364 -0.608055
vn 0.008545 -0.634818 -0.772614
vn -0.088304 -0.327158 0.940835
vn 0.019014 -0.069346 0.997411
vn 0.545175 -0.062835 0.835964
vn 0.151816 0.007966 0.988377
vn 0.745415 -0.007827 -0.666555
vn 0.851023 0.007697 0.525071
vn 0.769897 0.012909 -0.638037
vn -0.582710 -0.787670 0.200063
vn 0.001832 -0.407447 -0.913227
vn 0.008478 -0.667580 -0.744490
vn -0.002433 -0.005899 -0.999980
vn 0.081714 0.273713 -0.958334
vn 0.009598 0.658037 -0.752924
vn 0.097302 -0.373629 -0.922461
vn 0.014374 -0.031386 -0.999404
vn 0.007880 -0.076616 -0.997030
vn -0.006795 -0.026879 -0.999616
vn -0.000091 -0.357118 -0.934059
vn 0.005429 -0.638403 -0.769683
vn 0.004257 -0.634233 -0.773130
vn -0.707910 0.019862 0.706023
vn -0.036692 0.012512 0.999248
vn -0.993757 -0.008494 -0.111246
vn -0.127427 0.011852 0.991777
vn 0.113864 0.009622 0.993450
vn -0.300063 -0.003245 -0.953914
vn -0.968983 -0.000362 0.247129
vn -0.000920 0.010297 0.999947
vn -0.854018 -0.006353 -0.520205
vn 0.934236 -0.008559 -0.356552
vn 0.291024 -0.001811 0.956714
vn 0.208400 0.021489 0.977807
vn 0.979928 0.028391 0.197322
vn 0.712918 -0.027978 -0.700689
vn 0.230820 -0.009018 -0.972955
vn 0.284157 -0.003485 -0.958771
vn 0.757866 0.008681 0.652352
vn 0.113182 -0.009162 -0.993532
vn 0.011584 -0.009514 -0.999888
vn -0.329433 -0.002024 0.944177
vn -0.996660 -0.014105 0.080432
vn -0.006019 0.007563 0.999953
vn 0.353686 0.035052 0.934707
vn -0.998461 -0.020844 0.051388
vn -0.048035 -0.010375 -0.998792
vn -0.554329 -0.004621 -0.832285
vn -0.125764 0.000374 0.992060
vn -0.313280 -0.024943 0.949333
vn 0.989871 0.001310 -0.141967
vn 0.139678 0.042945 0.989265
vn 0.830898 -0.010993 -0.556316
vn 0.972249 0.016689 0.233353
vn 0.428131 0.015633 0.903581
vn 0.734027 0.010251 0.679043
vn -0.991094 -0.000903 0.133161
vn -0.984665 -0.020328 -0.173267
vn -0.193346 -0.008970 0.981090
vn -0.813415 -0.007900 -0.581630
vn -0.997736 0.024774 -0.062530
vn 0.096149 -0.009263 -0.995324
vn -0.712985 -0.020441 -0.700881
vn -0.720223 -0.002161 -0.693740
vn -0.158911 -0.009634 -0.987246
vn -0.926878 -0.012768 0.375146
vn -0.070275 0.044457 0.996536
vn -0.333517 0.020665 0.942518
vn 0.499352 -0.012539 -0.866308
vn 0.774346 -0.007728 0.632715
vn -0.107907 0.003994 0.994153
vn -0.078125 0.013092 0.996858
vn 0.690729 -0.020490 -0.722823
vn 0.916884 -0.002930 0.399143
vn 0.836661 0.013800 0.547547
vn -0.403251 -0.007718 0.915057
vn -0.147998 -0.022437 0.988733
vn -0.025100 0.001107 -0.999684
vn -0.045403 -0.005330 0.998955
vn -0.885181 0.007428 0.465187
vn -0.197845 -0.000179 -0.980233
vn -0.121122 0.001527 0.992636
vn -0.241347 -0.014554 0.970330
vn -0.227040 0.014622 0.973776
vn -0.069407 0.012166 0.997514
vn 0.001759 0.006645 0.999976
vn -0.007921 -0.005541 -0.999953
vn -0.018322 0.001299 -0.999831
vn -0.006817 0.006289 -0.999957
vn 0.296795 -0.019268 -0.954747
vn 0.693198 0.016648 0.720555
vn 0.919287 -0.011382 -0.393424
vn -0.058812 0.019769 0.998073
vn 0.981058 0.001860 0.193706
vn 0.349060 -0.007555 -0.937070
vn 0.985346 -0.005112 -0.170493
vn -0.675791 -0.008734 -0.737042
vn -0.062107 0.944037 -0.323940
vn -0.019873 0.984561 -0.173910
vn -0.038115 0.881961 -0.469779
vn -0.031054 0.994094 -0.103981
vn 0.014147 0.806067 -0.591655
vn 0.054093 0.415998 -0.907755
vn 0.016818 0.992529 0.120847
vn -0.085006 0.956856 0.277848
vn 0.067818 0.974049 0.215936
vn 0.034589 0.976171 0.214227
vn 0.042736 0.996749 0.068298
vn 0.011428 0.934049 0.356961
vn -0.138687 0.944489 0.297837
vn -0.190156 0.887011 0.420775
vn -0.227257 0.840518 0.491817
vn -0.094423 0.994387 0.047740
vn -0.254304 0.886505 0.386572
vn -0.192414 0.958717 0.209375
vn -0.207034 0.829038 0.519455
vn -0.196083 0.650142 0.734075
vn -0.214202 0.783741 0.582981
vn -0.261850 0.700723 0.663642
vn -0.215818 0.816433 0.535593
vn -0.120009 0.800196 0.587609
vn -0.166549 0.738138 0.653769
vn -0.172103 0.560723 0.809920
vn -0.225103 0.506943 0.832068
vn -0.149470 0.648913 0.746037
vn -0.198259 0.413324 0.888739
vn -0.153164 0.713394 0.683820
vn -0.151879 0.622848 0.767459
vn -0.093433 0.748590 0.656417
vn -0.088036 0.645026 0.759072
vn -0.152608 0.548909 0.821833
vn -0.182752 0.468688 0.864253
vn -0.147469 0.468846 0.870882
vn 0.041545 0.276610 -0.960084
vn -0.006565 0.027923 -0.999589
vn 0.013639 0.673223 -0.739314
vn 0.063857 0.445793 -0.892856
vn 0.054614 0.509147 -0.858945
vn -0.009514 0.370121 -0.928935
vn -0.013960 0.992970 -0.117540
vn 0.018091 0.898432 -0.438739
vn -0.113728 0.984475 0.133694
vn -0.274888 0.785308 0.554732
vn -0.075932 0.986135 -0.147551
vn 0.128221 0.479277 -0.868247
vn -0.179628 0.939209 0.292610
vn -0.019048 0.504711 -0.863078
vn -0.015682 0.555191 -0.831575
vn -0.011993 0.787924 -0.615656
vn 0.244567 0.475385 -0.845101
vn 0.078183 0.626068 -0.775839
vn 0.023169 0.961747 0.272957
vn -0.095937 0.958319 0.269112
vn 0.043580 0.955772 0.290863
vn -0.269692 0.955051 0.123059
vn -0.257472 0.923839 0.283250
vn -0.146157 0.894450 0.422608
vn -0.021344 0.906178 0.422357
vn 0.122637 0.990868 0.056045
vn -0.184541 0.937157 0.296110
vn -0.009861 0.960850 -0.276895
vn -0.015353 0.970777 -0.239492
vn 0.003213 0.982331 0.187123
vn 0.297038 0.279906 -0.912919
vn 0.115485 0.815351 -0.567332
vn -0.030595 0.999483 0.009929
vn -0.002755 0.990993 -0.133885
vn -0.112936 0.992543 -0.045873
vn -0.035410 0.956619 -0.289183
vn 0.235391 0.383907 -0.892864
vn 0.041319 0.964015 -0.262615
vn -0.017826 0.947636 -0.318853
vn 0.333686 0.114347 -0.935724
vn -0.164640 0.985298 -0.045629
vn 0.519101 -0.041437 -0.853708
vn 0.326867 0.350116 -0.877825
vn 0.101335 0.977926 -0.182736
vn 0.437191 0.878897 -0.190796
vn 0.236075 0.944810 0.227163
vn 0.010798 0.485302 0.874280
vn 0.270227 0.073867 0.959959
vn 0.529605 -0.362451 -0.766908
vn 0.825455 -0.287509 -0.485760
vn 0.820242 -0.235079 -0.521480
vn 0.563583 -0.471461 -0.678306
vn 0.219589 -0.974531 0.045502
vn 0.152521 -0.987677 0.035101
vn -0.045031 0.637473 0.769156
vn 0.046573 -0.827670 0.559279
vn 0.317602 -0.948071 -0.017013
vn 0.049916 -0.916783 0.396253
vn 0.240102 0.954731 0.175611
vn 0.069432 0.969048 0.236909
vn 0.186098 0.925423 -0.330090
vn 0.230867 0.940079 -0.250904
vn -0.040867 0.998228 0.043254
vn -0.144826 0.882921 0.446627
vn -0.145993 0.894417 0.422734
vn 0.405930 -0.479816 -0.777816
vn -0.180072 0.966360 0.183637
vn -0.347500 0.932890 0.094654
vn -0.119658 0.921455 0.369597
vn -0.250703 0.870869 0.422772
vn -0.122539 0.897015 0.424675
vn 0.495818 -0.441487 -0.747833
vn 0.536086 -0.263556 -0.801966
vn 0.000377 -0.361259 -0.932465
vn -0.004995 -0.137590 -0.990477
vn -0.009279 0.028973 -0.999537
vn -0.047657 0.814407 0.578334
vn -0.040228 0.850750 0.524028
vn 0.008707 0.904322 0.426761
vn -0.118599 0.401707 0.908056
vn -0.084364 0.830209 0.551031
vn 0.056897 0.648778 0.758848
vn 0.215480 0.612571 0.760477
vn 0.025335 0.754971 0.655268
vn -0.143457 0.525808 0.838419
vn -0.079895 0.486979 0.869752
vn -0.040089 0.367342 0.929222
vn 0.027615 0.365572 0.930373
vn 0.031105 0.450247 0.892362
vn -0.021975 0.285397 0.958157
vn 0.048567 0.603376 0.795977
vn 0.058470 0.517893 0.853445
vn 0.083252 0.443189 0.892554
vn 0.042704 0.593640 0.803597
vn -0.009380 0.477195 0.878747
vn 0.013501 0.557434 0.830112
vn 0.024197 0.363935 0.931110
vn 0.035306 0.283296 0.958382
vn 0.065025 0.239487 0.968720
vn -0.155391 0.314207 0.936551
vn -0.161899 0.341529 0.925822
vn -0.193477 0.345874 0.918117
vn -0.174787 0.350016 0.920293
vn -0.173426 0.228884 0.957881
vn -0.142299 0.248246 0.958188
vn -0.132671 0.302368 0.943913
vn -0.201417 0.036283 0.978833
vn -0.201644 0.042740 0.978526
vn -0.173251 -0.019801 0.984679
vn -0.159927 -0.022285 0.986877
vn -0.185773 0.154552 0.970362
vn -0.124310 0.045707 0.991190
vn -0.114845 0.092548 0.989063
vn -0.139441 0.171735 0.975225
vn -0.072256 0.122026 0.989893
vn -0.132380 -0.022520 0.990943
vn -0.120246 0.011940 0.992672
vn -0.113667 0.053273 0.992090
vn -0.047238 0.050321 0.997615
vn -0.133343 -0.008870 0.991030
vn 0.049901 0.186971 0.981097
vn -0.057043 0.202082 0.977706
vn 0.010123 0.106327 0.994280
vn 0.083129 0.111021 0.990335
vn 0.078392 0.047936 0.995770
vn 0.062490 -0.038847 0.997289
vn -0.053604 -0.061520 0.996665
vn -0.061136 -0.035369 -0.997503
vn -0.036561 -0.292286 -0.955632
vn -0.621779 0.217630 -0.752348
vn -0.592184 0.534297 -0.603195
vn -0.212361 0.067334 -0.974869
vn -0.255074 0.498203 -0.828693
vn -0.427868 -0.040881 -0.902916
vn -0.752921 0.005007 -0.658091
vn -0.711609 -0.168270 -0.682127
vn -0.627018 -0.408794 -0.663126
vn -0.593648 -0.242599 -0.767286
vn -0.521461 -0.569448 -0.635458
vn -0.453108 -0.431219 -0.780220
vn -0.030463 0.799499 -0.599894
vn 0.017089 0.981484 0.190782
vn 0.057566 0.866101 -0.496543
vn -0.007349 0.985702 -0.168335
vn -0.024093 0.908216 -0.417808
vn 0.006455 0.998302 0.057899
vn 0.380289 0.905621 0.187699
vn 0.214466 0.866401 0.450947
vn 0.060200 0.732936 0.677629
vn 0.032790 0.828526 0.558989
vn 0.134410 0.681290 0.719568
vn -0.063527 0.457108 -0.887140
vn -0.047391 0.072162 -0.996266
vn 0.394285 -0.503346 -0.768884
vn 0.950438 0.274585 0.145842
vn 0.379325 0.608247 0.697243
vn 0.585109 -0.457291 -0.669725
vn 0.759687 0.035588 -0.649314
vn 0.430019 -0.001276 0.902819
vn 0.337906 0.690830 0.639197
vn 0.396814 -0.472682 -0.786836
vn 0.346698 0.337065 0.875322
vn 0.169875 0.439888 0.881839
vn 0.068522 -0.748605 0.659465
vn -0.061411 -0.760999 0.645840
vn 0.100202 -0.675414 0.730600
vn 0.395188 0.464414 -0.792557
vn 0.392526 -0.509281 -0.765869
vn -0.046740 0.998811 0.013869
vn 0.550496 -0.385134 -0.740693
vn 0.595193 -0.650421 0.471909
vn 0.168216 -0.670195 0.722871
vn 0.577601 -0.063857 -0.813818
vn 0.027092 0.579754 0.814341
vn 0.387975 0.915283 -0.108316
vn 0.607878 0.752290 -0.254055
vn 0.579155 0.264706 -0.771045
vn 0.148952 0.867631 0.474373
vn 0.009579 0.921902 0.387304
vn 0.021562 0.514568 0.857178
vn -0.033109 0.883772 0.466745
vn 0.066597 0.903831 0.422674
vn 0.106613 0.981272 0.160435
vn 0.709660 0.102853 -0.696996
vn 0.439076 -0.338052 -0.832426
vn 0.433626 -0.437169 -0.787942
vn 0.808530 0.451012 -0.377978
vn 0.242840 0.657052 0.713660
vn -0.109786 0.601306 0.791441
vn 0.532983 -0.067955 -0.843393
vn 0.766131 -0.179857 -0.617005
vn 0.039768 0.489986 0.870823
vn 0.743526 0.630054 0.224054
vn 0.571628 0.702029 -0.424730
vn 0.389832 0.892801 0.225695
vn -0.486399 0.549228 -0.679533
vn -0.486399 0.549228 -0.679533
vn -0.486399 0.549228 -0.679533
vn 0.583206 -0.137210 -0.800653
vn 0.817004 0.574726 0.046844
vn 0.054628 0.423606 0.904198
vn 0.165031 0.549921 0.818750
vn 0.190180 0.703033 0.685256
vn 0.054506 0.931268 0.360235
vn 0.040345 0.947855 0.316139
vn 0.118875 0.449578 0.885296
vn 0.034153 0.934949 0.353134
vn -0.132503 0.369248 0.919836
vn -0.012571 0.957688 0.287533
vn 0.087103 0.721205 0.687224
vn -0.097145 0.731513 -0.674872
vn -0.402796 0.787860 -0.465867
vn -0.315137 0.839469 -0.442698
vn -0.131575 0.796294 -0.590427
vn -0.080619 0.961747 -0.261809
vn -0.127601 0.961081 -0.245032
vn 0.020871 0.999725 -0.010679
vn 0.028599 0.943071 0.331359
vn 0.120865 0.987452 0.101638
vn 0.027511 0.381606 0.923916
vn 0.020039 0.375746 0.926506
vn -0.296299 0.534220 -0.791717
vn -0.545209 0.607139 -0.578039
vn -0.360603 0.077600 -0.929486
vn -0.540797 0.271463 -0.796145
vn -0.675416 0.019059 -0.737191
vn -0.727292 0.226291 -0.647950
vn -0.467050 -0.048861 -0.882880
vn -0.417393 -0.252501 -0.872941
vn -0.322996 -0.306849 -0.895275
vn -0.275233 -0.478125 -0.834052
vn -0.003197 0.929887 0.367832
vn 0.001068 -0.631065 -0.775729
vn -0.017582 -0.673825 -0.738682
vn -0.311961 0.000291 -0.950095
vn -0.034159 -0.006942 -0.999392
vn -0.628416 -0.007748 -0.777839
vn -0.016004 -0.297338 -0.954638
vn 0.689259 0.083555 0.719681
vn 0.892766 0.042849 0.448479
vn 0.654280 -0.419654 -0.629133
vn 0.541920 -0.794584 -0.273787
vn -0.007249 0.244112 0.969720
vn 0.836828 0.167767 0.521127
vn 0.232677 0.277132 0.932234
vn 0.445974 -0.160071 -0.880616
vn 0.641637 -0.014585 -0.766870
vn 0.534046 -0.152486 -0.831590
vn 0.730647 -0.200804 -0.652559
vn 0.583165 -0.357211 -0.729602
vn 0.403948 -0.286330 -0.868816
vn 0.406384 -0.235389 -0.882861
vn 0.814711 0.533432 0.227369
vn 0.692631 0.085664 0.716187
vn -0.059090 0.368355 0.927806
vn -0.072772 0.253181 0.964678
vn -0.545269 0.691899 0.473241
vn -0.612766 0.540941 0.576108
vn -0.612766 0.540941 0.576108
vn -0.673912 0.038053 0.737831
vn -0.761013 0.368604 -0.533845
vn -0.789907 0.312332 -0.527727
vn -0.837253 0.201333 -0.508402
vn -0.836698 0.199979 -0.509848
vn 0.967661 0.094666 0.233818
vn 0.559771 0.252843 0.789130
vn 0.283923 0.115978 0.951807
vn 0.291039 0.365862 0.883992
vn 0.872634 -0.101463 -0.477718
vn -0.564740 0.627466 -0.536055
vn 0.436269 -0.158143 -0.885810
vn 0.462651 0.871520 0.162501
vn 0.894464 -0.128740 -0.428205
vn 0.952898 -0.128123 0.274899
vn 0.857376 -0.026017 0.514032
vn 0.656211 -0.179876 -0.732824
vn 0.958126 -0.285594 0.020767
vn 0.142675 0.748852 0.647197
vn -0.176212 0.266340 0.947635
vn -0.036244 0.315723 0.948159
vn -0.226505 0.229700 0.946538
vn -0.219904 0.117333 0.968439
vn 0.210946 0.505302 0.836762
vn -0.316716 0.218769 0.922947
vn 0.299170 -0.166668 -0.939531
vn 0.955206 0.291878 0.048878
vn 0.857827 0.420356 0.295690
vn 0.959312 0.245755 0.139011
vn 0.754022 0.220119 0.618869
vn -0.927770 0.276362 -0.250731
vn -0.924787 0.063384 -0.375168
vn -0.794471 -0.124150 -0.594477
vn -0.815474 -0.146618 -0.559915
vn -0.734109 -0.258724 -0.627810
vn 0.975972 0.214644 0.037516
vn -0.198420 0.431594 0.879975
vn -0.321576 0.604902 0.728480
vn -0.639458 0.473754 0.605517
vn 0.789336 0.579764 0.202047
vn 0.627316 0.758876 -0.174879
vn 0.423773 0.201107 0.883160
vn 0.317139 0.241123 0.917215
vn 0.130707 0.369574 0.919962
vn 0.537321 0.499602 0.679473
vn 0.353883 0.155994 -0.922189
vn -0.910274 -0.200258 -0.362350
vn -0.875305 -0.312710 -0.368855
vn 0.808254 0.588096 0.029452
vn 0.316476 0.276974 -0.907264
vn 0.392221 0.760202 0.517934
vn 0.236761 0.150245 -0.959881
vn -0.147643 0.278895 -0.948904
vn 0.202020 0.279023 0.938794
vn -0.428992 0.851167 0.302459
vn -0.825872 -0.449807 -0.340013
vn 0.987660 -0.054054 0.146992
vn 0.172149 -0.059913 0.983247
vn 0.542856 -0.360659 0.758441
vn 0.221856 -0.246782 0.943334
vn 0.911867 -0.399340 0.094999
vn 0.985515 0.077474 -0.150859
vn -0.228671 0.272409 -0.934614
vn 0.989396 0.131835 -0.060957
vn 0.049892 -0.732463 -0.678976
vn 0.156182 -0.491074 -0.857003
vn 0.331607 -0.169805 -0.928010
vn 0.645026 0.180169 0.742617
vn 0.317983 -0.046289 0.946966
vn 0.695390 -0.206161 0.688426
vn 0.145333 0.019374 0.989193
vn 0.249647 -0.027403 -0.967949
vn 0.243541 0.004358 -0.969881
vn 0.287110 -0.091686 0.953500
vn 0.053209 -0.029422 0.998150
vn 0.260818 -0.624749 -0.735977
vn -0.318145 -0.933992 0.162612
vn -0.318145 -0.933992 0.162612
vn -0.318145 -0.933992 0.162612
vn 0.789239 0.345734 0.507513
vn 0.898120 0.262622 0.352719
vn 0.334224 -0.077307 -0.939318
vn 0.336516 -0.028196 -0.941256
vn 0.780824 -0.107445 -0.615442
vn 0.758980 0.100143 0.643366
vn 0.353977 0.213117 0.910649
vn 0.418286 -0.034016 0.907678
vn 0.146493 -0.001394 0.989211
vn 0.222069 0.029801 0.974575
vn 0.706630 0.115212 0.698140
vn 0.363501 0.019928 0.931381
vn 0.354230 0.220128 0.908881
vn 0.129716 0.004580 0.991541
vn 0.341238 0.057049 0.938244
vn 0.392850 -0.750414 -0.531552
vn -0.359016 -0.932097 -0.047983
vn 0.147264 -0.412192 -0.899117
vn 0.450743 -0.189005 -0.872415
vn 0.921237 0.150324 0.358783
vn -0.635408 -0.768434 -0.075933
vn -0.870859 -0.441316 -0.216437
vn -0.883919 -0.381877 -0.269920
vn 0.970915 0.178174 0.159933
vn 0.967714 0.246971 -0.050349
vn 0.340644 -0.065058 -0.937939
vn 0.051225 0.000500 0.998687
vn 0.365130 -0.054658 -0.929351
vn 0.049364 -0.742192 -0.668367
vn 0.364853 -0.298960 -0.881762
vn -0.198664 -0.466805 -0.861757
vn 0.332813 -0.117036 -0.935702
vn -0.524221 -0.759750 -0.384672
vn -0.403619 -0.818629 -0.408581
vn -0.622418 -0.736105 -0.265979
vn 0.950695 0.250444 0.182914
vn 0.929379 0.245970 0.275234
vn 0.965025 0.249688 0.079886
vn 0.499735 0.175786 0.848153
vn 0.445468 0.190439 0.874809
vn 0.285373 0.099005 0.953289
vn 0.736516 0.305195 0.603656
vn 0.038781 0.049308 0.998030
vn 0.739757 0.202878 0.641560
vn 0.390012 0.069554 0.918179
vn 0.543412 0.059963 0.837322
vn 0.422360 -0.443829 -0.790334
vn 0.344089 -0.748439 -0.566959
vn 0.499045 -0.357601 -0.789351
vn 0.499045 -0.357601 -0.789351
vn 0.542209 -0.004114 -0.840233
vn -0.687699 -0.096082 -0.719609
vn -0.679157 -0.583985 -0.444642
vn -0.687699 -0.096082 -0.719609
vn -0.542022 0.314364 -0.779351
vn 0.209652 -0.396260 -0.893881
vn -0.397183 -0.642117 -0.655692
vn 0.885040 0.378096 0.271564
vn 0.938073 0.313931 0.146511
vn -0.011319 0.029679 0.999495
vn 0.057136 0.015341 0.998249
vn 0.017595 0.018107 0.999681
vn 0.036826 -0.018089 0.999158
vn -0.642558 -0.558996 -0.524064
vn -0.663388 -0.535924 -0.522208
vn -0.700097 -0.506194 -0.503619
vn -0.744366 -0.434554 -0.507032
vn -0.229978 -0.929465 0.288453
vn -0.229978 -0.929465 0.288453
vn -0.229978 -0.929465 0.288453
vn 0.261398 0.088349 -0.961179
vn -0.288498 -0.457859 -0.840913
vn 0.046929 0.003107 -0.998893
vn 0.889322 0.330075 0.316476
vn 0.837829 0.322720 0.440335
vn 0.207492 -0.031243 0.977738
vn 0.102016 -0.059660 0.992992
vn -0.667557 -0.682879 -0.296721
vn -0.432922 -0.857141 -0.279085
vn -0.575657 -0.641557 -0.506976
vn -0.409251 -0.864873 -0.290703
vn 0.889842 0.284264 0.356897
vn 0.926830 0.337328 0.164915
vn 0.906797 -0.097036 0.410248
vn 0.076383 -0.185916 0.979592
vn -0.068141 -0.145357 0.987030
vn 0.004145 -0.043298 0.999054
vn 0.517957 -0.177590 0.836769
vn 0.951325 0.302065 0.061132
vn -0.354407 -0.398767 -0.845802
vn -0.140024 -0.484844 -0.863319
vn -0.062112 -0.327053 -0.942963
vn 0.317938 -0.372145 -0.872023
vn -0.482185 -0.769004 -0.419679
vn 0.377196 -0.126575 -0.917443
vn 0.254693 -0.134190 0.957666
vn -0.027864 -0.074803 0.996809
vn -0.033856 -0.073627 0.996711
vn 0.118865 -0.012014 0.992838
vn 0.164747 -0.064019 0.984256
vn 0.513564 -0.061998 -0.855809
vn 0.224469 -0.102701 -0.969054
vn 0.458456 0.255168 0.851297
vn -0.485689 -0.530780 -0.694535
vn -0.334665 -0.829022 -0.448019
vn -0.735836 -0.585868 -0.339565
vn 0.184408 -0.911112 0.368604
vn 0.184408 -0.911112 0.368604
vn 0.184408 -0.911112 0.368604
vn 0.282880 -0.091614 0.954770
vn 0.393038 0.006274 -0.919501
vn 0.742546 0.294892 -0.601385
vn -0.639030 -0.638056 -0.429565
vn -0.655532 -0.713342 -0.247832
vn -0.641566 -0.765830 0.043563
vn -0.378145 -0.864465 0.331221
vn 0.392142 0.079486 0.916464
vn 0.836980 0.440531 0.324649
vn 0.932972 0.358126 0.036172
vn 0.922941 0.384780 0.011175
vn 0.258188 -0.026412 -0.965734
vn 0.418252 -0.081417 0.904675
vn 0.973224 0.194559 0.122398
vn 0.432528 -0.159707 -0.887363
vn 0.101315 0.121462 0.987412
vn 0.533475 -0.809940 -0.243726
vn -0.064069 -0.997517 0.029247
vn -0.213862 -0.957220 0.194919
vn 0.702305 -0.003944 0.711865
vn 0.808145 0.383485 0.447037
vn 0.822820 0.278879 0.495171
vn 0.295482 0.119916 0.947793
vn 0.883353 0.434447 0.175904
vn 0.126901 -0.186969 -0.974135
vn 0.274614 0.000574 -0.961554
vn 0.319899 0.001185 -0.947451
vn 0.894635 -0.088024 -0.438040
vn 0.515156 -0.273389 0.812326
vn 0.207947 -0.057461 0.976451
vn 0.384750 -0.322640 0.864795
vn 0.915447 0.402430 0.002567
vn 0.186974 -0.609192 0.770666
vn 0.033276 -0.972235 -0.231628
vn -0.058645 -0.992565 -0.106652
vn 0.280139 -0.023870 -0.959663
vn 0.273140 0.078357 -0.958778
vn 0.272195 -0.032759 -0.961684
vn 0.026203 -0.962291 0.270757
vn 0.418821 0.259837 0.870100
vn 0.919245 0.308664 -0.244367
vn 0.776181 -0.063932 -0.627261
vn 0.312983 -0.035992 -0.949077
vn 0.897701 -0.035703 0.439157
vn 0.278503 -0.116185 0.953382
vn 0.222436 -0.223082 0.949082
vn 0.790190 0.407591 0.457678
vn 0.215753 -0.006045 -0.976429
vn -0.026587 -0.274407 -0.961246
vn 0.173501 0.032524 -0.984297
vn 0.822277 0.456596 0.339678
vn -0.363238 -0.845729 -0.390897
vn -0.506418 -0.776931 -0.374058
vn -0.498159 -0.823603 -0.271138
vn -0.075093 -0.128481 0.988865
vn 0.154657 0.025511 0.987639
vn 0.153165 0.010610 -0.988144
vn 0.118729 0.001498 -0.992926
vn 0.163336 -0.008066 -0.986538
vn 0.149538 -0.003935 -0.988748
vn -0.928324 0.321259 0.187101
vn -0.928324 0.321259 0.187101
vn -0.928324 0.321259 0.187101
vn -0.501146 -0.785334 -0.363460
vn -0.660134 -0.511336 -0.550234
vn -0.400292 -0.851521 -0.338641
vn 0.202028 -0.978871 -0.031551
vn 0.499621 -0.865677 0.031350
vn 0.432488 -0.901604 -0.008050
vn -0.576217 -0.346203 0.740349
vn 0.934623 0.331737 0.128180
vn 0.886558 0.338400 0.315437
vn 0.349428 0.377350 -0.857617
vn 0.208787 -0.056963 -0.976301
vn 0.765188 0.055908 0.641375
vn 0.339203 -0.040566 0.939838
vn 0.328965 0.236387 0.914278
vn 0.968547 0.205694 0.140026
vn 0.230762 -0.072460 -0.970308
vn 0.414400 -0.130162 -0.900739
vn 0.440683 -0.216633 -0.871131
vn 0.188883 -0.079640 -0.978765
vn 0.329338 -0.910148 -0.251329
vn 0.315533 -0.917080 -0.243727
vn 0.200777 -0.979394 0.021799
vn 0.125730 -0.107774 0.986193
vn 0.347069 0.051131 0.936445
vn 0.175265 0.072385 0.981857
vn -0.479548 -0.835670 -0.267747
vn -0.393836 -0.891859 -0.222442
vn 0.894466 0.420043 0.153281
vn 0.302870 -0.771969 -0.558868
vn -0.460719 -0.860432 0.217705
vn -0.460719 -0.860432 0.217705
vn -0.460719 -0.860432 0.217705
vn 0.671592 0.353470 0.651170
vn 0.141299 -0.979298 0.144948
vn 0.093627 -0.970542 0.221996
vn 0.208618 0.345635 0.914885
vn 0.964513 0.215576 0.152451
vn 0.825864 -0.113804 -0.552266
vn 0.746094 0.081082 0.660885
vn 0.214940 -0.005663 0.976611
vn 0.541601 -0.793800 -0.276677
vn 0.541601 -0.793800 -0.276677
vn 0.541601 -0.793800 -0.276677
vn 0.977744 0.203608 0.050602
vn -0.002199 0.026710 0.999641
vn 0.327552 0.050221 -0.943497
vn 0.838248 0.190699 -0.510856
vn 0.891985 -0.169164 -0.419221
vn 0.352888 0.013965 -0.935561
vn -0.052652 -0.225013 0.972932
vn -0.387501 -0.391844 0.834447
vn 0.395332 0.139030 0.907956
vn 0.225586 -0.035846 0.973563
vn 0.737856 0.463620 0.490535
vn 0.627214 0.666405 0.403121
vn -0.216936 -0.946780 -0.237797
vn -0.323907 -0.444018 -0.835423
vn 0.245421 -0.194474 -0.949710
vn -0.052345 -0.589172 -0.806310
vn -0.296902 -0.947232 0.120836
vn 0.671063 0.334483 0.661661
vn 0.641000 0.309642 -0.702311
vn 0.421696 -0.036354 -0.906008
vn 0.336565 -0.120336 -0.933939
vn 0.242139 -0.015503 -0.970118
vn -0.205328 -0.658123 -0.724372
vn -0.188181 -0.271225 -0.943941
vn -0.336161 -0.480857 -0.809798
vn -0.298868 -0.498057 -0.814013
vn -0.431771 -0.035892 -0.901269
vn -0.564357 -0.292529 -0.771964
vn -0.556462 -0.368342 -0.744764
vn -0.358289 -0.157842 -0.920171
vn -0.692704 -0.032334 -0.720497
vn -0.700058 -0.011204 -0.713998
vn -0.692344 -0.039705 -0.720474
vn 0.064943 -0.010635 0.997832
vn 0.042640 -0.013947 0.998993
vn 0.028328 -0.001690 0.999597
vn 0.028093 -0.026022 0.999267
vn 0.852723 -0.101062 -0.512493
vn 0.919655 -0.085709 -0.383260
vn 0.012277 -0.004296 0.999915
vn 0.835228 -0.141511 -0.531384
vn 0.950217 -0.105969 -0.293015
vn 0.090391 -0.000392 0.995906
vn -0.022750 0.057548 -0.998084
vn 0.045757 0.490209 -0.870403
vn -0.192835 -0.647852 -0.736955
vn 0.034899 -0.066018 -0.997208
vn 0.052252 -0.402339 -0.913998
vn -0.095610 -0.133634 -0.986408
vn -0.091829 -0.752980 -0.651605
vn -0.391550 -0.640495 -0.660647
vn 0.295758 -0.300418 -0.906795
vn 0.303740 -0.636324 -0.709108
vn 0.181366 0.839117 -0.512825
vn 0.357635 0.545917 -0.757675
vn 0.130757 0.123720 -0.983665
vn 0.227159 0.952697 -0.201910
vn 0.485115 0.826405 -0.285865
vn 0.549272 0.276222 -0.788671
vn 0.346461 0.028420 -0.937634
vn 0.704071 0.063780 -0.707260
vn 0.771504 0.557011 -0.307441
vn 0.640126 0.664207 -0.386093
vn 0.939841 0.071751 -0.333991
vn 0.059471 0.733587 0.676989
vn -0.000939 0.548330 0.836262
vn 0.821781 0.530552 -0.207825
vn 0.884810 0.289867 -0.364813
vn -0.182339 -0.257575 -0.948898
vn -0.042321 -0.511314 -0.858351
vn 0.096321 -0.479095 -0.872462
vn -0.013691 -0.274706 -0.961431
vn 0.587099 -0.175526 -0.790257
vn 0.593799 -0.479952 -0.645793
vn 0.849497 -0.216173 -0.481273
vn 0.260803 -0.690198 -0.674988
vn 0.044342 -0.757133 -0.651754
vn 0.469893 -0.529245 -0.706470
vn 0.792131 -0.312188 -0.524469
vn 0.946877 -0.014353 -0.321276
vn 0.037789 -0.739840 -0.671721
vn 0.054406 -0.281040 -0.958153
vn 0.736451 -0.211872 -0.642456
vn 0.362757 -0.301293 -0.881833
vn 0.092837 -0.031275 -0.995190
vn 0.953432 0.011434 -0.301390
vn 0.626229 -0.107059 -0.772254
vn 0.732976 -0.003276 -0.680247
vn -0.053485 -0.013678 -0.998475
vn -0.415295 -0.012039 -0.909607
vn -0.028205 0.001185 -0.999601
vn -0.336622 -0.002846 -0.941636
vn 0.366039 0.008446 -0.930561
vn 0.031312 0.001647 -0.999508
vn 0.027942 -0.008696 0.999572
vn -0.005114 -0.014661 0.999879
vn 0.028216 -0.017990 0.999440
vn 0.472661 -0.010864 -0.881177
vn 0.812728 0.011834 -0.582523
vn 0.956052 0.013088 -0.292903
vn 0.953108 0.016207 -0.302196
vn -0.102728 0.659650 0.744519
vn -0.197557 0.964496 0.175264
vn 0.012940 0.919616 -0.392605
vn -0.696329 0.428171 0.576017
vn -0.607810 0.404219 0.683501
vn 0.528214 0.379512 -0.759579
vn -0.624875 0.666750 0.406172
vn -0.177488 0.914624 -0.363265
vn 0.050449 0.815954 -0.575911
vn -0.560894 0.566613 0.603613
vn -0.654274 0.464396 0.596876
vn 0.570134 0.071563 -0.818429
vn 0.664650 -0.151137 -0.731709
vn 0.183882 0.727680 -0.660810
vn -0.494656 0.670213 0.553290
vn 0.656820 -0.061697 -0.751519
vn -0.075999 0.734421 0.674426
vn 0.299548 0.691542 0.657298
vn 0.383875 0.920356 0.074730
vn 0.995052 -0.044448 0.088854
vn 0.802477 -0.296685 -0.517695
vn 0.191740 0.529328 0.826467
vn 0.542870 0.540182 0.643036
vn 0.148330 0.771050 0.619258
vn 0.371703 0.651041 0.661803
vn -0.330492 0.687174 0.646967
vn -0.616012 0.371565 0.694599
vn 0.297210 0.727012 0.618967
vn 0.342837 0.642412 0.685398
vn -0.826169 0.519132 0.218966
vn -0.696537 0.553731 0.456309
vn -0.623058 0.672972 0.398632
vn -0.609643 0.686217 0.396789
vn 0.136011 0.680728 0.719799
vn -0.420992 0.658016 0.624324
vn 0.428542 0.558468 0.710257
vn 0.187383 0.589739 0.785554
vn -0.218240 0.752643 0.621209
vn 0.749065 -0.203892 -0.630341
vn 0.667677 -0.175867 -0.723380
vn 0.416821 -0.428004 -0.801918
vn 0.838223 -0.057484 -0.542289
vn 0.852623 -0.068338 -0.518038
vn 0.541263 -0.333297 -0.771976
vn 0.611357 -0.134808 -0.779788
vn -0.079633 0.685184 0.724004
vn 0.044641 0.459965 0.886814
vn 0.053167 0.160103 0.985667
vn 0.108794 0.284394 0.952514
vn 0.091256 0.195804 0.976388
vn 0.009831 0.398992 0.916902
vn 0.552820 -0.318872 -0.769877
vn -0.560328 0.622153 0.546770
vn -0.341201 0.522478 0.781408
vn -0.123574 0.523302 0.843139
vn -0.220051 0.527452 0.820592
vn -0.415358 0.639911 0.646523
vn -0.564220 0.650579 0.508333
vn 0.995320 0.089809 -0.035675
vn 0.979443 0.194396 -0.053869
vn -0.321196 0.586323 0.743679
vn 0.931675 0.217610 0.290907
vn 0.752421 -0.217088 -0.621880
vn 0.202013 0.425708 0.882022
vn 0.773835 0.293847 0.561100
vn 0.998564 0.050437 -0.018081
vn 0.028958 0.802666 0.595725
vn 0.132197 0.332958 0.933629
vn 0.057018 0.100452 0.993307
vn 0.046431 0.396867 0.916701
vn 0.046193 0.202175 0.978260
vn -0.104246 0.685266 0.720793
vn -0.003721 0.787222 0.616659
vn -0.047509 0.847371 0.528872
vn 0.001573 0.976709 0.214561
vn -0.399060 0.809511 0.430631
vn 0.023979 0.562550 0.826415
vn 0.027269 0.603675 0.796764
vn -0.103842 0.121640 0.987127
vn -0.020649 0.405248 0.913973
vn 0.006299 0.175942 0.984380
vn 0.001004 0.118387 0.992967
vn -0.249766 0.358257 0.899594
vn -0.596869 0.474626 0.646898
vn -0.111692 0.197094 0.974002
vn -0.841518 0.012980 0.540073
vn -0.428499 0.069025 0.900902
vn 0.396903 -0.106550 -0.911655
vn 0.491991 -0.151815 -0.857261
vn 0.072818 0.266847 0.960984
vn 0.343517 -0.138535 -0.928872
vn 0.905095 0.259170 -0.337095
vn 0.905095 0.259170 -0.337095
vn 0.905095 0.259170 -0.337095
vn -0.550590 0.171872 -0.816891
vn -0.552806 0.172102 -0.815345
vn 0.906528 0.410822 0.097118
vn 0.462851 0.338293 0.819345
vn 0.861572 0.314991 0.398089
vn -0.485265 0.332988 0.808478
vn -0.462175 0.872687 -0.157514
vn -0.462175 0.872687 -0.157514
vn -0.462175 0.872687 -0.157514
vn 0.043671 -0.065534 -0.996894
vn 0.773649 -0.142068 -0.617482
vn 0.193725 0.413641 0.889591
vn 0.089366 0.192060 0.977306
vn 0.630498 -0.076969 -0.772365
vn 0.630049 0.281241 -0.723838
vn 0.050649 0.505745 0.861195
vn 0.515399 -0.234939 -0.824116
vn 0.701273 -0.175448 -0.690966
vn 0.573308 -0.288157 -0.766996
vn -0.242858 0.088002 -0.966062
vn 0.362757 -0.296629 -0.883413
vn 0.265526 -0.633264 -0.726961
vn 0.382640 -0.468312 -0.796411
vn -0.375326 -0.915344 0.145863
vn -0.375326 -0.915344 0.145863
vn -0.375326 -0.915344 0.145863
vn 0.375177 0.472208 0.797660
vn 0.742191 0.540491 -0.396259
vn 0.432448 0.567326 0.700806
vn -0.185816 0.597040 0.780394
vn -0.142589 0.546274 0.825380
vn -0.015243 0.750514 0.660679
vn 0.616953 0.162128 0.770119
vn 0.019112 0.416992 0.908709
vn 0.321371 0.467650 0.823422
vn 0.213886 0.169066 0.962117
vn 0.095517 0.550819 0.829141
vn 0.163233 0.249371 0.954552
vn 0.477288 0.371464 0.796373
vn 0.496047 0.334146 0.801426
vn 0.133219 0.134670 0.981894
vn -0.097814 0.438729 0.893280
vn -0.034904 0.320170 0.946717
vn 0.259645 0.362223 0.895198
vn 0.135616 0.267256 0.954035
vn 0.672646 0.088190 0.734690
vn 0.649302 0.139400 0.747646
vn -0.216250 0.259568 0.941202
vn -0.160708 0.350350 0.922729
vn -0.180264 0.200796 0.962905
vn 0.563923 0.166044 0.808962
vn -0.266729 0.298146 0.916496
vn 0.102486 0.285731 0.952814
vn -0.143006 0.417228 0.897480
vn -0.152601 0.287371 0.945585
vn 0.053492 0.121677 0.991127
vn 0.139760 0.463962 0.874761
vn 0.055904 0.013462 0.998345
vn 0.030195 0.240581 0.970159
vn 0.143163 0.029926 0.989247
vn -0.015846 0.156484 0.987553
vn 0.677241 -0.160864 -0.717961
vn 0.729489 -0.146685 -0.668078
vn -0.037011 0.167226 0.985224
vn 0.025377 0.002056 0.999676
vn 0.166799 0.464703 0.869614
vn 0.853132 0.246590 0.459737
vn 0.964712 -0.042641 -0.259833
vn 0.699493 -0.226565 -0.677774
vn 0.941208 0.051290 0.333910
vn 0.886048 -0.152152 -0.437914
vn 0.447833 0.395487 0.801895
vn 0.961487 -0.118615 0.247938
vn 0.692738 -0.153796 -0.704600
vn 0.733926 -0.154005 -0.661540
vn 0.971577 -0.043267 0.232734
vn 0.760729 -0.136768 -0.634497
vn 0.999376 0.018696 0.029960
vn 0.691332 0.115072 0.713315
vn 0.889338 0.080218 0.450158
vn 0.857516 -0.006301 0.514419
vn 0.917302 0.063496 0.393097
vn 0.788566 0.128155 0.601448
vn 0.150312 0.409842 0.899686
vn 0.485540 0.177111 0.856086
vn 0.674469 0.140238 0.724862
vn 0.319589 0.179882 0.930325
vn 0.115849 0.694104 0.710492
vn 0.579069 0.799752 -0.158355
vn 0.193146 0.937844 0.288344
vn -0.208810 0.929362 0.304442
vn -0.088663 0.965278 0.245716
vn -0.610105 -0.004132 0.792310
vn 0.173022 0.981302 0.084318
vn 0.952225 0.134934 -0.273971
vn 0.959429 0.021229 -0.281150
vn -0.526754 0.726513 0.441259
vn -0.005546 0.988077 0.153862
vn 0.109101 0.991247 0.074338
vn -0.868421 -0.015726 0.495577
vn 0.618566 0.785368 -0.023943
vn 0.565773 0.813212 -0.136334
vn 0.899087 0.371476 -0.231619
vn -0.659348 0.566168 0.494686
vn -0.781267 0.372377 0.500956
vn -0.384557 0.808176 0.446057
vn 0.958793 0.052745 -0.279168
vn -0.011169 0.972797 0.231391
vn 0.517102 0.855755 0.016986
vn 0.982142 0.042274 -0.183330
vn 0.026958 0.744557 0.667014
vn -0.525023 0.370680 0.766125
vn 0.217333 0.898583 0.381201
vn -0.106687 0.933553 0.342193
vn 0.589836 0.461104 0.662930
vn 0.910958 0.404352 -0.081578
vn 0.995442 0.095177 0.005962
vn 0.280998 0.194443 0.939804
vn 0.196920 0.399583 0.895296
vn 0.433390 0.228430 0.871776
vn -0.001064 0.062844 0.998023
vn 0.201336 0.001005 0.979522
vn 0.059610 0.008858 0.998182
vn 0.106995 -0.012454 0.994182
vn -0.619364 -0.012871 0.784998
vn 0.144281 -0.010184 0.989484
vn -0.872339 -0.015446 0.488657
vn -0.862025 -0.014141 0.506668
vn -0.870675 0.005572 0.491828
vn -0.665345 0.003655 0.746527
vn -0.013099 0.211856 0.977213
vn -0.062295 0.006654 0.998036
vn 0.997606 0.064629 -0.024586
vn 0.418691 0.100704 0.902528
vn -0.480592 -0.007542 0.876912
vn -0.652485 -0.009060 0.757747
vn -0.100508 -0.002397 0.994933
vn 0.992721 0.029561 0.116748
vn 0.105115 0.007989 0.994428
vn 0.560293 0.003829 0.828285
vn 0.998350 0.016612 -0.054956
vn 0.963492 0.016780 -0.267211
vn -0.572576 -0.011415 0.819772
vn 0.134868 0.000066 0.990864
vn 0.479234 0.212576 0.851555
vn 0.480878 0.208077 0.851740
vn 0.251402 0.047294 0.966727
vn 0.873604 -0.483725 0.053161
vn 0.649159 -0.258206 0.715488
vn -0.577780 0.470615 -0.666852
vn -0.577780 0.470615 -0.666852
vn -0.577780 0.470615 -0.666852
vn 0.815884 0.246482 0.523048
vn 0.371241 -0.135448 0.918604
vn 0.942874 0.295848 0.153176
vn 0.538150 0.027202 0.842410
vn 0.890075 -0.413001 0.192863
vn 0.934505 0.067975 0.349399
vn 0.861625 -0.440024 0.252945
vn -0.003940 -0.286553 0.958056
vn 0.036135 -0.086074 0.995633
vn 0.246932 -0.058759 0.967250
vn 0.088156 -0.090965 -0.991944
vn -0.187766 -0.484040 -0.854663
vn -0.051647 -0.761902 -0.645630
vn -0.420709 -0.725447 0.544729
vn 0.601281 0.069484 0.796010
vn 0.611280 -0.124944 -0.781490
vn 0.967471 0.202204 -0.152032
vn 0.966711 0.067581 0.246785
vn -0.037331 0.024712 0.998997
vn 0.041317 -0.023772 0.998863
vn 0.841958 0.398131 0.364139
vn 0.862578 0.127978 0.489470
vn 0.824930 0.336946 0.453826
vn 0.610369 0.152334 0.777331
vn 0.503585 -0.001707 0.863944
vn 0.181621 -0.890145 -0.417917
vn 0.181621 -0.890145 -0.417917
vn 0.181621 -0.890145 -0.417917
vn 0.940327 0.329677 0.084249
vn 0.572523 0.034543 -0.819161
vn 0.185269 0.056152 -0.981082
vn 0.220636 0.029491 -0.974910
vn 0.258159 -0.045626 -0.965024
vn 0.292416 -0.012025 -0.956216
vn 0.950922 -0.252436 0.178949
vn 0.896707 -0.212673 0.388185
vn 0.650630 0.190666 0.735069
vn 0.790348 0.347718 0.504422
vn 0.461809 0.120560 0.878748
vn 0.176656 -0.926673 -0.331767
vn 0.023700 -0.900628 -0.433944
vn 0.078386 -0.978642 -0.190039
vn 0.331050 0.035948 -0.942928
vn 0.290608 0.027885 -0.956436
vn 0.363980 -0.025557 -0.931056
vn 0.086985 -0.985141 -0.148088
vn 0.290664 -0.114313 -0.949972
vn 0.142644 0.006301 0.989754
vn 0.058797 -0.218162 0.974140
vn 0.177546 -0.081517 0.980731
vn 0.451708 -0.236423 -0.860270
vn 0.727618 -0.650439 -0.217947
vn -0.055676 -0.998423 0.007167
vn -0.128111 -0.312126 0.941363
vn 0.929188 0.299633 0.216401
vn 0.932393 0.297943 0.204629
vn 0.932393 0.297943 0.204629
vn 0.938865 0.294117 0.178964
vn 0.902116 -0.052435 0.428296
vn 0.079462 -0.049820 0.995592
vn 0.395374 0.018839 -0.918327
vn 0.467784 -0.073388 -0.880791
vn 0.798181 0.318621 0.511260
vn 0.246034 0.164211 0.955250
vn 0.193337 0.246724 0.949604
vn 0.914301 -0.141995 -0.379329
vn 0.913043 -0.168855 -0.371270
vn 0.297021 -0.037190 -0.954146
vn 0.422390 -0.090891 -0.901846
vn 0.304300 -0.018693 -0.952393
vn 0.820314 -0.516838 0.244873
vn 0.855538 -0.493834 0.155507
vn 0.225971 -0.091243 -0.969851
vn 0.022117 0.008577 0.999719
vn 0.037609 -0.034994 0.998680
vn 0.935998 -0.144558 -0.320953
vn 0.749095 -0.066366 -0.659129
vn 0.037126 -0.024015 0.999022
vn 0.024834 -0.002768 0.999688
vn 0.417943 -0.016686 0.908320
vn -0.086060 -0.992027 0.092063
vn -0.086060 -0.992027 0.092063
vn -0.086060 -0.992027 0.092063
vn 0.758590 0.315043 0.570342
vn 0.334768 -0.225437 -0.914936
vn 0.314251 -0.034992 -0.948695
vn 0.297060 -0.056255 -0.953200
vn 0.154128 -0.211506 -0.965147
vn 0.984885 0.086756 -0.149916
vn 0.208604 -0.035128 0.977369
vn 0.928852 0.052861 0.366660
vn 0.611789 0.013105 0.790912
vn 0.312418 0.929332 -0.196816
vn 0.312418 0.929332 -0.196816
vn 0.312418 0.929332 -0.196816
vn 0.270565 -0.017720 -0.962539
vn 0.364488 -0.801202 -0.474577
vn 0.968879 0.236238 0.073932
vn 0.288485 -0.054889 -0.955910
vn 0.955591 -0.106510 -0.274775
vn 0.773829 -0.149433 -0.615515
vn 0.933349 -0.096634 -0.345719
vn 0.960584 -0.089274 -0.263266
vn 0.018751 -0.013944 0.999727
vn 0.037322 -0.026103 0.998962
vn 0.042733 0.004787 0.999075
vn 0.054949 -0.018246 0.998322
vn 0.006898 0.003087 0.999971
vn 0.102822 0.027528 0.994319
vn 0.226655 -0.031711 -0.973459
vn 0.879830 -0.030664 -0.474298
vn 0.863385 0.079560 -0.498234
vn 0.159431 -0.046623 0.986107
vn 0.773584 0.162454 0.612517
vn 0.218333 0.119949 0.968475
vn 0.385917 -0.026322 0.922158
vn 0.809595 0.360029 0.463611
vn 0.985112 0.111746 0.130644
vn 0.230969 0.021927 0.972714
vn 0.003599 -0.935345 -0.353718
vn 0.043158 -0.886731 -0.460267
vn 0.150748 -0.812459 -0.563192
vn 0.218847 -0.056987 -0.974094
vn 0.299739 -0.035931 -0.953344
vn -0.067874 -0.967924 -0.241901
vn -0.080181 -0.990624 -0.110609
vn 0.735201 0.440936 0.514834
vn 0.179744 -0.028519 -0.983300
vn 0.716824 0.169866 0.676247
vn 0.185056 -0.117009 0.975737
vn 0.122880 -0.101246 0.987244
vn 0.847666 0.399620 0.348951
vn 0.868999 0.432386 0.240589
vn 0.958701 -0.192976 0.208931
vn 0.913705 -0.355294 0.197256
vn 0.699518 -0.657722 -0.279421
vn 0.926166 0.343526 0.155586
vn 0.859138 -0.365310 -0.358372
vn 0.084412 0.024156 0.996138
vn 0.501263 -0.719367 -0.480880
vn 0.443896 -0.464677 -0.766180
vn -0.622562 -0.777893 0.085436
vn -0.622562 -0.777893 0.085436
vn -0.622562 -0.777893 0.085436
vn 0.691942 0.386017 0.610087
vn 0.210417 0.017047 -0.977463
vn 0.441441 -0.178763 -0.879303
vn 0.403993 -0.025950 -0.914394
vn 0.188675 -0.021642 -0.981801
vn 0.269276 -0.018616 -0.962883
vn 0.995791 0.040165 0.082382
vn 0.970569 0.238758 0.031457
vn 0.449598 -0.139224 -0.882314
vn 0.344615 -0.265171 -0.900514
vn 0.360728 -0.679456 -0.638917
vn 0.115565 -0.029000 -0.992877
vn 0.068832 -0.013929 0.997531
vn 0.048525 -0.026715 0.998465
vn 0.111605 -0.905879 -0.408568
vn -0.170900 -0.308585 0.935718
vn 0.803389 0.570345 0.171091
vn 0.866119 0.495047 0.069035
vn 0.945350 0.323235 -0.042812
vn 0.119171 0.065008 0.990743
vn 0.352495 -0.044558 -0.934752
vn 0.444900 -0.050515 -0.894154
vn 0.658979 -0.051820 -0.750374
vn 0.224900 -0.097286 0.969513
vn 0.054149 0.082896 0.995086
vn 0.032948 -0.028038 0.999064
vn 0.301289 -0.093352 -0.948952
vn 0.763228 -0.637868 0.102991
vn 0.513956 -0.349451 0.783411
vn 0.111815 0.052723 -0.992329
vn 0.887728 0.168940 -0.428251
vn 0.885156 0.329514 0.328511
vn 0.949177 -0.137426 -0.283154
vn 0.310196 -0.014158 0.950567
vn 0.193202 -0.032135 0.980633
vn 0.209289 0.010870 0.977793
vn 0.709332 0.516401 0.479769
vn 0.324152 0.190123 0.926703
vn 0.871798 0.366517 0.325013
vn 0.220982 -0.072692 -0.972565
vn 0.261180 -0.917263 -0.300687
vn -0.092881 -0.994066 0.056621
vn 0.017062 0.015231 -0.999738
vn 0.145309 -0.086932 -0.985560
vn 0.074476 0.006655 0.997201
vn -0.037887 0.186677 0.981691
vn -0.071332 -0.136324 0.988093
vn 0.080602 -0.048087 0.995586
vn 0.057470 -0.310565 -0.948813
vn -0.214889 -0.966190 0.142475
vn -0.310798 -0.904530 0.291942
vn 0.494486 0.332699 0.802991
vn 0.941487 0.297250 0.158885
vn 0.869488 0.491806 0.046008
vn 0.812055 0.511513 0.280930
vn 0.812055 0.511513 0.280930
vn 0.812055 0.511513 0.280930
vn -0.920399 -0.230185 0.316038
vn -0.979243 -0.059302 -0.193818
vn -0.767038 0.454796 -0.452563
vn -0.607716 0.529835 -0.591571
vn -0.336255 -0.784438 -0.521143
vn -0.084098 -0.191647 -0.977854
vn -0.278322 -0.572524 -0.771202
vn -0.620710 -0.582892 0.524362
vn 0.826118 0.473360 0.305709
vn 0.811907 0.410661 -0.414928
vn 0.243665 0.021863 -0.969613
vn 0.437485 -0.008514 -0.899186
vn 0.809834 0.000202 -0.586658
vn 0.700623 0.022137 -0.713188
vn 0.404402 -0.238409 -0.882961
vn 0.389855 -0.259338 -0.883604
vn 0.204153 -0.044672 -0.977919
vn 0.787680 -0.080521 -0.610800
vn 0.966678 -0.092726 -0.238611
vn 0.071605 -0.016259 0.997301
vn 0.055127 -0.007353 0.998452
vn 0.030517 -0.001778 0.999533
vn 0.944760 -0.113885 -0.307341
vn 0.959912 -0.106851 -0.259138
vn 0.946677 -0.110505 -0.302642
vn 0.856750 -0.025756 -0.515088
vn 0.734599 0.074701 -0.674377
vn 0.616772 0.100324 -0.780722
vn 0.421097 -0.100667 -0.901412
vn 0.217685 0.004559 -0.976008
vn 0.155059 -0.052453 -0.986512
vn 0.978377 0.196930 0.063224
vn 0.975809 0.213333 0.047800
vn 0.978845 0.197288 0.054222
vn 0.992644 0.080559 0.090377
vn 0.993071 -0.076259 0.089412
vn 0.993565 -0.093536 -0.063869
vn 0.816444 0.055627 -0.574739
vn 0.148546 -0.042138 0.988007
vn 0.360643 0.125591 0.924209
vn 0.070314 0.006205 0.997506
vn 0.324200 0.064776 0.943768
vn 0.400098 -0.076931 -0.913238
vn 0.222619 0.014108 -0.974803
vn 0.022654 -0.035918 -0.999098
vn 0.992710 0.066802 -0.100325
vn 0.734164 -0.002145 -0.678969
vn 0.823401 -0.243269 0.512670
vn 0.727176 -0.213766 0.652318
vn -0.360416 0.667172 0.651906
vn -0.360416 0.667172 0.651906
vn -0.360416 0.667172 0.651906
vn 0.869859 0.188290 0.455951
vn 0.273931 0.082505 0.958204
vn 0.295679 -0.051901 0.953876
vn 0.307931 -0.141305 0.940857
vn 0.316014 -0.025842 -0.948402
vn 0.679409 -0.049032 -0.732120
vn 0.403213 -0.068920 -0.912507
vn 0.702700 0.164274 0.692262
vn 0.621076 -0.756650 0.204316
vn 0.700072 0.148312 0.698500
vn 0.924113 0.360818 0.125797
vn 0.951627 0.306332 -0.023794
vn 0.340391 -0.043609 -0.939272
vn 0.440114 0.010159 0.897885
vn 0.263722 0.043238 0.963629
vn 0.267550 0.242105 0.932632
vn 0.458707 0.006056 -0.888567
vn 0.944437 0.274977 -0.180073
vn 0.258624 -0.042534 0.965041
vn 0.835862 -0.193837 -0.513578
vn 0.513549 -0.047159 -0.856764
vn 0.319325 0.039334 -0.946828
vn -0.724840 -0.514723 0.457895
vn -0.724840 -0.514723 0.457895
vn -0.724840 -0.514723 0.457895
vn 0.518635 -0.001345 -0.854995
vn 0.531989 -0.044781 -0.845566
vn 0.505561 0.270273 0.819366
vn 0.632438 -0.016690 -0.774432
vn -0.253884 -0.672912 0.694789
vn -0.253884 -0.672912 0.694789
vn -0.253884 -0.672912 0.694789
vn 0.472137 -0.028428 -0.881067
vn 0.948803 0.106155 0.297495
vn 0.813550 0.030757 0.580681
vn 0.087435 0.017537 0.996016
vn 0.854846 -0.085207 -0.511837
vn 0.568209 -0.099816 -0.816808
vn 0.942543 -0.091573 -0.321289
vn 0.791534 -0.014495 -0.610953
vn 0.946421 0.086254 0.311202
vn 0.971383 0.071080 0.226634
vn 0.837105 -0.266525 0.477723
vn 0.642954 -0.017482 0.765705
vn 0.097611 0.001986 0.995223
vn 0.752586 -0.058529 -0.655888
vn 0.407150 0.017477 -0.913194
vn 0.347963 -0.057962 -0.935715
vn 0.487351 -0.004032 0.873197
vn 0.558953 -0.009721 0.829143
vn 0.212536 -0.616877 0.757820
vn 0.890575 -0.080908 -0.447583
vn 0.417173 0.060518 0.906810
vn 0.106071 -0.006119 0.994340
vn 0.968697 -0.107476 -0.223775
vn 0.799311 -0.461027 0.385429
vn 0.540033 -0.039661 -0.840709
vn 0.873284 0.082279 -0.480214
vn 0.061877 0.010553 0.998028
vn 0.355892 0.052916 0.933028
vn 0.885860 0.044430 0.461820
vn 0.491186 0.011408 -0.870980
vn 0.467342 -0.011686 -0.883999
vn 0.883453 -0.053066 -0.465505
vn 0.805366 -0.047878 -0.590842
vn 0.437719 0.033435 0.898490
vn 0.815216 -0.023214 -0.578691
vn 0.856256 -0.071547 -0.511572
vn 0.891266 -0.113632 -0.439014
vn 0.942642 -0.105705 -0.316628
vn 0.856316 -0.012272 -0.516307
vn 0.618230 0.037866 -0.785085
vn 0.852875 -0.045315 -0.520145
vn 0.691873 0.022477 -0.721669
vn -0.583925 -0.008393 -0.811764
vn -0.100207 0.000087 -0.994967
vn -0.659705 -0.006693 -0.751495
vn -0.536235 -0.006723 -0.844042
vn 0.462690 0.009147 -0.886473
vn 0.670404 0.010972 -0.741915
vn 0.054887 0.001882 -0.998491
vn 0.004750 -0.006515 0.999968
vn 0.095996 0.009523 0.995336
vn 0.124481 0.004489 0.992212
vn 0.035849 -0.002125 0.999355
vn 0.007766 -0.008416 0.999934
vn 0.025787 0.008867 0.999628
vn 0.044102 0.011382 0.998962
vn 0.065778 0.007157 0.997809
vn -0.018159 0.004988 0.999823
vn 0.101903 0.023551 0.994516
vn 0.049601 0.006209 0.998750
vn 0.315535 0.002884 0.948910
vn 0.961000 -0.067317 -0.268229
vn 0.608222 -0.036687 0.792919
vn 0.920359 -0.063897 -0.385819
vn 0.084160 -0.021803 0.996214
vn 0.082470 -0.016628 0.996455
vn 0.662777 -0.015141 -0.748664
vn 0.712677 -0.001520 -0.701490
vn 0.664643 0.006098 -0.747136
vn 0.200198 -0.012887 0.979671
vn -0.006246 -0.015337 0.999863
vn 0.067715 0.003126 0.997700
vn -0.009230 0.016059 0.999829
vn 0.005669 0.016653 0.999845
vn 0.831833 -0.093321 -0.547124
vn 0.847573 -0.008767 -0.530606
vn 0.844974 -0.039878 -0.533318
vn 0.967012 -0.104123 -0.232478
vn 0.880548 -0.096059 -0.464121
vn -0.012828 0.002461 0.999915
vn 0.095176 0.008484 0.995424
vn 0.042346 -0.028036 0.998710
vn -0.013952 -0.008453 0.999867
vn 0.466807 0.062527 0.882146
vn 0.122125 0.231970 0.965026
vn 0.108020 0.229134 0.967383
vn 0.483469 0.246764 0.839860
vn 0.061421 0.194230 0.979031
vn 0.086741 0.142106 0.986044
vn 0.509653 0.241915 0.825670
vn -0.154582 0.298584 0.941781
vn 0.470354 0.225358 0.853218
vn 0.079629 0.084209 0.993261
vn -0.009753 0.154496 0.987945
vn 0.026558 -0.029711 0.999206
vn -0.034401 -0.078064 0.996355
vn 0.136713 0.056427 0.989002
vn 0.581767 0.025101 0.812968
vn 0.671157 -0.015933 0.741144
vn 0.617820 0.104842 0.779299
vn -0.006451 0.084595 0.996395
vn 0.237790 -0.098454 0.966314
vn 0.190886 0.072884 0.978903
vn -0.087416 0.266165 0.959956
vn 0.716173 -0.087910 -0.692364
vn 0.480044 0.087037 0.872916
vn 0.806179 0.055669 0.589047
vn 0.564124 0.105186 0.818963
vn 0.342603 0.076508 0.936360
vn 0.210955 0.040922 0.976639
vn 0.991314 -0.083679 -0.101460
vn 0.955146 -0.015730 0.295718
vn 0.997409 -0.065662 -0.029374
vn 0.687673 0.061145 0.723441
vn 0.818765 -0.097809 -0.565737
vn 0.803037 -0.160507 -0.573907
vn 0.734539 0.124243 -0.667095
vn 0.997103 -0.075068 -0.012274
vn -0.041730 0.247162 0.968075
vn -0.021973 0.201558 0.979230
vn -0.098306 0.214280 0.971813
vn -0.039128 0.158264 0.986621
vn 0.157807 0.096218 0.982771
vn 0.443516 -0.011643 0.896191
vn 0.331796 0.098544 0.938190
vn 0.981096 -0.020019 0.192481
vn 0.810834 -0.106542 0.575497
vn 0.567392 -0.051483 0.821837
vn 0.842972 -0.140725 0.519225
vn 0.953312 -0.111209 0.280764
vn 0.663178 -0.088812 0.743174
vn 0.118655 0.011751 0.992866
vn 0.032392 0.207913 0.977611
vn 0.456161 0.047632 0.888622
vn 0.076110 -0.031802 0.996592
vn -0.043621 -0.068448 0.996701
vn 0.134545 -0.032380 0.990378
vn 0.543675 0.001563 0.839295
vn -0.179120 0.037767 0.983102
vn 0.430480 0.004090 0.902591
vn -0.146841 0.003691 0.989153
vn 0.784120 -0.087998 0.614339
vn 0.906162 -0.080550 0.415188
vn 0.834867 -0.031557 0.549546
vn -0.000337 0.066312 0.997799
vn 0.179964 -0.005697 0.983657
vn 0.239723 0.007501 0.970812
vn 0.001928 0.029660 0.999558
vn 0.675202 -0.016190 0.737455
vn 0.559880 -0.019494 0.828344
vn 0.270024 0.096799 0.957975
vn -0.140525 0.077303 0.987055
vn -0.030762 0.040155 0.998720
vn 0.217159 0.008240 0.976102
vn 0.289992 -0.040065 0.956190
vn 0.065072 -0.027125 0.997512
vn -0.123656 -0.006848 0.992302
vn 0.686816 -0.006327 0.726804
vn 0.165391 -0.018647 0.986052
vn 0.469640 -0.028251 0.882406
vn 0.322989 -0.065256 0.944150
vn -0.858316 -0.014698 0.512911
vn 0.998940 0.018702 -0.042050
vn 0.863772 -0.004116 -0.503866
vn 0.978739 -0.075877 -0.190556
vn 0.969668 -0.059615 0.237043
vn 0.805490 -0.022400 0.592186
vn 0.818960 -0.050339 0.571639
vn 0.850349 -0.028301 0.525457
vn -0.005629 0.001601 -0.999983
vn -0.007998 -0.031772 -0.999463
vn -0.019667 -0.464041 -0.885595
vn -0.008465 0.043584 -0.999014
vn 0.001172 -0.443847 -0.896102
vn 0.003722 -0.884495 -0.466534
vn 0.062470 -0.927853 -0.367678
vn 0.000596 -0.988784 -0.149348
vn 0.006427 -0.682713 -0.730658
vn -0.005904 -0.993699 -0.111923
vn 0.010753 -0.980365 -0.196898
vn -0.148001 -0.708136 -0.690390
vn -0.010250 -0.319991 -0.947365
vn -0.293395 -0.154367 -0.943446
vn -0.143749 -0.503754 -0.851803
vn 0.002131 -0.766612 -0.642107
vn -0.019135 -0.618977 -0.785176
vn -0.006728 0.026932 -0.999615
vn -0.017512 0.642832 -0.765807
vn -0.027057 0.681920 -0.730926
vn -0.015679 0.714157 -0.699810
vn -0.037822 0.580046 -0.813705
vn -0.017594 0.685296 -0.728052
vn 0.475087 -0.761787 0.440423
vn 0.164824 -0.942089 0.292063
vn -0.079826 -0.985580 0.149198
vn -0.060386 -0.943650 0.325390
vn 0.170111 -0.896051 0.410067
vn 0.062100 -0.864434 0.498896
vn 0.082208 -0.013555 -0.996523
vn -0.995127 0.005964 -0.098421
vn -0.476488 -0.040469 0.878249
vn -0.101259 -0.005161 0.994847
vn -0.180186 0.019123 0.983447
vn -0.764313 -0.012905 -0.644716
vn -0.931142 0.022511 0.363962
vn -0.405165 -0.004569 0.914232
vn 0.009345 -0.026010 -0.999618
vn -0.472247 0.006617 -0.881441
vn -0.182471 -0.022717 0.982949
vn 0.169071 -0.011831 -0.985533
vn 0.079639 -0.017604 0.996668
vn -0.878339 -0.054570 -0.474913
vn -0.809513 0.045244 0.585356
vn -0.251825 0.063229 0.965705
vn -0.107434 -0.010829 0.994153
vn -0.202242 0.017553 0.979178
vn 0.638796 0.008323 -0.769331
vn 0.614483 0.000841 -0.788930
vn 0.855692 -0.012539 0.517333
vn 0.386388 -0.000963 0.922336
vn 0.844147 -0.014938 0.535904
vn 0.979788 -0.008012 0.199880
vn -0.217479 -0.012870 -0.975980
vn -0.941184 -0.006636 -0.337829
vn -0.013748 0.058508 -0.998192
vn -0.019228 0.002938 -0.999811
vn -0.207545 0.097495 0.973355
vn 0.928416 0.020170 0.370995
vn 0.086368 0.064788 0.994154
vn 0.555752 0.002607 0.831344
vn -0.101076 -0.014364 -0.994775
vn -0.993993 -0.010379 -0.108945
vn -0.121872 0.112725 0.986124
vn -0.253805 0.067888 0.964870
vn -0.458145 0.124608 0.880100
vn -0.374504 0.247044 0.893709
vn 0.289229 0.179317 0.940315
vn 0.057076 -0.002937 -0.998366
vn 0.118623 -0.096227 -0.988266
vn 0.118623 -0.096227 -0.988266
vn 0.118623 -0.096227 -0.988266
vn 0.924864 0.085037 0.370668
vn 0.951623 0.038084 -0.304900
vn 0.384560 -0.000086 -0.923100
vn 0.428124 0.155439 0.890252
vn 0.491580 0.556166 0.670096
vn -0.001285 0.420905 -0.907104
vn -0.025149 0.225154 -0.973998
vn 0.003148 0.012595 -0.999916
vn -0.015850 0.692088 -0.721639
vn -0.006366 0.694232 -0.719723
vn -0.011526 0.679820 -0.733288
vn -0.325411 0.299421 -0.896914
vn -0.363011 0.210272 -0.907749
vn 0.096889 -0.652712 -0.751385
vn -0.303347 0.218093 -0.927586
vn 0.303998 -0.816270 -0.491211
vn 0.089785 -0.500098 -0.861302
vn -0.239858 0.344270 -0.907715
vn 0.116515 -0.530008 -0.839950
vn -0.018791 0.396656 -0.917775
vn -0.017381 0.114942 -0.993220
vn -0.254553 0.339990 -0.905323
vn -0.212498 0.052330 -0.975759
vn -0.118112 0.730016 -0.673147
vn -0.441754 0.034828 -0.896460
vn -0.819073 0.057023 -0.570849
vn -0.079458 -0.010391 -0.996784
vn -0.032321 -0.007553 -0.999449
vn -0.012540 0.620345 -0.784229
vn -0.909006 0.270181 0.317349
vn -0.520939 0.844966 0.121058
vn -0.021738 0.724424 -0.689012
vn -0.234812 0.866597 0.440310
vn 0.891234 0.438457 0.116007
vn 0.026705 0.095470 -0.995074
vn -0.039751 0.665828 -0.745046
vn 0.226974 0.973852 0.009780
vn 0.085495 0.766381 -0.636672
vn -0.255683 0.035804 -0.966097
vn 0.198152 -0.799365 0.567231
vn 0.287831 -0.603041 0.743972
vn 0.460182 -0.539027 0.705466
vn 0.308527 -0.850886 0.425211
vn -0.082716 -0.130615 -0.987977
vn -0.287765 0.145644 -0.946562
vn 0.015530 -0.995288 -0.095711
vn 0.031262 -0.979065 0.201132
vn 0.185824 -0.960837 -0.205576
vn -0.081033 -0.988304 -0.129186
vn -0.096812 -0.992651 0.072611
vn -0.091047 -0.986265 0.137810
vn 0.000672 -0.975325 0.220772
vn -0.061836 -0.992171 -0.108498
vn 0.014769 -0.961391 -0.274788
vn 0.117546 -0.891093 0.438333
vn 0.054762 -0.890675 0.451331
vn 0.067017 -0.927586 0.367549
vn 0.032490 -0.827501 0.560523
vn 0.236759 -0.776017 0.584587
vn -0.102343 0.044383 -0.993759
vn 0.124494 -0.024086 -0.991928
vn 0.288662 0.044235 -0.956409
vn 0.216719 0.003347 -0.976228
vn 0.240172 0.353116 -0.904227
vn 0.025644 -0.062972 -0.997686
vn -0.002728 0.053017 -0.998590
vn -0.006966 -0.063132 -0.997981
vn -0.010217 0.084063 -0.996408
vn -0.010796 0.351185 -0.936244
vn 0.011697 -0.569975 -0.821578
vn 0.067232 -0.228552 -0.971207
vn 0.053884 -0.882024 -0.468114
vn 0.167556 -0.025123 -0.985542
vn 0.203538 -0.092021 -0.974733
vn 0.238511 -0.024987 -0.970818
vn 0.095241 -0.991271 -0.091167
vn 0.142293 -0.170752 -0.974985
vn 0.199636 -0.097255 -0.975032
vn -0.028905 -0.897541 -0.439982
vn -0.061765 -0.995501 -0.071849
vn 0.002770 -0.466375 -0.884583
vn 0.056042 -0.998127 0.024517
vn 0.029523 -0.994061 0.104745
vn 0.003524 -0.995963 0.089695
vn 0.077025 -0.988728 -0.128388
vn -0.089419 -0.985539 0.143935
vn -0.091196 -0.995437 -0.028080
vn -0.022275 0.034679 -0.999150
vn -0.010401 0.002515 -0.999943
vn -0.068825 -0.254115 0.964722
vn -0.025499 -0.394282 0.918636
vn 0.057580 -0.491317 0.869075
vn 0.169125 -0.800548 0.574909
vn 0.197423 -0.784077 0.588428
vn 0.085810 -0.623692 0.776946
vn -0.059225 -0.596850 0.800164
vn -0.036327 -0.490205 0.870850
vn 0.169976 -0.685469 0.707983
vn 0.254548 -0.695204 0.672233
vn -0.028596 -0.216007 0.975973
vn -0.052555 -0.247452 0.967474
vn -0.101775 -0.159491 0.981939
vn 0.038082 -0.339616 0.939793
vn -0.029390 -0.359943 0.932511
vn -0.004953 -0.343965 0.938970
vn -0.001309 -0.407698 0.913116
vn 0.020342 -0.445324 0.895138
vn 0.164558 -0.556495 0.814392
vn 0.090856 -0.417336 0.904199
vn 0.188603 -0.546848 0.815712
vn 0.000092 0.003135 -0.999995
vn -0.004922 0.000491 -0.999988
vn -0.004930 0.299297 -0.954147
vn 0.014253 -0.712894 0.701127
vn 0.233475 -0.774780 0.587542
vn -0.009738 -0.786712 0.617243
vn -0.131411 -0.798536 0.587428
vn 0.109824 -0.794381 0.597409
vn 0.226757 -0.742172 0.630684
vn -0.241714 -0.721072 0.649330
vn -0.173987 -0.687619 0.704917
vn -0.323185 -0.641218 0.695982
vn -0.285410 -0.831500 0.476600
vn -0.398224 -0.672993 0.623296
vn -0.423934 -0.672804 0.606312
vn -0.009782 -0.973306 0.229301
vn -0.017578 -0.960955 0.276147
vn -0.055539 -0.977788 0.202103
vn -0.191223 -0.816004 0.545500
vn -0.164274 -0.738730 0.653676
vn -0.330831 -0.652531 0.681729
vn -0.171982 -0.826335 0.536276
vn -0.025541 -0.985195 0.169525
vn 0.081204 -0.524642 0.847441
vn -0.011893 -0.624600 0.780854
vn -0.243335 -0.502820 0.829433
vn -0.278915 -0.518125 0.808550
vn -0.251195 -0.278862 0.926897
vn -0.281456 -0.351345 0.892939
vn -0.284685 -0.432988 0.855263
vn -0.264249 -0.419337 0.868521
vn 0.199904 -0.624173 0.755279
vn -0.276395 -0.602340 0.748861
vn -0.270041 -0.580310 0.768322
vn -0.196609 -0.474521 0.858006
vn -0.224298 -0.646671 0.729045
vn 0.256641 0.944732 -0.204003
vn -0.079758 -0.975445 0.205292
vn 0.277745 0.800789 -0.530655
vn -0.235973 -0.933142 0.271226
vn 0.145437 -0.677497 -0.721003
vn 0.147377 0.041745 -0.988199
vn 0.063595 -0.357666 -0.931682
vn 0.034893 -0.504242 -0.862857
vn -0.143787 -0.970865 0.191693
vn -0.178733 -0.944027 0.277251
vn 0.094837 -0.748091 -0.656784
vn 0.179219 0.966534 -0.183555
vn 0.245367 0.900483 -0.359062
vn -0.046935 -0.969943 -0.238762
vn 0.363988 0.170524 -0.915661
vn -0.199716 -0.922808 0.329452
vn 0.179211 0.694608 -0.696709
vn 0.241185 0.652292 -0.718571
vn 0.211354 0.146501 -0.966368
vn 0.321961 -0.429786 -0.843579
vn 0.347962 -0.048687 -0.936243
vn -0.226694 -0.944481 0.237835
vn 0.247095 -0.418924 -0.873754
vn 0.251544 -0.553107 -0.794228
vn 0.261795 -0.054433 -0.963587
vn 0.054225 0.985022 -0.163678
vn 0.171982 0.975344 -0.138299
vn 0.023678 0.999636 -0.012932
vn 0.063588 -0.535992 -0.841825
vn -0.222459 -0.942837 0.248132
vn 0.538615 -0.570594 -0.619933
vn 0.449098 -0.728437 -0.517388
vn 0.099005 -0.993310 -0.059436
vn 0.430765 -0.114662 -0.895150
vn -0.192302 -0.944287 0.267099
vn -0.164857 -0.934713 0.314856
vn -0.101899 -0.880196 0.463542
vn -0.054454 -0.997807 0.037625
vn 0.027500 -0.448651 -0.893284
vn 0.443125 0.274639 -0.853354
vn 0.282438 0.485906 -0.827118
vn 0.506840 0.806514 -0.304381
vn -0.112469 -0.973427 -0.199476
vn -0.064214 -0.610310 -0.789556
vn 0.141156 -0.116107 -0.983155
vn 0.309868 0.798031 -0.516845
vn -0.193761 -0.924873 0.327211
vn 0.358111 0.830122 -0.427381
vn 0.005391 -0.628715 -0.777617
vn 0.449195 0.846124 -0.286878
vn 0.148738 0.810141 -0.567052
vn 0.036240 0.711094 -0.702162
vn -0.182091 -0.732667 -0.655776
vn 0.057490 0.540841 -0.839158
vn -0.227509 -0.404260 -0.885897
vn 0.024884 -0.917348 0.397309
vn 0.041247 0.642151 -0.765468
vn -0.133387 0.491675 -0.860502
vn -0.294899 0.107225 -0.949493
vn -0.298389 -0.334260 -0.893999
vn -0.192918 -0.932395 0.305651
vn 0.072439 0.143680 -0.986970
vn 0.186222 -0.008830 -0.982468
vn -0.124680 0.605512 -0.786009
vn 0.070821 -0.908887 -0.410986
vn 0.294492 -0.937039 0.187700
vn -0.287069 0.512132 -0.809514
vn 0.041550 -0.786107 0.616692
vn 0.041192 -0.733680 0.678245
vn 0.530947 -0.709405 0.463507
vn 0.213843 -0.872399 0.439536
vn -0.352695 0.245012 -0.903092
vn 0.210051 -0.574255 0.791271
vn 0.324867 -0.448929 0.832421
vn -0.111809 -0.875581 0.469954
vn -0.147582 -0.807060 0.571729
vn -0.134075 -0.703031 0.698406
vn -0.170287 -0.712622 0.680568
vn -0.003959 -0.729047 0.684452
vn 0.181229 -0.830278 0.527062
vn -0.067228 -0.821006 0.566948
vn 0.394314 -0.823855 0.407161
vn 0.154991 -0.877550 0.453744
vn 0.400238 -0.812530 0.423797
vn 0.370864 -0.147558 0.916889
vn 0.372880 -0.267633 0.888444
vn 0.048597 -0.583594 -0.810590
vn 0.448829 -0.878780 0.162169
vn 0.373132 -0.183159 0.909519
vn 0.009974 -0.872856 -0.487876
vn -0.205139 -0.942840 0.262621
vn 0.075097 -0.872557 -0.482706
vn 0.138278 -0.470131 -0.871697
vn 0.029593 -0.870979 -0.490428
vn -0.148419 -0.974294 0.169476
vn 0.295431 0.184802 -0.937320
vn 0.231247 0.038727 -0.972124
vn 0.286321 -0.046017 -0.957028
vn 0.282639 0.393794 -0.874667
vn 0.045694 -0.554662 -0.830821
vn -0.271982 -0.801767 0.532161
vn -0.016342 0.591721 -0.805977
vn -0.012897 0.377490 -0.925924
vn 0.085831 -0.988437 -0.125000
vn -0.069402 -0.994264 0.081378
vn 0.277472 -0.639443 -0.717023
vn 0.392197 0.469121 -0.791269
vn -0.304626 -0.896175 0.322603
vn 0.328872 -0.935241 -0.131022
vn 0.005605 -0.658990 -0.752131
vn 0.005583 -0.712588 -0.701560
vn 0.557111 -0.602093 -0.571936
vn 0.128092 -0.814002 0.566563
vn 0.413708 -0.568781 -0.710868
vn 0.263838 -0.792968 0.549173
vn 0.263475 -0.790398 0.553038
vn 0.058289 -0.705543 0.706266
vn 0.182068 -0.888376 0.421473
vn 0.024524 -0.997647 -0.064020
vn 0.052099 -0.777436 0.626801
vn 0.456380 -0.557985 -0.693087
vn -0.014158 -0.701836 0.712197
vn -0.004406 -0.722195 0.691675
vn -0.004628 -0.782168 0.623050
vn 0.196887 -0.943052 0.268119
vn 0.170044 -0.933843 0.314679
vn 0.149070 -0.931451 0.331930
vn 0.999752 -0.019560 -0.010682
vn 0.999752 -0.019560 -0.010682
vn 0.999752 -0.019560 -0.010682
vn 0.195907 0.254489 0.947025
vn 0.224070 0.468154 0.854766
vn 0.224070 0.468154 0.854766
vn 0.242595 0.721861 0.648124
vn -0.167502 0.712250 -0.681648
vn -0.167502 0.712250 -0.681648
vn -0.167502 0.712250 -0.681648
vn 0.264958 -0.873361 0.408702
vn 0.565163 0.188855 0.803072
vn 0.565163 0.188855 0.803072
vn 0.565163 0.188855 0.803072
vn 0.198826 0.965186 -0.169951
vn 0.479926 0.871609 0.099844
vn 0.300585 -0.711400 0.635263
vn 0.652555 -0.047325 -0.756262
vn 0.959326 0.276734 0.055787
vn 0.174498 -0.784007 0.595721
vn 0.031487 -0.897230 0.440440
vn 0.932836 0.262245 0.247071
vn 0.640304 0.738515 0.211202
vn 0.170888 0.985074 -0.020654
vn 0.479557 0.849569 -0.219675
vn 0.381488 0.830251 -0.406387
vn 0.488984 -0.422279 -0.763266
vn 0.537621 -0.441793 -0.718180
vn 0.361226 -0.902991 0.232644
vn 0.876156 0.352848 -0.328403
vn 0.204305 -0.939183 0.276033
vn 0.180016 0.006328 -0.983643
vn 0.163798 -0.223123 -0.960930
vn 0.269483 0.039295 -0.962203
vn 0.441703 0.731414 -0.519549
vn 0.249122 0.948530 -0.195522
vn 0.010413 -0.821684 0.569848
vn 0.070185 -0.899003 0.432282
vn 0.015618 -0.894205 0.447385
vn 0.566798 0.298707 -0.767798
vn 0.554459 -0.023225 -0.831887
vn 0.341528 0.883070 -0.321785
vn 0.496718 -0.398351 -0.771095
vn 0.458209 -0.312738 -0.832009
vn 0.291446 0.395569 -0.870968
vn -0.303930 -0.820955 0.483384
vn -0.099914 -0.735888 -0.669691
vn 0.410123 0.434002 -0.802148
vn 0.237115 0.505476 -0.829621
vn -0.019291 -0.456691 -0.889416
vn -0.332587 -0.861449 0.383786
vn -0.184112 -0.947989 0.259654
vn -0.158750 -0.899082 0.407983
vn -0.188986 -0.966120 0.175776
vn -0.267671 -0.911868 0.311206
vn 0.242958 0.657451 -0.713253
vn 0.250698 0.625444 -0.738898
vn -0.110783 -0.959884 0.257584
vn -0.108559 -0.897834 0.426743
vn 0.186211 0.692231 -0.697238
vn 0.147229 0.769576 -0.621351
vn -0.095282 -0.870302 0.483215
vn -0.143687 -0.692350 0.707111
vn -0.074538 -0.769533 0.634242
vn -0.065526 -0.882760 0.465232
vn -0.059675 -0.674133 0.736195
vn 0.082767 -0.901710 0.424345
vn 0.150844 -0.877930 -0.454405
vn -0.013049 -0.798294 0.602126
vn 0.039426 -0.829158 0.557623
vn 0.214932 0.940448 -0.263365
vn 0.259790 -0.150051 -0.953936
vn 0.547740 0.476115 -0.687965
vn 0.565952 0.001316 -0.824437
vn 0.473468 -0.169178 -0.864412
vn 0.353336 -0.414706 -0.838554
vn 0.376591 0.791886 -0.480724
vn 0.391646 -0.483770 -0.782675
vn 0.530525 0.544264 -0.649861
vn 0.539729 -0.137645 -0.830510
vn 0.325324 0.185725 -0.927184
vn 0.481795 0.852633 -0.202215
vn -0.060590 0.934918 0.349654
vn -0.156138 -0.881574 0.445475
vn -0.110641 -0.763228 0.636586
vn -0.101459 -0.847282 0.521363
vn -0.187015 -0.840518 0.508483
vn -0.196206 -0.694295 0.692429
vn -0.027789 0.696610 -0.716912
vn 0.936754 -0.341967 0.074499
vn 0.028952 -0.228267 0.973168
vn 0.446850 -0.215274 0.868322
vn 0.050194 -0.212793 0.975807
vn 0.061827 -0.234600 0.970124
vn 0.779254 -0.065401 -0.623287
vn 0.671914 -0.055698 -0.738532
vn -0.021831 0.416150 -0.909034
vn -0.068513 0.668899 -0.740190
vn -0.024021 0.269113 -0.962809
vn -0.023541 0.075889 -0.996838
vn -0.334010 0.297069 -0.894532
vn -0.190605 0.366989 -0.910488
vn -0.365186 0.562079 -0.742096
vn -0.327673 0.270167 -0.905340
vn -0.028275 0.027044 -0.999234
vn -0.029404 0.001954 -0.999566
vn -0.576565 0.045566 -0.815780
vn -0.479310 0.410782 -0.775577
vn -0.673207 0.012881 -0.739342
vn -0.351257 -0.002287 -0.936276
vn -0.609894 0.334252 -0.718544
vn -0.203780 0.020384 -0.978805
vn -0.019209 -0.051008 -0.998514
vn 0.012835 -0.948799 0.315618
vn 0.008824 -0.275397 0.961290
vn 0.074402 -0.759034 0.646785
vn 0.012239 -0.100007 0.994911
vn 0.031732 -0.186863 0.981873
vn 0.068527 -0.008952 0.997609
vn 0.036750 -0.620756 0.783142
vn 0.004201 -0.182529 0.983191
vn 0.015998 -0.978703 -0.204655
vn 0.088000 0.711668 -0.696983
vn 0.026372 -0.433971 -0.900541
vn -0.156886 -0.880455 0.447421
vn -0.211580 -0.912124 0.351090
vn -0.028870 -0.826008 -0.562919
vn -0.204894 -0.861608 0.464382
vn 0.131864 0.097988 -0.986413
vn 0.057515 -0.499146 -0.864607
vn -0.221207 -0.873388 0.433891
vn 0.117336 0.797848 -0.591330
vn 0.160675 0.739629 -0.653553
vn 0.191333 0.681388 -0.706472
vn -0.051384 -0.884889 -0.462959
vn -0.159281 -0.978336 0.132246
vn -0.102663 -0.757588 0.644608
vn 0.328000 0.541730 -0.773915
vn 0.234218 0.618353 -0.750187
vn 0.256247 0.669700 -0.697022
vn 0.007405 -0.873206 0.487295
vn 0.018299 -0.996230 0.084793
vn 0.048532 -0.626238 -0.778120
vn 0.026080 -0.700114 -0.713555
vn 0.016435 -0.922591 0.385428
vn 0.053482 -0.834088 0.549032
vn 0.004755 -0.844577 0.535413
vn 0.007287 -0.678720 0.734361
vn 0.178849 -0.827846 0.531680
vn 0.279009 0.600091 -0.749696
vn 0.125074 0.835509 -0.535052
vn -0.031631 0.903655 -0.427092
vn 0.270574 -0.786323 -0.555415
vn 0.326131 -0.683904 -0.652621
vn 0.418493 -0.651007 -0.633288
vn 0.003696 0.983194 -0.182528
vn -0.226087 0.954778 0.193091
vn -0.101141 0.986341 0.130007
vn 0.438265 -0.085406 -0.894779
vn 0.365860 -0.040107 -0.929805
vn 0.177943 0.981469 -0.071098
vn 0.658828 0.137364 -0.739647
vn 0.886839 -0.072791 -0.456309
vn 0.389611 0.459640 -0.798082
vn 0.177889 0.688967 -0.702623
vn 0.024524 -0.788493 0.614555
vn 0.021280 -0.771898 0.635390
vn 0.204750 0.642969 -0.738016
vn 0.195149 -0.289319 -0.937129
vn 0.238568 -0.439919 -0.865769
vn 0.273319 -0.667914 0.692234
vn 0.275989 -0.387960 -0.879384
vn 0.517746 0.127678 -0.845954
vn 0.467602 0.363302 -0.805829
vn 0.385960 0.415549 -0.823622
vn 0.416836 -0.347934 -0.839755
vn 0.247155 0.671669 -0.698409
vn 0.008338 -0.825186 0.564800
vn 0.019847 -0.524659 0.851081
vn 0.581087 -0.040126 -0.812851
vn 0.380781 -0.446238 -0.809863
vn 0.395765 -0.402052 -0.825666
vn -0.067707 0.954224 -0.291327
vn 0.311221 0.676704 -0.667243
vn 0.254379 -0.764443 -0.592383
vn 0.125230 0.865927 -0.484240
vn 0.240274 0.791752 -0.561603
vn -0.091501 -0.887382 0.451863
vn -0.033111 -0.864258 0.501958
vn 0.232231 0.537232 -0.810833
vn 0.324951 0.579401 -0.747463
vn -0.163621 -0.745239 0.646410
vn -0.008429 -0.880064 0.474780
vn -0.000264 -0.836034 0.548678
vn -0.380496 -0.869660 0.314505
vn -0.106140 -0.914321 0.390835
vn -0.297313 -0.829466 0.472855
vn 0.094015 -0.690775 0.716932
vn 0.030615 -0.774862 0.631388
vn 0.057161 -0.896640 0.439055
vn 0.231766 0.456859 -0.858816
vn 0.231264 0.397833 -0.887832
vn 0.012248 -0.462766 0.886396
vn 0.070969 -0.452957 0.888703
vn 0.190019 -0.717165 0.670498
vn 0.040131 -0.564638 0.824362
vn 0.379231 0.685103 -0.621947
vn 0.340786 0.574119 -0.744481
vn 0.692938 0.432327 -0.577001
vn 0.547906 0.480428 -0.684827
vn 0.496398 0.651526 -0.573675
vn 0.757845 0.354759 -0.547556
vn 0.313984 0.585000 -0.747789
vn -0.444768 -0.312434 0.839385
vn -0.299831 -0.301810 0.904993
vn -0.303227 -0.278622 0.911275
vn 0.265561 0.518542 -0.812768
vn 0.337077 0.522846 -0.782950
vn 0.384185 0.548103 -0.742957
vn -0.162215 -0.792365 -0.588085
vn -0.128194 -0.846862 0.516131
vn -0.398968 -0.716304 0.572479
vn 0.223561 0.108231 -0.968662
vn -0.316551 -0.947538 0.044362
vn -0.361300 -0.744466 0.561455
vn 0.087819 -0.249237 -0.964453
vn -0.263638 -0.948578 -0.175199
vn -0.280781 -0.896082 0.343802
vn -0.343277 -0.301640 0.889480
vn -0.479857 -0.755069 0.446775
vn -0.332764 -0.272822 0.902683
vn -0.396498 -0.905804 0.149363
vn -0.108135 -0.737823 -0.666276
vn 0.502380 0.249753 -0.827791
vn 0.464302 0.593498 -0.657407
vn -0.565983 -0.522946 0.637331
vn -0.346320 -0.937730 0.026927
vn 0.441420 0.503604 -0.742652
vn -0.464782 -0.512051 0.722345
vn -0.413439 -0.855505 0.311735
vn -0.393600 -0.824310 0.406930
vn 0.587395 0.395669 -0.705984
vn -0.437680 -0.726282 0.530047
vn 0.249173 -0.576955 0.777841
vn 0.781767 0.372462 -0.500112
vn 0.482819 -0.680154 0.551613
vn 0.479121 -0.669734 0.567362
vn -0.176624 -0.034920 0.983659
vn -0.146108 -0.067204 0.986983
vn -0.152336 -0.087322 0.984464
vn -0.147515 -0.077424 0.986025
vn -0.114532 -0.209968 0.970977
vn -0.120853 -0.146247 0.981838
vn -0.086368 -0.253526 0.963465
vn -0.175005 -0.248077 0.952802
vn -0.140970 -0.137945 0.980357
vn -0.140436 -0.024112 0.989796
vn -0.176965 -0.126337 0.976075
vn -0.258013 -0.209028 0.943258
vn -0.212572 -0.305979 0.928003
vn -0.097372 -0.190039 0.976936
vn -0.079354 -0.269502 0.959725
vn -0.131281 -0.090100 0.987242
vn -0.025504 -0.169945 0.985124
vn 0.010470 -0.189926 0.981743
vn -0.159326 -0.384963 0.909076
vn -0.164062 -0.573303 0.802750
vn -0.113596 -0.450245 0.885650
vn 0.046450 -0.149378 0.987689
vn 0.063933 -0.108615 0.992026
vn -0.034591 -0.137669 0.989874
vn -0.008091 -0.074838 0.997163
vn -0.014811 -0.213451 0.976841
vn -0.071857 -0.171402 0.982577
vn -0.037426 -0.254561 0.966332
vn -0.085721 -0.137021 0.986852
vn 0.292050 -0.115818 0.949365
vn 0.409570 -0.064003 0.910031
vn 0.225988 -0.088846 0.970070
vn -0.008814 -0.034608 0.999362
vn 0.597390 -0.134858 0.790531
vn -0.026367 -0.299287 0.953799
vn 0.066384 -0.387252 0.919581
vn -0.047738 -0.221116 0.974078
vn 0.132621 -0.382142 0.914538
vn 0.292434 -0.419603 0.859311
vn -0.182957 -0.400083 0.898031
vn 0.292666 -0.384906 0.875325
vn -0.531577 -0.301077 0.791694
vn 0.107227 -0.058542 0.992510
vn -0.070588 -0.106590 0.991794
vn 0.427232 -0.223823 0.876000
vn -0.026081 -0.025392 0.999337
vn -0.256924 -0.221879 0.940617
vn -0.473043 -0.284086 0.833981
vn -0.017428 -0.449165 0.893279
vn -0.038479 -0.576401 0.816260
vn -0.032960 -0.551160 0.833748
vn -0.032457 -0.216393 0.975767
vn -0.078664 -0.336375 0.938437
vn -0.206834 -0.553874 0.806501
vn -0.052446 -0.648782 0.759165
vn 0.038560 -0.313562 0.948784
vn 0.268964 -0.317408 0.909346
vn 0.022756 -0.410897 0.911398
vn -0.182466 -0.404147 0.896310
vn -0.266121 -0.493148 0.828242
vn 0.808063 -0.052031 0.586793
vn 0.865354 -0.113015 0.488252
vn 0.947571 -0.115409 -0.297975
vn 0.743147 -0.040362 -0.667910
vn 0.040502 -0.090789 0.995046
vn 0.077635 0.007047 0.996957
vn -0.080965 -0.042607 0.995806
vn 0.705061 -0.107283 0.700984
vn 0.633958 -0.028306 -0.772849
vn 0.023237 -0.011101 0.999668
vn 0.051939 -0.003957 0.998642
vn 0.644231 -0.038022 -0.763885
vn -0.113084 -0.187853 0.975666
vn 0.382609 -0.184857 0.905228
vn 0.983518 -0.180536 0.009990
vn 0.622347 -0.027499 -0.782258
vn -0.046782 -0.277142 0.959689
vn 0.087361 -0.012999 0.996092
vn 0.700205 -0.003531 -0.713933
vn 0.718770 0.160869 -0.676381
vn 0.799319 -0.029970 -0.600159
vn 0.708671 -0.216337 -0.671553
vn 0.754117 -0.211874 -0.621624
vn 0.931910 0.002951 -0.362678
vn 0.720473 -0.243777 -0.649224
vn 0.770456 -0.128897 -0.624326
vn 0.685681 -0.297851 -0.664173
vn 0.782971 0.230829 -0.577646
vn -0.004190 -0.006710 0.999969
vn 0.030874 -0.009053 0.999482
vn 0.014755 -0.012130 0.999818
vn 0.067667 -0.105413 0.992124
vn 0.026094 -0.220991 0.974927
vn 0.027576 -0.277075 0.960452
vn 0.039702 -0.324475 0.945061
vn 0.012176 -0.188660 0.981967
vn 0.880601 0.060108 -0.470030
vn 0.756711 0.020281 -0.653434
vn 0.872918 0.077437 -0.481683
vn 0.938464 -0.003495 -0.345359
vn 0.804252 -0.009139 -0.594218
vn 0.725778 -0.080068 0.683254
vn 0.568388 -0.084637 0.818396
vn 0.667110 -0.071695 0.741501
vn 0.418331 -0.077173 0.905010
vn 0.631636 -0.049147 0.773706
vn 0.394616 -0.080785 0.915288
vn 0.993321 -0.050167 0.103909
vn 0.870282 -0.066691 0.488018
vn 0.964025 0.018321 -0.265178
vn 0.992042 -0.016647 -0.124804
vn 0.812505 -0.080348 0.577391
vn 0.717751 -0.027999 0.695737
vn -0.501208 -0.235321 0.832715
vn -0.047822 -0.280590 0.958636
vn 0.996920 -0.009177 0.077880
vn 0.926276 -0.105382 -0.361812
vn 0.989181 -0.083547 0.120584
vn 0.766077 0.059214 0.640016
vn -0.224574 -0.201912 0.953309
vn 0.081276 -0.053742 0.995242
vn 0.248256 -0.120149 0.961215
vn 0.632745 -0.097463 0.768202
vn 0.550683 0.072284 0.831579
vn 0.600195 -0.094343 0.794270
vn 0.888800 -0.213397 -0.405580
vn 0.999858 -0.007987 0.014804
vn 0.993989 0.055367 -0.094449
vn 0.841636 -0.065907 -0.536008
vn -0.178706 -0.712922 0.678090
vn 0.160285 -0.603675 0.780951
vn 0.005334 -0.713624 0.700509
vn -0.195197 -0.707767 0.678944
vn 0.605794 -0.084367 -0.791135
vn -0.156293 -0.860387 0.485084
vn 0.396724 0.400389 -0.826014
vn 0.349988 0.525021 -0.775797
vn 0.406008 0.439920 -0.801017
vn -0.459183 -0.218325 0.861095
vn -0.134231 -0.211129 0.968198
vn -0.122986 -0.578946 0.806037
vn -0.199683 -0.238136 0.950483
vn -0.130308 -0.598879 0.790167
vn -0.208100 -0.757191 0.619158
vn 0.163808 0.908750 -0.383849
vn 0.286741 0.845786 -0.449918
vn 0.321523 -0.717078 -0.618402
vn 0.288145 0.722144 -0.628872
vn 0.899226 0.274289 -0.340819
vn 0.432095 0.748113 -0.503608
vn 0.692300 0.526049 -0.493957
vn 0.969276 -0.224499 0.100520
vn 0.709911 0.507409 -0.488429
vn 0.711567 0.412226 -0.568983
vn 0.252996 -0.761161 -0.597183
vn 0.471390 -0.460638 -0.752066
vn 0.435074 0.477685 -0.763235
vn 0.501087 -0.129540 -0.855647
vn 0.067495 -0.484277 0.872308
vn 0.700579 0.190054 -0.687800
vn 0.846554 0.421043 -0.325683
vn -0.128524 -0.695093 0.707338
vn 0.299105 -0.706515 0.641384
vn -0.041306 -0.613062 0.788954
vn 0.909959 0.217205 -0.353266
vn 0.826650 0.349029 -0.441394
vn 0.389420 -0.598061 0.700482
vn 0.949794 -0.280169 0.139272
vn 0.902732 -0.080020 0.422695
vn -0.107496 -0.755836 0.645877
vn -0.247332 -0.334340 0.909419
vn -0.221620 -0.413439 0.883149
vn -0.070870 -0.484415 0.871963
vn 0.034544 -0.394701 0.918160
vn 0.616642 0.071112 0.784025
vn 0.810809 0.426703 -0.400640
vn 0.733017 0.462595 -0.498690
vn 0.970280 0.156781 0.184328
vn 0.987185 0.108835 0.116708
vn 0.505450 -0.299750 0.809117
vn 0.726524 -0.179745 0.663215
vn 0.266787 -0.246375 0.931732
vn 0.043676 -0.026540 0.998693
vn 0.181329 -0.038926 0.982652
vn 0.086835 -0.044956 0.995208
vn -0.118313 -0.027972 0.992582
vn 0.051745 -0.118080 0.991655
vn 0.720024 -0.050560 0.692104
vn -0.064795 0.023123 -0.997631
vn 0.016573 0.010802 -0.999804
vn 0.565635 0.006338 -0.824632
vn 0.962996 0.014989 -0.269098
vn 0.077970 -0.009497 0.996911
vn -0.630636 -0.010120 0.776013
vn -0.559148 -0.010187 0.829005
vn 0.951433 0.012452 -0.307604
vn 0.783302 0.017536 -0.621394
vn 0.605718 0.009999 0.795617
vn 0.999577 0.011724 0.026609
vn 0.978294 0.018995 0.206350
vn 0.186249 0.001609 0.982501
vn 0.786912 0.012413 0.616940
vn 0.189015 0.002602 0.981971
vn 0.999689 0.015072 -0.019870
vn 0.542641 0.009874 0.839907
vn 0.961862 0.011513 -0.273294
vn 0.128767 0.000771 0.991675
vn 0.569603 0.002985 0.821915
vn 0.997642 -0.003580 0.068540
vn -0.698027 0.278384 -0.659743
vn -0.320764 0.178284 -0.930229
vn -0.424091 0.578829 -0.696494
vn -0.032256 0.082360 -0.996081
vn -0.094909 0.411410 -0.906496
vn 0.096149 0.333604 -0.937797
vn -0.556381 -0.047225 -0.829584
vn -0.402730 -0.293598 -0.866954
vn -0.276180 -0.030885 -0.960610
vn -0.677357 -0.322454 -0.661219
vn -0.153701 -0.442188 -0.883655
vn -0.713068 0.029706 -0.700465
vn -0.678069 -0.214220 -0.703088
vn -0.567058 -0.573802 -0.590929
vn -0.760094 -0.069352 -0.646102
vn -0.249214 -0.023982 -0.968151
vn -0.020644 -0.032247 -0.999267
vn -0.198513 -0.371700 -0.906880
vn -0.397428 -0.798444 -0.452258
vn -0.303229 -0.886594 -0.349290
vn 0.123062 0.167256 -0.978203
vn 0.094933 0.004599 -0.995473
vn 0.159484 -0.314002 -0.935931
vn -0.445881 -0.712611 -0.541642
vn -0.092398 -0.798440 -0.594942
vn 0.506930 -0.136234 -0.851153
vn 0.074280 -0.644531 -0.760961
vn 0.323431 -0.716480 -0.618101
vn 0.156583 -0.944289 -0.289482
vn 0.489237 -0.525774 -0.695851
vn -0.329688 0.047815 -0.942878
vn -0.161966 0.308868 -0.937212
vn -0.472590 0.575610 -0.667332
vn -0.525217 0.347316 -0.776865
vn -0.350402 0.445512 -0.823855
vn 0.102216 0.546990 -0.830875
vn -0.168362 0.694273 -0.699742
vn -0.077667 0.732502 -0.676320
vn 0.072869 0.297939 -0.951800
vn -0.016526 0.538906 -0.842204
vn -0.698302 0.095363 -0.709422
vn -0.671663 0.383138 -0.634093
vn -0.434221 0.076506 -0.897552
vn -0.114727 -0.785673 -0.607911
vn -0.009413 -0.509407 -0.860474
vn -0.400336 -0.642439 -0.653455
vn 0.006857 -0.872054 -0.489362
vn 0.028407 -0.936485 0.349554
vn 0.021391 -0.409327 0.912137
vn 0.038927 -0.496143 0.867368
vn -0.133227 -0.953582 -0.270059
vn 0.002014 -0.999759 -0.021873
vn -0.018485 -0.968212 -0.249448
vn 0.028410 -0.927955 0.371607
vn 0.021093 -0.645766 0.763244
vn 0.018248 -0.954601 0.297327
vn 0.037822 -0.846776 0.530604
vn 0.373599 0.669525 -0.641997
vn 0.234865 0.679569 -0.694999
vn 0.083880 0.723838 -0.684853
vn 0.380925 0.459065 -0.802593
vn 0.046884 0.676789 -0.734683
vn 0.496239 0.471754 -0.728831
vn 0.639098 0.464641 -0.612913
vn 0.827943 0.235474 -0.508981
vn 0.812248 0.294744 -0.503367
vn 0.479275 0.106975 -0.871121
vn 0.787628 -0.079604 -0.610987
vn 0.947318 -0.057090 -0.315165
vn 0.428303 0.030248 -0.903129
vn 0.410877 0.218634 -0.885087
vn 0.785654 0.158081 -0.598129
vn 0.953973 0.014431 -0.299546
vn 0.945520 0.040965 -0.322976
vn -0.037056 -0.980031 -0.195363
vn 0.107048 -0.994252 -0.001768
vn 0.843556 -0.388744 -0.370529
vn 0.634161 -0.685873 -0.356956
vn 0.480136 -0.832897 -0.275231
vn 0.715299 -0.660710 -0.227617
vn 0.052956 -0.618445 0.784041
vn 0.098924 -0.727747 0.678674
vn 0.072588 -0.467772 0.880863
vn 0.113529 -0.845919 0.521087
vn 0.161125 -0.752936 0.638065
vn 0.368200 -0.927085 -0.070305
vn 0.019025 -0.991175 0.131190
vn 0.602435 -0.798000 0.016380
vn 0.319789 -0.829946 0.457082
vn 0.904686 -0.319474 -0.281922
vn 0.487752 0.011639 -0.872905
vn 0.185477 -0.961986 -0.200454
vn 0.760233 -0.576157 -0.300146
vn 0.926683 0.345019 -0.149066
vn 0.532234 0.555911 -0.638506
vn 0.626602 -0.655116 -0.422129
vn 0.618973 0.467055 -0.631453
vn 0.835569 0.528658 -0.149483
vn 0.741983 -0.639584 -0.200979
vn -0.483894 -0.538008 0.690213
vn -0.115812 -0.320507 -0.940140
vn 0.135282 -0.560972 -0.816706
vn -0.378815 -0.869239 -0.317682
vn 0.075244 -0.076087 -0.994258
vn 0.640941 0.662103 0.388348
vn 0.119350 -0.115001 0.986170
vn -0.318538 -0.683548 0.656731
vn 0.348240 0.706225 0.616421
vn 0.538303 0.842120 0.032616
vn -0.311273 -0.254926 0.915490
vn -0.178557 -0.978812 0.100225
vn -0.045566 0.125847 0.991003
vn 0.460765 -0.055057 -0.885813
vn 0.934527 -0.288073 -0.208980
vn 0.656482 -0.719817 0.225596
vn -0.028270 -0.014090 0.999501
vn 0.357433 -0.044416 0.932882
vn -0.005702 -0.162589 0.986677
vn 0.138119 -0.339692 0.930340
vn -0.012227 -0.157245 0.987484
vn 0.049931 -0.102673 0.993461
vn 0.005300 -0.197223 0.980344
vn -0.245831 -0.061768 0.967343
vn 0.008042 -0.073208 0.997284
vn -0.026719 -0.177064 0.983837
vn 0.018650 -0.753388 0.657311
vn 0.010019 -0.876993 0.480398
vn 0.016651 -0.482085 0.875966
vn -0.028108 -0.649491 0.759849
vn -0.286410 -0.461954 0.839386
vn -0.550542 -0.373814 0.746436
vn -0.499056 -0.729930 0.467061
vn -0.168665 -0.862600 0.476942
vn -0.342246 -0.752552 0.562613
vn -0.358410 -0.017878 0.933393
vn -0.590984 -0.031183 0.806080
vn -0.828750 -0.016706 0.559369
vn -0.750141 -0.379533 0.541519
vn -0.039624 -0.975412 0.216798
vn 0.375496 -0.925057 0.057198
vn 0.055918 -0.983910 0.169691
vn 0.958788 -0.003418 -0.284103
vn -0.583996 -0.719466 0.375921
vn -0.170927 -0.953797 0.247095
vn -0.259050 -0.931830 0.254137
vn -0.095120 -0.984457 0.147637
vn -0.877590 -0.026904 0.478657
vn -0.835890 -0.027646 0.548200
vn 0.971695 -0.056889 -0.229289
vn -0.771528 -0.414871 0.482314
vn -0.519647 -0.755076 0.399783
vn -0.119555 -0.814477 0.567745
vn 0.174819 -0.885130 0.431258
vn 0.257217 -0.950122 0.176375
vn 0.431482 -0.795320 0.425780
vn 0.531467 -0.841268 0.099051
vn 0.888027 -0.459659 -0.011051
vn 0.874462 -0.467705 -0.128715
vn -0.452464 -0.046190 0.890586
vn 0.148047 -0.683399 0.714876
vn 0.244582 -0.445682 0.861131
vn 0.849721 -0.282952 0.444873
vn 0.888261 -0.432126 0.155756
vn 0.996421 -0.073110 -0.042430
vn 0.446772 -0.604353 0.659660
vn -0.525276 -0.532116 0.664031
vn 0.136266 -0.009013 0.990631
vn -0.090481 -0.014516 0.995792
vn 0.829378 -0.065305 0.554858
vn 0.413979 -0.222180 0.882756
vn 0.738764 -0.037504 -0.672920
vn 0.837577 -0.083537 -0.539895
vn 0.677295 0.141765 -0.721924
vn -0.952440 0.301719 -0.042708
vn -0.794776 0.605455 -0.041897
vn -0.693257 0.719652 -0.038677
vn -0.276018 0.960789 -0.026408
vn 0.078831 0.996789 -0.014014
vn -0.998763 -0.031884 -0.038165
vn -0.378893 0.924796 -0.034523
vn -0.195371 0.980469 -0.022596
vn 0.549004 0.835809 0.004162
vn -0.047698 0.998725 -0.016528
vn 0.064241 0.997578 -0.026677
vn -0.551957 0.832367 -0.050083
vn -0.917398 0.395414 -0.045045
vn -0.999200 0.008581 -0.039057
vn 0.497321 0.867567 -0.000208
vn -0.006511 0.999757 -0.021037
vn -0.997028 0.066035 -0.039670
vn -0.760267 0.647844 -0.047874
vn -0.904087 0.424664 -0.047832
vn -0.215614 0.975734 -0.038116
vn -0.999481 0.023566 -0.021941
vn 0.553333 0.832958 0.001551
vn 0.027196 0.997853 -0.059578
vn -0.498511 0.865868 -0.041952
vn -0.445561 0.894365 -0.039831
vn 0.182205 0.983070 -0.019354
vn -0.105378 0.993930 -0.031603
vn 0.481219 0.876549 -0.009479
vn 0.562496 0.826587 -0.018783
vn -0.849092 0.091555 0.520251
vn -0.950824 0.307705 0.035367
vn -0.625841 0.743256 0.236419
vn -0.822022 0.568874 -0.025724
vn -0.789642 0.351083 0.503195
vn -0.375086 0.485834 0.789479
vn -0.581665 0.078658 0.809617
vn -0.828507 0.029851 0.559182
vn 0.088505 0.992410 -0.085376
vn 0.477096 0.844433 -0.243542
vn -0.102024 0.994371 0.028577
vn -0.011998 0.998335 0.056421
vn -0.010251 0.876220 -0.481803
vn 0.000068 0.933731 -0.357975
vn 0.337681 0.828248 -0.447188
vn 0.271981 0.819521 -0.504392
vn -0.001276 0.777287 -0.629145
vn -0.021534 0.836910 -0.546917
vn -0.020253 0.817750 -0.575217
vn -0.012927 0.423964 0.905587
vn -0.004666 0.631373 0.775465
vn -0.063801 0.842441 0.534998
vn 0.006155 0.094279 0.995527
vn 0.007880 0.046974 0.998865
vn -0.020561 0.998262 -0.055227
vn -0.996484 -0.073725 -0.039797
vn -0.713518 -0.700482 -0.014704
vn -0.566349 -0.824152 -0.004792
vn -0.009339 -0.999561 0.028113
vn 0.045280 -0.998730 0.022110
vn -0.997865 -0.048153 -0.044124
vn 0.074663 -0.995484 -0.058629
vn 0.207459 -0.978166 0.012309
vn -0.071516 -0.997389 0.010027
vn -0.015866 -0.999468 0.028504
vn -0.999406 -0.011631 -0.032424
vn -0.997343 -0.071464 -0.014153
vn -0.652206 -0.757718 -0.022145
vn 0.000718 -0.998933 -0.046173
vn -0.009623 -0.999952 0.001881
vn -0.516586 -0.839456 -0.168678
vn -0.604802 -0.793908 -0.062646
vn -0.693647 -0.720046 0.019665
vn -0.999761 0.021256 0.005044
vn -0.714179 -0.699141 0.033905
vn -0.999195 -0.001835 -0.040060
vn -0.700650 0.015021 0.713347
vn -0.007286 0.056509 0.998376
vn -0.412912 0.042158 0.909795
vn -0.999976 0.002931 0.006302
vn -0.991301 -0.071821 -0.110294
vn -0.066466 -0.851653 -0.519875
vn -0.998734 -0.048640 -0.012830
vn -0.717619 -0.313665 -0.621802
vn -0.023520 -0.233931 -0.971969
vn -0.932674 -0.043418 0.358099
vn -0.908022 -0.417921 -0.028942
vn -0.624376 -0.770939 0.125729
vn 0.025426 -0.901934 -0.431124
vn -0.002555 -0.969440 -0.245314
vn -0.073197 -0.362035 -0.929286
vn -0.718078 -0.318820 -0.618642
vn 0.029285 -0.553319 -0.832455
vn -0.626916 -0.710517 -0.319596
vn -0.038642 -0.711940 -0.701176
vn -0.010292 -0.302378 -0.953133
vn -0.343528 -0.883419 -0.318683
vn -0.984872 -0.117263 0.127581
vn -0.735582 -0.670043 0.099804
vn -0.985827 -0.164659 0.032126
vn -0.010321 -0.381268 -0.924407
vn -0.846414 -0.317225 0.427728
vn -0.859570 -0.497612 -0.116281
vn -0.854065 -0.515210 -0.071631
vn -0.828335 -0.379056 0.412525
vn -0.067387 -0.788557 0.611259
vn -0.225125 -0.319617 -0.920415
vn -0.014860 -0.986906 -0.160610
vn -0.472911 -0.293796 0.830686
vn 0.015872 -0.793670 -0.608141
vn -0.358374 -0.004165 0.933569
vn -0.613842 -0.540175 0.575682
vn -0.221701 -0.606933 0.763204
vn 0.023743 -0.998106 -0.056759
vn 0.022267 -0.997451 0.067789
vn -0.009000 0.035189 0.999340
vn 0.020046 -0.436897 0.899288
vn 0.007162 0.036940 0.999292
vn 0.013929 -0.851646 0.523932
vn 0.001065 -0.997600 0.069229
vn 0.041010 0.999148 -0.004701
vn -0.289821 0.956539 -0.032197
vn 0.081208 0.996317 -0.027512
vn 0.529655 0.848186 0.006787
vn -0.079641 0.996440 -0.027642
vn 0.259314 0.965638 -0.017330
vn -0.003393 0.999780 -0.020700
vn 0.054827 0.998461 -0.008341
vn -0.017315 0.999587 -0.022932
vn -0.059866 -0.998164 0.009153
vn -0.679762 -0.733317 -0.013010
vn -0.138813 -0.971999 -0.189603
vn 0.037215 -0.997331 -0.062819
vn -0.262050 -0.114997 -0.958178
vn -0.472824 -0.040142 -0.880242
vn -0.842058 -0.156133 -0.516295
vn -0.988240 -0.141803 -0.057223
vn -0.994310 -0.098491 -0.040578
vn -0.992948 -0.112515 0.037342
vn -0.423691 -0.905433 -0.026028
vn -0.762142 -0.645988 -0.042891
vn -0.999799 0.005362 0.019325
vn -0.076219 -0.482528 -0.872558
vn -0.020337 -0.040573 -0.998970
vn 0.027771 -0.995289 -0.092887
vn 0.012755 -0.326204 -0.945213
vn -0.714902 -0.292047 -0.635314
vn -0.295507 -0.659096 -0.691569
vn -0.404113 -0.833228 -0.377390
vn -0.077280 -0.111391 -0.990767
vn -0.076615 -0.956905 -0.280113
vn -0.091777 -0.995637 0.016821
vn -0.022904 -0.606050 -0.795097
vn -0.013390 -0.271156 -0.962442
vn -0.074588 -0.996912 0.024567
vn -0.924135 -0.381655 0.017729
vn -0.426886 -0.904095 0.019480
vn -0.736208 -0.676356 0.023224
vn -0.381225 -0.921078 0.079263
vn 0.007814 -0.999529 0.029691
vn 0.008539 -0.999661 0.024594
vn -0.999923 -0.008473 -0.009066
vn -0.996137 0.082990 0.028686
vn 0.125727 -0.992039 0.007196
vn 0.119397 -0.992791 0.010483
vn -0.909448 -0.415075 0.024845
vn -0.494246 -0.863385 0.101419
vn -0.998342 -0.056614 0.010390
vn 0.015375 -0.842663 -0.538222
vn -0.020305 0.999565 -0.021367
vn -0.018542 0.999621 -0.020336
vn 0.867137 -0.487212 0.103430
vn 0.970053 -0.231010 0.075049
vn 0.920249 -0.390368 0.027467
vn 0.019275 -0.996758 -0.078113
vn 0.023714 -0.036099 -0.999067
vn 0.042964 -0.967391 -0.249617
vn 0.026632 -0.989904 -0.139213
vn -0.007263 -0.018417 -0.999804
vn -0.013588 -0.246450 -0.969060
vn -0.028583 -0.811580 -0.583542
vn 0.033447 0.092837 -0.995119
vn -0.000707 -0.243363 -0.969935
vn 0.007658 -0.598212 -0.801301
vn 0.007136 -0.682575 -0.730781
vn 0.131265 0.197605 -0.971453
vn 0.151249 -0.573309 -0.805258
vn 0.659597 0.500052 -0.561141
vn 0.740344 -0.588127 -0.325572
vn 0.064847 -0.048340 -0.996724
vn 0.822645 0.443658 -0.355561
vn 0.304623 0.258643 -0.916683
vn 0.703018 -0.028776 -0.710589
vn -0.050565 -0.860639 -0.506699
vn 0.067653 -0.316397 -0.946211
vn -0.003618 -0.713063 -0.701091
vn -0.038730 -0.999005 0.022123
vn -0.053486 -0.998563 0.003353
vn 0.382292 -0.839046 -0.387110
vn -0.021353 -0.977855 -0.208190
vn 0.464856 -0.196211 -0.863371
vn 0.648519 -0.760222 -0.038553
vn 0.929331 -0.227560 -0.290794
vn 0.953785 -0.246164 -0.172327
vn 0.056184 -0.992945 -0.104421
vn 0.162942 -0.984764 -0.060751
vn 0.138281 -0.990348 0.009403
vn 0.736895 0.666069 -0.115490
vn 0.995639 0.057897 -0.073154
vn 0.860813 0.508569 -0.018944
vn 0.699299 0.712038 -0.063109
vn 0.611661 -0.764526 0.203398
vn 0.741934 -0.670219 0.018442
vn 0.976752 -0.214333 -0.004167
vn 0.970064 -0.242532 0.012440
vn 0.982418 -0.186555 0.007232
vn 0.760596 0.635555 -0.132522
vn 0.312349 -0.949913 -0.010136
vn 0.241765 -0.970211 -0.015522
vn 0.176380 -0.984242 0.012551
vn 0.094336 -0.995365 0.018698
vn 0.841616 0.537457 -0.053122
vn 0.872417 -0.485873 -0.053056
vn 0.892819 0.438517 -0.102846
vn 0.864153 -0.503218 0.003397
vn 0.978651 -0.204799 -0.017333
vn 0.994361 0.100684 -0.033308
vn 0.809687 -0.586831 0.006080
vn 0.316760 -0.948325 0.018502
vn 0.124699 -0.992194 -0.000002
vn -0.759953 -0.646689 -0.065299
vn -0.808177 -0.588724 0.015916
vn 0.976254 -0.216615 0.002469
vn 0.150668 -0.988363 0.020939
vn -0.008708 0.999701 -0.022863
vn 0.138964 -0.990250 0.009648
vn 0.017305 -0.999748 0.014268
vn -0.018386 0.999550 -0.023696
vn -0.023997 0.999490 -0.021089
vn 0.216263 -0.976322 0.004948
vn 0.993154 0.093801 -0.069611
vn -0.029096 -0.999303 0.023371
vn 0.624269 -0.781094 0.013391
vn 0.998946 -0.043436 -0.014821
vn 0.995321 0.066814 -0.069803
vn 0.314404 -0.949258 -0.007696
vn 0.988551 0.148080 -0.028968
vn 0.998805 0.048332 -0.007250
vn 0.998948 0.044593 0.010696
vn 0.353752 -0.934780 0.032349
vn 0.218445 -0.975750 0.013935
vn 0.371005 -0.367329 0.852892
vn 0.066134 -0.769801 0.634848
vn 0.229310 -0.973091 0.022581
vn 0.824744 -0.565479 0.005440
vn 0.259483 -0.965196 0.032627
vn 0.180922 -0.983239 0.022558
vn 0.974669 -0.223555 -0.006616
vn 0.994584 0.103699 0.007007
vn 0.973555 0.228407 0.004674
vn 0.976480 0.209790 0.049755
vn 0.898390 -0.396589 0.188715
vn 0.772827 0.600235 0.206050
vn 0.992295 0.123876 0.002495
vn 0.980836 -0.194799 -0.003620
vn -0.530084 0.840765 0.110115
vn -0.166598 0.985976 -0.009816
vn -0.220818 0.975169 0.016858
vn -0.034816 0.999251 0.016899
vn -0.083253 0.996338 -0.019468
vn -0.554880 0.831822 0.013386
vn -0.581435 0.804857 0.118903
vn -0.573342 0.819074 0.019938
vn -0.030454 0.999524 -0.004819
vn -0.152066 0.988301 0.011736
vn 0.782296 0.620519 -0.054488
vn 0.996184 0.071025 -0.050728
vn 0.452128 0.891002 -0.041176
vn 0.303617 0.951216 -0.054812
vn 0.048037 0.998651 -0.019694
vn -0.442472 0.896768 0.005045
vn 0.069986 0.997208 -0.026027
vn 0.877341 0.476740 -0.054689
vn 0.926142 0.373335 -0.053683
vn 0.001665 -0.997181 -0.075020
vn 0.022002 -0.999703 -0.010479
vn -0.005490 -0.999185 0.039985
vn 0.010982 -0.714962 -0.699077
vn -0.050147 -0.364326 -0.929920
vn -0.002803 -0.221667 -0.975118
vn -0.099569 -0.843995 0.527028
vn -0.550384 -0.360050 0.753287
vn -0.719242 -0.684596 0.118400
vn -0.090048 -0.990884 0.100204
vn -0.548027 -0.835893 0.030813
vn -0.893656 -0.205637 0.398863
vn -0.841509 -0.194850 0.503881
vn -0.964388 -0.259641 0.050412
vn -0.965543 -0.252370 0.063532
vn -0.974748 -0.223306 -0.001250
vn -0.923720 -0.382837 0.013332
vn -0.324067 -0.945505 -0.031635
vn -0.777966 -0.595437 0.200557
vn -0.606613 -0.794543 0.026863
vn -0.963345 -0.262099 -0.057185
vn -0.957593 -0.241397 -0.157298
vn -0.819904 -0.572499 -0.001466
vn -0.126180 -0.991865 0.016797
vn 0.451821 -0.600441 0.659794
vn 0.135857 -0.990512 0.020691
vn 0.148529 -0.983482 0.103446
vn 0.015396 -0.720557 0.693224
vn 0.041249 -0.893919 0.446326
vn 0.311392 -0.069463 0.947740
vn 0.778976 -0.196838 0.595358
vn 0.166594 -0.108384 0.980051
vn -0.004373 -0.031775 0.999485
vn 0.004407 -0.062542 0.998033
vn -0.013093 -0.133358 0.990981
vn 0.031647 -0.394041 0.918548
vn -0.048270 -0.979490 0.195625
vn -0.224060 -0.248812 0.942279
vn -0.553533 -0.818704 0.152723
vn -0.037719 -0.777031 -0.628332
vn -0.343032 -0.261452 -0.902204
vn -0.536269 -0.468525 -0.702068
vn -0.913626 -0.385908 -0.127916
vn -0.683031 -0.286670 -0.671780
vn -0.068023 -0.229166 -0.971008
vn -0.001933 -0.235949 -0.971764
vn -0.001597 -0.940912 -0.338648
vn -0.004280 -0.513465 -0.858100
vn -0.291405 -0.487786 -0.822890
vn -0.734101 -0.357264 -0.577458
vn -0.599182 -0.756328 -0.262580
vn -0.037427 -0.999299 0.000927
vn -0.250663 -0.884894 -0.392594
vn 0.035761 -0.999194 0.018219
vn 0.006960 -0.999968 -0.003934
vn -0.978414 -0.201873 0.044202
vn -0.825113 -0.217669 0.521353
vn -0.766673 -0.217061 0.604232
vn 0.018141 -0.921068 -0.388980
vn 0.020443 -0.999764 -0.007403
vn 0.020432 -0.994236 0.105245
vn 0.044227 -0.993395 0.105876
vn 0.321007 -0.899455 0.296537
vn 0.888513 -0.252420 0.383182
vn 0.608627 -0.463473 0.644023
vn 0.434916 -0.166683 0.884910
vn 0.106252 -0.527196 0.843075
vn 0.034926 -0.089696 0.995357
vn -0.119447 -0.112185 0.986482
vn 0.022899 -0.608207 0.793448
vn -0.039235 -0.508819 0.859979
vn -0.001852 -0.972201 0.234140
vn -0.422515 -0.830105 0.363877
vn -0.516345 -0.493439 0.699933
vn -0.845777 -0.457939 0.273775
vn -0.371932 -0.926140 0.062692
vn -0.048917 -0.996660 0.065390
vn -0.035064 -0.999078 0.024758
vn 0.760008 -0.649899 -0.004401
vn 0.998849 0.005325 -0.047661
vn 0.178567 -0.983897 0.007830
vn 0.699961 -0.713888 -0.020438
vn 0.165004 -0.986175 0.015241
vn 0.010171 -0.999754 0.019726
vn 0.998623 0.016072 -0.049928
vn 0.998348 0.024829 -0.051817
vn 0.796407 -0.604069 -0.028921
vn 0.027611 -0.996365 0.080582
vn -0.010080 -0.999694 0.022587
vn -0.693401 -0.720182 0.023091
vn -0.559721 -0.828105 0.030900
vn -0.925799 -0.378016 0.000786
vn -0.936557 -0.348387 0.038572
vn -0.974801 -0.222711 0.012783
vn -0.244916 0.969517 -0.007220
vn 0.997121 0.055767 -0.051376
vn -0.961776 -0.273466 0.014243
vn -0.063584 -0.997946 0.007762
vn -0.575495 -0.817802 -0.002485
vn -0.013449 -0.999901 0.004052
vn -0.841834 -0.539588 0.012615
vn -0.972366 -0.228488 0.047933
vn -0.673082 -0.739367 0.017231
vn -0.795640 -0.605319 0.023352
vn 0.023893 -0.999674 0.009012
vn 0.848778 -0.527891 -0.030099
vn 0.046353 -0.998615 0.024883
vn -0.076937 -0.996805 0.021437
vn 0.116062 -0.993223 0.006195
vn -0.017820 0.999246 -0.034483
vn -0.063116 0.997834 -0.018553
vn 0.189655 -0.939667 -0.284706
vn 0.629171 -0.777183 0.011408
vn 0.148344 -0.952568 0.265722
vn 0.553456 0.830450 0.063561
vn 0.354178 0.930299 0.095399
vn 0.510302 0.859245 -0.035912
vn 0.245862 -0.186323 0.951228
vn 0.530678 0.819468 -0.216458
vn 0.436251 0.060697 -0.897776
vn 0.620180 0.709014 -0.335671
vn 0.436315 -0.836574 -0.331321
vn 0.196868 -0.980384 0.009481
vn 0.610555 -0.791173 -0.035623
vn 0.955114 -0.221538 -0.196667
vn 0.945338 -0.295667 -0.137541
vn -0.367930 -0.856527 0.361924
vn -0.367930 -0.856527 0.361924
vn -0.367930 -0.856527 0.361924
vn 0.920922 0.383870 -0.067426
vn 0.992609 0.106253 -0.058637
vn 0.993014 0.112804 -0.034631
vn 0.926310 -0.369608 -0.073069
vn 0.878166 -0.477393 -0.030333
vn 0.802846 -0.596142 0.007288
vn 0.163644 -0.986317 0.019983
vn 0.011023 -0.999777 0.018023
vn 0.014314 -0.999576 0.025336
vn 0.937966 -0.314142 -0.146744
vn 0.813708 -0.580780 -0.023942
vn 0.075136 -0.575100 -0.814625
vn 0.273210 -0.888796 -0.367964
vn 0.964902 -0.230616 -0.125622
vn 0.191408 -0.520699 -0.832007
vn 0.233133 -0.538898 -0.809468
vn 0.022025 -0.654305 -0.755910
vn -0.027530 -0.999370 0.022407
vn 0.801028 -0.598614 -0.003846
vn 0.957362 -0.283969 -0.053100
vn 0.716620 -0.470289 -0.515057
vn 0.196460 -0.633255 -0.748593
vn 0.682474 -0.713439 -0.158852
vn 0.195644 -0.980482 0.019475
vn 0.145803 -0.989263 -0.010010
vn 0.121292 -0.979344 -0.161783
vn 0.025953 -0.996947 -0.073642
vn 0.122826 -0.575280 -0.808682
vn 0.110337 -0.477716 -0.871558
vn 0.139792 -0.556929 -0.818711
vn -0.004525 -0.533424 -0.845836
vn 0.139756 -0.987215 0.076648
vn 0.744159 -0.228647 0.627653
vn 0.998195 0.053945 -0.026380
vn 0.244562 -0.969370 0.022623
vn 0.991793 0.125873 -0.022415
vn 0.462219 -0.886754 -0.004603
vn 0.088811 -0.995765 0.023754
vn 0.898914 -0.434842 0.053532
vn 0.866700 -0.497694 0.033635
vn 0.257143 -0.964164 0.065303
vn 0.367665 -0.740521 0.562540
vn 0.230183 -0.214815 0.949142
vn 0.018384 -0.814737 0.579539
vn 0.026269 -0.884048 0.466657
vn -0.038871 -0.065722 0.997081
vn 0.018731 -0.094029 0.995393
vn 0.002013 -0.058567 0.998281
vn 0.080756 -0.648245 0.757137
vn 0.071382 -0.982433 0.172423
vn 0.502144 -0.648076 0.572581
vn 0.812153 -0.531407 0.240862
vn 0.362660 -0.222323 0.905014
vn -0.003011 -0.714291 -0.699843
vn -0.039628 -0.306406 -0.951076
vn 0.600375 -0.135715 0.788118
vn 0.974114 -0.194856 0.114596
vn 0.876101 -0.254245 0.409642
vn 0.023061 -0.161204 0.986652
vn 0.071877 -0.053078 0.996000
vn 0.975999 -0.216115 0.026845
vn 0.022870 -0.639956 0.768071
vn -0.018809 -0.179330 0.983609
vn -0.017142 0.933579 0.357961
vn -0.013978 0.944109 0.329337
vn -0.004719 0.535189 0.844719
vn -0.526132 0.850394 0.003852
vn -0.370482 0.928835 -0.002912
vn -0.520851 0.853626 0.006093
vn -0.605533 0.795741 0.011191
vn -0.249533 0.968275 -0.013313
vn 0.718543 -0.695345 0.013810
vn 0.760807 -0.647622 -0.041940
vn 0.817612 -0.418776 -0.395143
vn 0.971430 -0.236748 -0.016523
vn 0.135345 -0.980534 -0.142248
vn 0.027463 -0.998378 0.049879
vn 0.027888 -0.999562 0.009920
vn -0.011392 -0.375426 0.926782
vn -0.057078 -0.668189 0.741799
vn -0.531010 -0.840632 0.106614
vn -0.020394 -0.996538 0.080595
vn 0.045443 -0.795942 -0.603665
vn -0.003645 -0.999750 0.022050
vn -0.875590 -0.481983 0.032166
vn -0.308711 -0.950548 0.033987
vn -0.972780 -0.230570 0.023169
vn -0.930454 -0.366299 0.008922
vn -0.901316 -0.430129 0.051161
vn -0.020151 0.999430 -0.027089
vn 0.190113 -0.521939 -0.831527
vn 0.099405 -0.572411 -0.813919
vn 0.107341 -0.514809 -0.850558
vn -0.074093 -0.805596 -0.587814
vn -0.489924 -0.871733 0.007467
vn -0.652780 -0.710304 -0.263339
vn -0.032280 0.997960 -0.055080
vn -0.037380 0.935015 -0.352632
vn -0.589955 0.801405 -0.098507
vn -0.213926 0.976213 -0.035266
vn 0.036538 -0.563809 -0.825097
vn -0.009861 -0.656011 -0.754687
vn 0.047303 -0.672177 -0.738878
vn 0.096330 -0.471725 -0.876468
vn -0.957682 -0.241181 -0.157089
vn -0.966307 -0.257386 -0.001431
vn -0.941424 -0.320890 -0.103689
vn -0.206585 -0.393600 -0.895769
vn -0.065315 -0.250183 -0.965993
vn -0.539195 -0.271483 -0.797223
vn -0.051873 -0.584650 -0.809626
vn 0.027569 -0.876403 -0.480789
vn -0.158751 -0.978186 -0.133976
vn -0.508359 -0.532994 -0.676379
vn -0.630592 0.775946 0.016174
vn 0.915567 0.398016 -0.057613
vn 0.014016 0.999701 -0.020045
vn -0.246658 0.969073 -0.007539
vn -0.044588 0.998772 -0.021592
vn -0.594091 0.804286 0.013440
vn 0.461022 0.886342 -0.043093
vn -0.618751 0.785481 0.012881
vn -0.508459 0.861049 0.008010
vn -0.216506 0.976229 -0.010099
vn 0.148154 0.988536 -0.029099
vn 0.227708 0.973251 -0.030536
vn 0.996946 0.057537 -0.052809
vn 0.941477 0.332284 -0.056638
vn -0.925077 -0.379650 0.009863
vn -0.049922 -0.613619 -0.788022
vn -0.666780 -0.744769 -0.026907
vn -0.958528 -0.278575 -0.060164
vn -0.974845 -0.222853 0.003689
vn -0.749011 -0.662251 0.020168
vn 0.145383 -0.989217 0.017688
vn 0.016093 -0.999532 0.025995
vn 0.155838 -0.699590 -0.697344
vn 0.070299 -0.430287 -0.899951
vn 0.174252 -0.716280 -0.675707
vn -0.510296 -0.319427 -0.798476
vn -0.599445 -0.305516 -0.739815
vn -0.876212 -0.477980 -0.061545
vn -0.922190 -0.257736 -0.288337
vn -0.766577 -0.456403 -0.451726
vn -0.154690 -0.131918 0.979116
vn -0.201226 -0.114263 0.972858
vn -0.696355 -0.247851 0.673543
vn -0.114596 -0.257510 -0.959456
vn -0.063990 -0.509372 -0.858164
vn -0.507665 -0.861088 -0.028336
vn -0.001974 -0.957546 -0.288272
vn -0.345317 -0.607752 -0.715117
vn -0.282918 -0.932529 -0.224382
vn -0.067601 -0.997560 0.017439
vn 0.026642 -0.990298 0.136382
vn 0.005833 -0.999715 0.023138
vn -0.002001 -0.975130 0.221623
vn -0.529379 -0.185376 0.827885
vn -0.057932 -0.723935 0.687432
vn -0.422321 -0.572305 0.702931
vn -0.903378 -0.332122 0.271299
vn -0.228365 -0.889426 0.395943
vn 0.998206 0.028990 -0.052384
vn 0.656094 -0.754475 -0.017546
vn 0.778302 -0.627580 -0.019729
vn 0.938680 -0.342465 -0.039968
vn 0.584749 0.809706 -0.049434
vn 0.110868 0.993234 -0.034574
vn -0.061602 0.997653 -0.029901
vn 0.997235 0.067319 -0.031478
vn -0.962863 -0.264649 0.053434
vn -0.957220 -0.264782 0.116702
vn -0.973279 -0.226488 0.037830
vn -0.969126 -0.245936 0.017602
vn -0.900921 -0.431544 0.045949
vn -0.443654 -0.878605 0.176705
vn -0.024257 -0.999006 0.037393
vn -0.524708 -0.850395 0.038842
vn -0.038750 -0.998960 0.024011
vn -0.788762 -0.614298 0.022183
vn -0.687362 -0.720149 -0.094437
vn -0.859333 -0.316204 -0.401947
vn 0.107737 -0.993895 0.023779
vn 0.922477 -0.376045 -0.087333
vn 0.924026 -0.380291 -0.039419
vn 0.072509 -0.997281 -0.013117
vn 0.949930 -0.310707 -0.033087
vn -0.065641 -0.997747 0.013862
vn -0.921098 -0.388884 0.018627
vn 0.041353 -0.998776 0.027154
vn -0.035667 -0.999231 -0.016263
vn -0.999355 -0.035205 -0.007097
vn -0.887514 -0.458221 -0.048512
vn -0.536212 -0.843710 0.025101
vn -0.385442 -0.920720 0.060896
vn 0.094560 -0.995058 0.030292
vn -0.976822 -0.213211 0.018967
vn -0.346001 -0.937662 0.032772
vn -0.892465 -0.436764 0.112885
vn 0.047153 -0.992605 0.111852
vn -0.944592 -0.320827 0.069400
vn -0.997518 0.022606 0.066678
vn 0.057254 -0.997691 0.036522
vn -0.951988 -0.306090 0.005225
vn -0.999745 0.017614 0.014121
vn -0.998429 0.049457 0.026320
vn -0.978034 -0.203618 -0.044598
vn -0.996801 0.079916 0.000717
vn -0.318468 -0.946692 0.048489
vn -0.054114 -0.997974 0.033450
vn -0.084322 -0.994242 0.066120
vn 0.999849 0.015999 -0.006796
vn 0.999852 -0.017222 0.000401
vn 0.241327 -0.969988 0.029750
vn 0.334894 -0.941961 0.023554
vn 0.395115 -0.136942 0.908367
vn 0.395115 -0.136942 0.908367
vn 0.395115 -0.136942 0.908367
vn -0.062782 -0.755649 -0.651960
vn -0.652454 -0.740709 -0.160169
vn -0.930063 -0.357516 0.084643
vn 0.332626 -0.819010 0.467528
vn 0.560023 -0.625938 0.542749
vn -0.584003 -0.807106 -0.086721
vn -0.227321 -0.708175 -0.668441
vn -0.190043 -0.379329 -0.905535
vn 0.009122 -0.555248 -0.831635
vn -0.113738 0.134875 0.984313
vn -0.008033 -0.141065 0.989968
vn -0.031682 -0.752623 0.657689
vn -0.343002 -0.222169 -0.912683
vn -0.253535 -0.478123 0.840903
vn -0.060847 -0.498432 0.864791
vn -0.057254 -0.404035 -0.912950
vn -0.143781 -0.718735 -0.680255
vn -0.093056 -0.669861 -0.736632
vn -0.099038 -0.513084 0.852605
vn 0.108521 -0.601418 -0.791530
vn 0.026381 -0.394885 0.918352
vn -0.302474 -0.683240 0.664600
vn -0.000459 -0.400874 -0.916133
vn 0.009280 -0.751986 -0.659113
vn -0.019943 -0.750537 0.660528
vn -0.008428 -0.916383 -0.400213
vn 0.001811 -0.860537 -0.509385
vn 0.013579 -0.848147 0.529587
vn 0.016082 -0.947094 -0.320552
vn 0.023213 -0.859472 -0.510656
vn -0.031996 -0.836047 0.547724
vn 0.000335 -0.915712 -0.401834
vn -0.038371 -0.997096 0.065775
vn 0.007404 -0.719475 0.694479
vn -0.003281 -0.919711 -0.392582
vn 0.011403 -0.869636 0.493562
vn 0.004623 -0.931861 -0.362787
vn -0.000665 -0.636662 0.771143
vn 0.019852 -0.589727 0.807359
vn 0.018331 -0.614407 0.788776
vn 0.039745 -0.822024 0.568064
vn 0.160166 -0.952724 -0.258195
vn 0.006754 -0.930233 -0.366907
vn 0.017717 -0.969632 -0.243925
vn 0.937048 -0.349185 0.003314
vn 0.997836 -0.065508 0.005620
vn 0.344946 -0.938568 0.010104
vn 0.195005 -0.980155 0.035627
vn 0.192911 -0.981114 0.014189
vn 0.727324 -0.684105 0.054770
vn 0.960613 -0.277838 0.005409
vn 0.611369 -0.790066 0.044989
vn 0.994989 0.098588 0.016648
vn 0.997789 0.057972 0.032501
vn 0.999512 -0.031233 -0.000614
vn 0.810031 -0.585021 -0.040001
vn 0.966525 -0.256391 -0.009668
vn 0.683309 -0.492687 -0.538839
vn 0.959613 -0.247988 -0.132835
vn -0.032651 -0.997880 0.056289
vn 0.150427 -0.944491 0.292077
vn 0.305805 -0.951832 0.022343
vn 0.249146 -0.444402 0.860485
vn 0.493402 -0.461468 0.737294
vn 0.932229 -0.099256 0.347990
vn 0.637035 0.086303 0.765989
vn 0.726733 0.107984 0.678379
vn 0.946406 -0.079249 0.313104
vn 0.334127 -0.915042 -0.225957
vn 0.085588 -0.689087 -0.719607
vn 0.172211 -0.983239 -0.059878
vn 0.655137 0.059974 0.753126
vn 0.971199 -0.220725 0.089739
vn 0.978329 -0.052948 -0.200170
vn 0.392414 -0.318918 -0.862730
vn 0.889476 -0.223984 -0.398327
vn 0.356859 0.193616 0.913873
vn 0.503936 -0.738231 -0.448401
vn 0.120718 -0.251193 -0.960380
vn 0.060391 -0.252924 -0.965599
vn 0.099632 -0.913601 -0.394216
vn 0.309813 -0.942793 -0.123116
vn 0.069766 -0.957965 -0.278272
vn 0.276378 -0.513255 -0.812518
vn 0.017990 -0.351178 -0.936136
vn 0.061262 -0.892506 -0.446856
vn 0.041935 -0.569327 -0.821041
vn 0.056412 -0.556560 -0.828890
vn 0.013149 -0.389749 -0.920827
vn 0.450103 0.045699 0.891806
vn 0.590324 -0.184541 0.785788
vn 0.376088 -0.869464 -0.320298
vn 0.042243 -0.745447 -0.665225
vn 0.019084 -0.947561 -0.319004
vn 0.000805 -0.291761 -0.956491
vn 0.023584 -0.882071 -0.470526
vn 0.013785 -0.221124 -0.975148
vn 0.017449 -0.988383 -0.150979
vn 0.006514 -0.442380 -0.896804
vn 0.007905 -0.873031 -0.487600
vn -0.001006 -0.930102 -0.367301
vn -0.001653 -0.975085 -0.221824
vn 0.000177 -0.628503 -0.777807
vn 0.008432 -0.603259 -0.797501
vn -0.001722 -0.312374 -0.949958
vn -0.442814 0.824107 -0.353218
vn -0.560039 0.827653 -0.036705
vn -0.035077 0.988492 -0.147151
vn -0.214947 0.970810 -0.106423
vn -0.001495 0.995649 0.093167
vn 0.077242 0.996403 -0.034854
vn 0.001311 0.806764 0.590872
vn -0.022114 0.855250 -0.517744
vn -0.042318 0.771382 -0.634964
vn -0.089069 0.776823 -0.623388
vn 0.001627 0.544271 0.838908
vn 0.223944 0.626510 0.746548
vn 0.227282 0.132275 0.964804
vn 0.009518 0.123747 0.992268
vn 0.021443 0.047473 0.998642
vn 0.546894 0.835657 -0.050843
vn 0.498423 0.866934 -0.000511
vn 0.503298 0.757086 0.416547
vn 0.884526 0.141580 0.444487
vn 0.884385 0.466759 -0.000295
vn 0.714227 0.309740 0.627647
vn 0.901075 0.060352 0.429443
vn 0.631407 0.071543 0.772144
vn -0.009039 -0.444990 -0.895490
vn 0.115487 -0.838719 -0.532178
vn 0.046578 -0.243788 -0.968709
vn 0.955488 -0.120897 -0.269123
vn 0.998528 0.033380 -0.042738
vn 0.954419 -0.039839 -0.295798
vn 0.946469 0.052125 0.318558
vn -0.004000 -0.250869 -0.968013
vn 0.029919 -0.340827 -0.939650
vn 0.049753 -0.977405 -0.205435
vn 0.368196 -0.744741 -0.556590
vn 0.992392 0.003988 0.123053
vn 0.025321 -0.999588 0.013544
vn 0.780436 0.038509 0.624048
vn 0.611231 -0.773168 0.169139
vn 0.507341 -0.607967 0.610721
vn 0.043231 -0.925623 0.375969
vn 0.018545 -0.547430 0.836646
vn 0.310577 0.059623 0.948676
vn 0.566494 0.021599 0.823783
vn 0.022588 0.008664 0.999707
vn 0.980111 -0.198358 -0.006028
vn -0.206189 -0.978168 0.025932
vn 0.985228 -0.171151 0.005734
vn -0.062418 -0.135974 0.988744
vn -0.649732 -0.519550 0.554902
vn -0.403267 -0.203750 0.892111
vn -0.728102 -0.177053 0.662208
vn -0.937406 -0.325271 0.124368
vn -0.898682 -0.295673 0.323957
vn -0.999972 -0.003687 0.006494
vn -0.813109 -0.574346 0.094768
vn -0.994792 -0.093531 0.040504
vn -0.126765 -0.979543 0.156288
vn -0.790283 -0.612567 0.014630
vn -0.160028 -0.986864 0.022149
vn -0.696932 -0.685411 -0.210945
vn -0.007406 0.983659 -0.179887
vn -0.036540 0.980974 -0.190669
vn -0.326627 0.933001 -0.151074
vn -0.994235 -0.107189 -0.002545
vn -0.987264 -0.121841 -0.102294
vn -0.999040 0.043719 -0.002786
vn -0.997657 0.036149 0.058080
vn -0.574888 0.814508 -0.077978
vn -0.923966 0.379296 -0.049215
vn -0.821558 0.455112 0.343388
vn -0.083894 -0.956160 -0.280569
vn -0.367255 -0.647071 -0.668149
vn -0.718315 -0.151255 -0.679077
vn -0.039813 -0.583644 -0.811033
vn -0.922958 -0.016809 -0.384534
vn -0.986656 -0.047521 -0.155729
vn -0.996952 0.008884 0.077507
vn -0.957699 0.059507 0.281552
vn 0.023703 0.981488 -0.190049
vn -0.308089 -0.936270 0.168759
vn -0.021877 -0.984439 0.174357
vn -0.039651 -0.973397 0.225670
vn -0.020950 -0.995444 0.093016
vn -0.510446 -0.827281 0.234629
vn -0.997222 -0.061027 0.042717
vn -0.687563 -0.706776 0.166508
vn -0.746635 -0.649807 0.142431
vn -0.059493 -0.983835 0.168904
vn -0.999149 0.014620 0.038575
vn -0.999636 0.009455 0.025259
vn -0.993725 -0.093766 0.060980
vn -0.933238 -0.357793 0.032412
vn -0.999963 0.001240 0.008467
vn -0.051325 -0.998599 -0.012891
vn -0.031345 -0.936629 -0.348918
vn -0.123623 -0.811378 -0.571299
vn -0.020522 -0.942887 -0.332479
vn -0.167655 -0.972850 -0.159546
vn 0.020100 0.991306 -0.130030
vn -0.403688 -0.911130 0.082932
vn -0.932702 -0.360513 0.009844
vn -0.776372 -0.583907 -0.237275
vn -0.999243 -0.031209 -0.023214
vn 0.998555 -0.044978 0.029396
vn -0.968479 0.012884 -0.248761
vn -0.999812 0.008889 0.017241
vn -0.999701 0.018653 0.015800
vn -0.999753 -0.006427 -0.021278
vn 0.012482 -0.409346 -0.912294
vn 0.000127 -0.732700 -0.680551
vn -0.075142 -0.489311 -0.868866
vn -0.116975 -0.242768 -0.963006
vn -0.039412 0.018735 -0.999047
vn -0.003978 -0.003930 -0.999984
vn -0.386186 -0.127230 -0.913605
vn -0.021167 -0.163659 -0.986290
vn -0.059519 0.020377 -0.998019
vn -0.536255 -0.007465 -0.844023
vn -0.854955 0.035720 -0.517471
vn -0.048586 0.016026 -0.998690
vn -0.999097 0.010917 -0.041048
vn -0.636553 0.031986 -0.770570
vn -0.945840 0.040024 -0.322157
vn -0.481479 0.002985 0.876453
vn -0.033523 0.005141 0.999425
vn -0.996804 0.022481 -0.076656
vn -0.825198 -0.297023 -0.480444
vn -0.310806 0.046706 -0.949325
vn -0.998199 -0.009036 -0.059307
vn -0.375390 0.007304 -0.926838
vn -0.990903 -0.012503 -0.133996
vn -0.978635 0.047822 -0.199965
vn -0.992058 0.008500 -0.125492
vn -0.313268 0.010499 -0.949607
vn -0.621728 -0.011856 -0.783144
vn -0.669576 0.340678 0.660005
vn -0.332750 0.787042 0.519463
vn -0.011319 0.998976 0.043800
vn -0.023739 0.793440 0.608185
vn 0.012086 0.865318 0.501078
vn -0.122722 0.482160 0.867445
vn -0.399325 0.027612 0.916394
vn -0.005989 0.152762 0.988245
vn -0.802987 0.011368 0.595888
vn 0.010099 0.544984 0.838386
vn 0.092189 0.837070 0.539273
vn 0.025814 0.465664 0.884585
vn 0.514507 0.839289 -0.175718
vn 0.333418 0.932663 -0.137743
vn 0.869053 0.485143 -0.096869
vn 0.999908 0.008676 0.010379
vn 0.998564 0.049747 -0.019861
vn 0.999355 -0.034946 0.008281
vn 0.934527 0.309678 0.175379
vn 0.992214 -0.118294 0.038945
vn 0.995716 0.009572 0.091971
vn 0.014307 0.024468 0.999598
vn 0.641601 0.066501 0.764150
vn 0.436668 0.478996 0.761501
vn 0.150587 0.172017 0.973516
vn 0.128826 0.007480 0.991639
vn 0.724466 0.598154 0.342580
vn 0.909155 0.127717 0.396391
vn 0.332544 0.138997 0.932789
vn 0.908445 -0.026612 0.417157
vn 0.590121 -0.047711 0.805904
vn 0.880889 -0.191717 0.432757
vn -0.028770 -0.003020 0.999582
vn 0.999982 0.004075 0.004343
vn -0.842165 0.205320 0.498600
vn -0.857086 0.008676 0.515100
vn 0.073486 -0.037903 0.996576
vn 0.003719 0.003565 0.999987
vn -0.237997 0.910382 0.338469
vn -0.291830 0.956461 -0.004134
vn -0.998652 0.050581 -0.011655
vn 0.055405 0.861036 0.505517
vn -0.914490 0.403658 -0.027727
vn -0.938035 0.345999 -0.019364
vn -0.991507 0.000897 -0.130049
vn -0.985989 0.111553 -0.124020
vn -0.985591 0.072450 -0.152845
vn -0.994680 -0.006232 -0.102822
vn 0.108353 0.993743 0.027094
vn 0.348185 0.935152 0.065250
vn 0.931625 0.362922 0.019013
vn 0.862050 0.503547 0.057543
vn -0.027733 -0.001240 0.999615
vn -0.012897 -0.004533 0.999907
vn -0.774157 0.006322 0.632962
vn -0.994694 0.004901 0.102756
vn -0.999868 0.007360 0.014495
vn -0.911220 0.411185 -0.024581
vn 0.162955 0.986597 0.008443
vn 0.530122 0.847788 0.015034
vn -0.039568 0.999194 0.006722
vn -0.998859 0.035799 -0.031612
vn 0.845292 0.534036 0.016942
vn 0.999748 -0.000446 0.022433
vn -0.535291 -0.010707 -0.844600
vn -0.088847 0.003250 -0.996040
vn -0.994124 0.005429 -0.108106
vn -0.984715 0.074276 -0.157539
vn -0.985266 0.004857 -0.170961
vn -0.031178 -0.021992 -0.999272
vn -0.079827 -0.009153 -0.996767
vn -0.999814 0.012411 -0.014742
vn -0.992732 0.002668 0.120319
vn -0.999542 0.001564 0.030225
vn -0.999547 0.009409 0.028597
vn -0.999908 0.013013 -0.003745
vn -0.985765 0.028632 -0.165673
vn -0.031457 -0.003721 -0.999498
vn -0.978407 0.038785 -0.203014
vn -0.184798 -0.025446 -0.982447
vn -0.958042 -0.028567 -0.285201
vn -0.645881 0.021549 -0.763134
vn -0.135202 0.238393 -0.961712
vn 0.014955 0.434756 -0.900424
vn -0.023029 0.174029 -0.984471
vn -0.033154 0.194192 -0.980403
vn -0.126696 0.508466 -0.851710
vn -0.024926 -0.015554 -0.999568
vn -0.208775 -0.006586 -0.977942
vn -0.073142 -0.018425 0.997151
vn 0.001739 -0.003497 0.999992
vn -0.998959 0.045498 0.003110
vn -0.932301 0.284871 -0.222854
vn -0.634490 0.589012 -0.500488
vn -0.216074 0.690014 -0.690791
vn -0.999901 0.006416 0.012488
vn 0.025004 0.934635 -0.354728
vn -0.053355 0.984281 -0.168360
vn -0.840394 0.007205 0.541928
vn -0.697403 -0.002414 0.716675
vn -0.890003 -0.171533 0.422459
vn -0.491181 -0.298605 0.818276
vn -0.964320 -0.249993 0.087128
vn -0.074162 -0.739636 0.668909
vn -0.618355 -0.656936 0.431361
vn -0.099052 -0.978718 0.179722
vn -0.034783 -0.309060 0.950406
vn 0.010540 -0.027470 0.999567
vn -0.006368 -0.925586 0.378484
vn -0.993986 0.006782 -0.109292
vn -0.995244 0.007148 -0.097154
vn -0.997829 -0.059102 -0.029054
vn 0.999805 -0.012739 -0.015109
vn 0.999937 -0.010941 -0.002290
vn 0.999932 0.002293 -0.011458
vn 0.996109 -0.017652 0.086349
vn 0.992570 -0.004145 0.121606
vn 0.998528 0.018135 -0.051117
vn 0.998305 -0.008542 -0.057559
vn 0.999925 -0.010324 0.006529
vn 0.999949 -0.009005 -0.004539
vn 0.999602 -0.018457 0.021322
vn -0.991089 0.011516 -0.132701
vn 0.999835 -0.011339 -0.014212
vn 0.995616 -0.005619 0.093364
vn 0.997980 -0.010367 0.062669
vn -0.998987 0.043047 0.013138
vn -0.985628 0.157670 0.060649
vn -0.494167 0.852448 0.170676
vn -0.920672 0.373570 0.113176
vn -0.011931 0.713305 -0.700752
vn -0.075893 0.798334 -0.597414
vn -0.686777 0.596637 -0.415165
vn -0.524171 0.840127 -0.139396
vn -0.901177 0.429887 -0.055462
vn -0.990818 0.005489 -0.135093
vn -0.888842 0.221917 -0.400891
vn -0.339829 0.122130 -0.932524
vn -0.055138 0.044184 -0.997501
vn 0.999894 0.011955 0.008291
vn 0.999589 0.002673 0.028549
vn 0.997558 0.051383 0.047311
vn 0.996570 0.079457 0.023111
vn 0.998546 -0.008386 0.053244
vn 0.999284 -0.013677 0.035288
vn -0.999309 0.009115 0.036024
vn -0.002764 -0.004284 0.999987
vn -0.790061 0.004621 0.613010
vn -0.906116 0.015607 0.422740
vn -0.622946 -0.053822 0.780411
vn 0.998742 -0.049810 0.005762
vn -0.988874 -0.144637 0.034750
vn 0.477672 0.124371 0.869690
vn 0.514938 -0.813316 0.270843
vn 0.313367 -0.127032 0.941097
vn 0.017087 -0.999402 0.030050
vn 0.544018 -0.839017 0.009754
vn 0.994136 0.084053 0.068035
vn 0.759545 0.120824 0.639135
vn 0.806818 0.094183 0.583244
vn 0.928074 -0.371160 0.030304
vn 0.016637 -0.988618 -0.149523
vn 0.998415 -0.055927 -0.006381
vn 0.902439 -0.424594 -0.072970
vn 0.489687 -0.856416 -0.163581
vn 0.551442 -0.822764 -0.137736
vn 0.025408 -0.030240 0.999220
vn -0.006087 -0.994275 0.106673
vn 0.052250 -0.984755 0.165915
vn 0.012275 -0.814661 0.579808
vn 0.003790 -0.481184 0.876611
vn -0.267464 -0.963564 -0.002609
vn -0.974785 -0.204113 -0.090180
vn -0.014863 -0.018254 0.999723
vn -0.635627 -0.545934 0.545834
vn -0.090030 -0.972842 0.213243
vn 0.053514 -0.104646 0.993069
vn 0.356322 0.070376 0.931709
vn 0.999016 0.023427 0.037671
vn 0.952326 -0.304941 0.009263
vn 0.725087 -0.688623 0.006960
vn 0.527414 -0.413231 0.742344
vn 0.652712 -0.049874 0.755963
vn 0.363820 -0.792400 0.489629
vn 0.062853 -0.519396 0.852219
vn 0.988417 -0.068950 0.135195
vn 0.875289 -0.398009 0.274697
vn -0.984416 0.005909 -0.175756
vn -0.998367 -0.019528 -0.053691
vn -0.120432 -0.992664 -0.010653
vn 0.838770 -0.544284 0.014845
vn -0.922814 -0.384406 -0.025427
vn 0.006576 -0.999953 -0.007146
vn -0.726976 -0.686447 -0.017186
vn 0.413079 -0.910681 0.005123
vn 0.159639 -0.987171 -0.002967
vn -0.086494 0.996249 0.002610
vn -0.912368 0.409143 -0.013643
vn -0.044483 0.998988 0.006676
vn -0.990861 0.132995 -0.022523
vn -0.998552 0.052111 -0.013333
vn 0.834569 0.550414 0.023209
vn 0.999765 0.002355 0.021544
vn -0.968222 0.246513 0.042152
vn -0.989256 0.005796 0.146077
vn -0.171810 0.984461 0.036296
vn -0.881623 0.466486 0.071632
vn -0.409113 0.655561 0.634718
vn -0.158312 0.417086 0.894973
vn 0.099348 0.970779 0.218443
vn -0.099958 0.908185 0.406459
vn 0.715929 0.510538 0.476232
vn 0.082140 0.776389 0.624879
vn 0.172149 0.460359 0.870882
vn 0.761930 0.633418 0.135074
vn 0.161526 0.986675 0.019527
vn 0.993873 0.029471 0.106530
vn -0.999759 0.001190 -0.021931
vn -0.999696 0.006824 -0.023708
vn -0.997476 0.055107 0.044765
vn -0.999903 0.001967 -0.013768
vn -0.995847 0.003640 0.090966
vn -0.999537 -0.018466 -0.024171
vn 0.095655 -0.995382 0.007978
vn -0.074915 -0.997174 -0.005713
vn 0.625918 -0.779842 0.008559
vn -0.993891 0.004968 0.110257
vn -0.999748 0.017747 0.013758
vn -0.987175 -0.152376 0.047607
vn -0.994866 0.006433 0.101000
vn -0.944789 -0.326481 0.027981
vn -0.119919 -0.990913 0.060922
vn -0.816864 -0.576701 -0.012182
vn 0.999046 -0.029311 0.032371
vn 0.932675 -0.360191 0.019474
vn -0.989821 0.003777 0.142271
vn -0.959802 -0.275034 0.055998
vn -0.140500 -0.046317 0.988997
vn -0.112448 -0.394060 0.912180
vn -0.979796 -0.091016 0.178089
vn -0.222427 -0.841792 0.491845
vn -0.013073 -0.714270 0.699748
vn 0.171795 -0.416614 0.892703
vn 0.887248 -0.409417 0.212531
vn 0.611511 -0.785446 0.095542
vn 0.066974 -0.958988 0.275420
vn 0.545478 -0.672420 0.500305
vn 0.786129 -0.215776 0.579173
vn 0.999428 -0.008390 0.032766
vn 0.999453 0.022653 0.024079
vn -0.842657 0.057632 0.535357
vn -0.998625 0.023383 0.046922
vn -0.436449 0.004372 0.899719
vn -0.098105 0.100439 0.990095
vn -0.055016 0.011501 0.998419
vn 0.211818 0.063812 0.975224
vn 0.827058 0.063598 0.558508
vn 0.805024 -0.001742 0.593240
vn 0.124630 0.004660 0.992192
vn 0.167855 0.004326 0.985802
vn -0.997918 0.006342 0.064177
vn -0.878286 0.004764 0.478111
vn -0.089783 0.006834 0.995938
vn -0.265295 0.008998 0.964125
vn -0.871574 0.014615 0.490047
vn -0.069620 0.002756 0.997570
vn -0.996448 0.004659 0.084078
vn 0.716091 -0.004599 0.697991
vn 0.878579 -0.021580 0.477109
vn 0.149994 -0.007090 0.988661
vn 0.175774 -0.117913 0.977343
vn 0.009463 -0.227759 -0.973672
vn -0.403990 0.027343 -0.914355
vn -0.035807 0.019761 -0.999163
vn -0.427321 0.335586 -0.839511
vn -0.046596 0.503953 -0.862473
vn -0.362734 0.924093 0.120318
vt 0.279761 0.836163
vt 0.277923 0.832258
vt 0.292998 0.824237
vt 0.294808 0.826790
vt 0.315945 0.811147
vt 0.286627 0.838546
vt 0.290518 0.820741
vt 0.276997 0.829097
vt 0.291211 0.816968
vt 0.306549 0.812742
vt 0.301978 0.809518
vt 0.286942 0.814964
vt 0.251022 0.866994
vt 0.247684 0.865998
vt 0.249422 0.863156
vt 0.253587 0.863320
vt 0.257865 0.869399
vt 0.263404 0.882346
vt 0.251693 0.873063
vt 0.263739 0.887689
vt 0.271554 0.887037
vt 0.249276 0.876306
vt 0.278593 0.909665
vt 0.276913 0.901560
vt 0.282241 0.908901
vt 0.284127 0.905504
vt 0.286296 0.902696
vt 0.284992 0.907795
vt 0.267372 0.905745
vt 0.275192 0.913015
vt 0.269567 0.909476
vt 0.267009 0.907918
vt 0.265738 0.909492
vt 0.268691 0.910693
vt 0.201214 0.885111
vt 0.271863 0.914543
vt 0.305076 0.914512
vt 0.280362 0.911565
vt 0.286246 0.913945
vt 0.289684 0.905202
vt 0.278017 0.913553
vt 0.288054 0.915850
vt 0.274200 0.914745
vt 0.342189 0.871211
vt 0.327403 0.885809
vt 0.290180 0.901958
vt 0.306224 0.889912
vt 0.332289 0.870281
vt 0.333715 0.884017
vt 0.314445 0.880726
vt 0.247198 0.861368
vt 0.245883 0.862842
vt 0.244233 0.865532
vt 0.243933 0.858712
vt 0.245332 0.869053
vt 0.235410 0.853302
vt 0.238277 0.851761
vt 0.248535 0.857085
vt 0.241567 0.849464
vt 0.231724 0.845601
vt 0.222828 0.839641
vt 0.233355 0.841139
vt 0.243113 0.845781
vt 0.256628 0.853858
vt 0.251852 0.860318
vt 0.262265 0.853470
vt 0.251002 0.850184
vt 0.264080 0.847001
vt 0.264506 0.849057
vt 0.247347 0.848562
vt 0.247621 0.842652
vt 0.252420 0.847518
vt 0.251264 0.841840
vt 0.230984 0.833052
vt 0.249198 0.838575
vt 0.261928 0.841327
vt 0.268215 0.841206
vt 0.259509 0.836110
vt 0.258339 0.834646
vt 0.325112 0.937821
vt 0.323898 0.934469
vt 0.326360 0.935736
vt 0.328373 0.938039
vt 0.330527 0.929910
vt 0.335861 0.928391
vt 0.219211 0.831844
vt 0.211080 0.831851
vt 0.184898 0.835515
vt 0.220150 0.827624
vt 0.206601 0.819805
vt 0.214962 0.813962
vt 0.213595 0.804183
vt 0.330840 0.942817
vt 0.331532 0.940532
vt 0.333923 0.942630
vt 0.335817 0.951253
vt 0.165533 0.889205
vt 0.337927 0.947350
vt 0.346811 0.930981
vt 0.200264 0.783220
vt 0.339460 0.954725
vt 0.338782 0.951034
vt 0.357116 0.935481
vt 0.342275 0.951572
vt 0.343590 0.954703
vt 0.360307 0.934925
vt 0.362986 0.936987
vt 0.186723 0.861329
vt 0.200776 0.881759
vt 0.193764 0.873066
vt 0.193150 0.889943
vt 0.191968 0.883236
vt 0.190821 0.886411
vt 0.309911 0.913509
vt 0.309880 0.919025
vt 0.308402 0.923341
vt 0.189716 0.888725
vt 0.309900 0.921670
vt 0.185760 0.867369
vt 0.189616 0.869222
vt 0.186934 0.864466
vt 0.183761 0.875848
vt 0.183602 0.889867
vt 0.185615 0.892473
vt 0.314731 0.923187
vt 0.315781 0.926473
vt 0.183697 0.888342
vt 0.183932 0.880399
vt 0.187007 0.884752
vt 0.174056 0.874496
vt 0.178358 0.858358
vt 0.176001 0.853482
vt 0.158784 0.837034
vt 0.168538 0.856144
vt 0.178961 0.874290
vt 0.172078 0.872188
vt 0.173861 0.869479
vt 0.163086 0.885942
vt 0.165963 0.879418
vt 0.346661 0.965785
vt 0.348832 0.971859
vt 0.350299 0.970907
vt 0.350555 0.973826
vt 0.352434 0.968687
vt 0.355590 0.970471
vt 0.376781 0.947878
vt 0.368958 0.958448
vt 0.355564 0.972787
vt 0.382015 0.949701
vt 0.171977 0.866021
vt 0.166235 0.859190
vt 0.354486 0.980742
vt 0.365327 0.971141
vt 0.270755 0.843874
vt 0.277062 0.842357
vt 0.306198 0.824787
vt 0.274310 0.819610
vt 0.351586 0.918847
vt 0.350897 0.912352
vt 0.358212 0.909608
vt 0.331545 0.923309
vt 0.327880 0.910844
vt 0.293244 0.806033
vt 0.310839 0.789939
vt 0.289224 0.761145
vt 0.365512 0.889753
vt 0.343799 0.896054
vt 0.319153 0.912491
vt 0.319509 0.905403
vt 0.313118 0.919551
vt 0.322093 0.924307
vt 0.331327 0.904599
vt 0.346787 0.890011
vt 0.330069 0.894443
vt 0.334830 0.866503
vt 0.335331 0.893078
vt 0.355614 0.873727
vt 0.318154 0.806197
vt 0.313588 0.804421
vt 0.311084 0.801357
vt 0.307450 0.798093
vt 0.322449 0.793621
vt 0.317146 0.790520
vt 0.319919 0.792879
vt 0.334262 0.794547
vt 0.339851 0.799523
vt 0.356718 0.820652
vt 0.335285 0.797461
vt 0.333194 0.792146
vt 0.331397 0.789853
vt 0.323632 0.789197
vt 0.338026 0.790744
vt 0.338218 0.794731
vt 0.340419 0.789942
vt 0.344235 0.797213
vt 0.333572 0.788282
vt 0.336723 0.786622
vt 0.339530 0.784571
vt 0.371696 0.835042
vt 0.344175 0.793641
vt 0.373726 0.828488
vt 0.355260 0.801693
vt 0.355397 0.849027
vt 0.344460 0.857642
vt 0.362534 0.844855
vt 0.388771 0.883156
vt 0.379763 0.894129
vt 0.354957 0.884869
vt 0.368278 0.875435
vt 0.388701 0.879975
vt 0.385776 0.911483
vt 0.384087 0.876101
vt 0.387899 0.873411
vt 0.361278 0.871753
vt 0.380024 0.862792
vt 0.372187 0.849713
vt 0.381381 0.870663
vt 0.385767 0.872268
vt 0.381378 0.865215
vt 0.384632 0.868160
vt 0.408628 0.878358
vt 0.415460 0.877494
vt 0.383153 0.863958
vt 0.382730 0.861576
vt 0.375906 0.740475
vt 0.381812 0.856593
vt 0.361099 0.842984
vt 0.368383 0.838638
vt 0.373600 0.837563
vt 0.372350 0.837662
vt 0.361398 0.816587
vt 0.378803 0.829284
vt 0.387057 0.848307
vt 0.382703 0.844083
vt 0.375330 0.833618
vt 0.379243 0.838223
vt 0.381115 0.840949
vt 0.380587 0.827057
vt 0.388517 0.849429
vt 0.389611 0.850595
vt 0.374645 0.742691
vt 0.373030 0.744588
vt 0.367692 0.750485
vt 0.377172 0.821310
vt 0.377884 0.817196
vt 0.365180 0.750440
vt 0.900530 0.645474
vt 0.899661 0.642310
vt 0.904335 0.640026
vt 0.843374 0.610334
vt 0.845316 0.609978
vt 0.848685 0.612720
vt 0.844760 0.608682
vt 0.848393 0.610672
vt 0.851123 0.614169
vt 0.850770 0.612507
vt 0.858051 0.594255
vt 0.856707 0.589464
vt 0.858072 0.604766
vt 0.854018 0.617255
vt 0.836077 0.619101
vt 0.841022 0.607374
vt 0.839823 0.611325
vt 0.837335 0.611246
vt 0.835535 0.617072
vt 0.856481 0.572122
vt 0.816871 0.592535
vt 0.829155 0.627162
vt 0.851950 0.617566
vt 0.855389 0.620335
vt 0.853023 0.621013
vt 0.865048 0.625614
vt 0.868728 0.629324
vt 0.864138 0.609765
vt 0.858391 0.612656
vt 0.861536 0.609884
vt 0.867946 0.598463
vt 0.886424 0.665065
vt 0.824101 0.658469
vt 0.869615 0.580458
vt 0.853726 0.587112
vt 0.878162 0.585115
vt 0.861649 0.571003
vt 0.870513 0.584758
vt 0.873993 0.588075
vt 0.867100 0.567501
vt 0.873360 0.565049
vt 0.882100 0.574393
vt 0.881256 0.565882
vt 0.874680 0.554099
vt 0.871692 0.552479
vt 0.827175 0.632717
vt 0.819887 0.639313
vt 0.819315 0.641685
vt 0.831727 0.663849
vt 0.825545 0.660883
vt 0.801701 0.584115
vt 0.796959 0.582634
vt 0.816773 0.653049
vt 0.814759 0.652306
vt 0.819179 0.656775
vt 0.798973 0.573222
vt 0.806162 0.573583
vt 0.811539 0.655933
vt 0.810729 0.665911
vt 0.846621 0.674576
vt 0.810333 0.556668
vt 0.815722 0.654842
vt 0.805458 0.667822
vt 0.829314 0.538373
vt 0.809469 0.551431
vt 0.792459 0.691761
vt 0.825222 0.533674
vt 0.819844 0.535754
vt 0.816455 0.536390
vt 0.895758 0.648935
vt 0.894192 0.640542
vt 0.897860 0.643088
vt 0.890172 0.638550
vt 0.892259 0.638312
vt 0.895143 0.639669
vt 0.907429 0.614573
vt 0.885215 0.640354
vt 0.892288 0.635782
vt 0.885747 0.637380
vt 0.881770 0.638189
vt 0.881259 0.636598
vt 0.881084 0.634182
vt 0.884440 0.636870
vt 0.903172 0.645993
vt 0.912520 0.651931
vt 0.925969 0.623186
vt 0.917116 0.626154
vt 0.932405 0.663922
vt 0.908411 0.619535
vt 0.909620 0.606190
vt 0.903137 0.604060
vt 0.901913 0.609371
vt 0.913586 0.618874
vt 0.920764 0.614095
vt 0.967685 0.627091
vt 0.942042 0.670919
vt 0.944286 0.667687
vt 0.943151 0.673893
vt 0.945767 0.671632
vt 0.923874 0.598790
vt 0.928273 0.596849
vt 0.932733 0.601849
vt 0.924398 0.590871
vt 0.932924 0.587995
vt 0.924938 0.582510
vt 0.926995 0.582765
vt 0.929613 0.585086
vt 0.931582 0.584247
vt 0.924311 0.580775
vt 0.917359 0.584692
vt 0.918529 0.578316
vt 0.945209 0.579535
vt 0.920569 0.579838
vt 0.794401 0.777745
vt 0.795014 0.776430
vt 0.816549 0.775721
vt 0.782935 0.769981
vt 0.895875 0.565085
vt 0.887523 0.567444
vt 0.889033 0.561605
vt 0.905171 0.570235
vt 0.770964 0.761907
vt 0.945827 0.596037
vt 0.959980 0.608131
vt 0.935625 0.589375
vt 0.938436 0.593067
vt 0.939775 0.591187
vt 0.935242 0.586700
vt 0.941684 0.590575
vt 0.949082 0.596579
vt 0.969448 0.608549
vt 0.963181 0.604287
vt 0.973140 0.608961
vt 0.808764 0.730426
vt 0.840806 0.668560
vt 0.855980 0.678774
vt 0.947646 0.675321
vt 0.867729 0.686495
vt 0.870428 0.689109
vt 0.867054 0.688515
vt 0.866777 0.695862
vt 0.849342 0.718720
vt 0.805163 0.726047
vt 0.954991 0.663402
vt 0.953576 0.660005
vt 0.848147 0.724706
vt 0.967739 0.636090
vt 0.972066 0.635830
vt 0.830739 0.530254
vt 0.841517 0.531039
vt 0.831897 0.525125
vt 0.779487 0.710590
vt 0.827918 0.524287
vt 0.784045 0.712996
vt 0.786572 0.716552
vt 0.780846 0.713138
vt 0.835624 0.745135
vt 0.830240 0.742666
vt 0.981575 0.616674
vt 0.976802 0.613032
vt 0.980926 0.614078
vt 0.979301 0.615768
vt 0.833029 0.746790
vt 0.833612 0.743591
vt 0.826451 0.741616
vt 0.324392 0.930705
vt 0.398033 0.207587
vt 0.392893 0.201771
vt 0.395949 0.200548
vt 0.390293 0.204186
vt 0.388108 0.198685
vt 0.389297 0.193658
vt 0.394291 0.195421
vt 0.387209 0.186906
vt 0.396748 0.191675
vt 0.374945 0.177363
vt 0.378691 0.178738
vt 0.378090 0.183441
vt 0.373109 0.180169
vt 0.384854 0.190223
vt 0.379939 0.188728
vt 0.381197 0.186560
vt 0.381010 0.183250
vt 0.377634 0.185535
vt 0.376638 0.189650
vt 0.378402 0.192043
vt 0.381858 0.179360
vt 0.372418 0.192764
vt 0.370759 0.188886
vt 0.365987 0.184725
vt 0.365645 0.179803
vt 0.383934 0.193823
vt 0.382447 0.196851
vt 0.376112 0.198989
vt 0.383595 0.202434
vt 0.375356 0.204050
vt 0.392583 0.176415
vt 0.372394 0.194576
vt 0.367729 0.190969
vt 0.368425 0.194520
vt 0.365162 0.191840
vt 0.370908 0.202066
vt 0.367433 0.200546
vt 0.365075 0.196636
vt 0.362836 0.186695
vt 0.361971 0.181650
vt 0.362097 0.197801
vt 0.358060 0.194032
vt 0.357673 0.184311
vt 0.359076 0.199185
vt 0.419667 0.092433
vt 0.422970 0.087517
vt 0.421707 0.094519
vt 0.395512 0.177435
vt 0.399308 0.192404
vt 0.377431 0.173137
vt 0.381613 0.168198
vt 0.374986 0.168804
vt 0.375322 0.167612
vt 0.376904 0.171744
vt 0.382927 0.171215
vt 0.374391 0.163518
vt 0.372873 0.165738
vt 0.376611 0.165020
vt 0.407869 0.129589
vt 0.381493 0.166078
vt 0.409133 0.132140
vt 0.410815 0.134949
vt 0.412114 0.139050
vt 0.413314 0.133240
vt 0.373866 0.173806
vt 0.368198 0.173789
vt 0.370070 0.177032
vt 0.363935 0.171083
vt 0.373157 0.172365
vt 0.363936 0.177260
vt 0.363481 0.175242
vt 0.370459 0.163192
vt 0.406317 0.126214
vt 0.406634 0.124337
vt 0.411847 0.118184
vt 0.410353 0.120872
vt 0.410371 0.123579
vt 0.409970 0.127746
vt 0.413126 0.124442
vt 0.415752 0.125716
vt 0.417996 0.119738
vt 0.389275 0.172000
vt 0.388166 0.170528
vt 0.391836 0.170819
vt 0.393776 0.170349
vt 0.413414 0.145882
vt 0.415729 0.147240
vt 0.416740 0.143755
vt 0.414126 0.137945
vt 0.418500 0.133026
vt 0.412819 0.151641
vt 0.414466 0.149321
vt 0.419023 0.150902
vt 0.419450 0.150001
vt 0.421288 0.136166
vt 0.419990 0.140998
vt 0.422946 0.127407
vt 0.426041 0.130968
vt 0.427390 0.133487
vt 0.421683 0.111873
vt 0.359889 0.178605
vt 0.415519 0.110559
vt 0.418510 0.105260
vt 0.419803 0.106526
vt 0.420650 0.110163
vt 0.424271 0.114305
vt 0.420362 0.113907
vt 0.416477 0.117018
vt 0.420518 0.120108
vt 0.426537 0.105271
vt 0.428132 0.106217
vt 0.424071 0.107623
vt 0.426111 0.109359
vt 0.427470 0.113230
vt 0.429101 0.108372
vt 0.427833 0.111474
vt 0.418150 0.098198
vt 0.417827 0.102668
vt 0.423633 0.120627
vt 0.420398 0.098343
vt 0.420276 0.101170
vt 0.426482 0.119582
vt 0.426543 0.101670
vt 0.423740 0.096328
vt 0.426388 0.092158
vt 0.428841 0.124978
vt 0.436726 0.122292
vt 0.432779 0.121186
vt 0.432643 0.111699
vt 0.432326 0.116594
vt 0.435246 0.104241
vt 0.437406 0.107923
vt 0.436055 0.106433
vt 0.428523 0.095611
vt 0.435930 0.096829
vt 0.440865 0.113201
vt 0.435908 0.115097
vt 0.443008 0.107821
vt 0.434908 0.111647
vt 0.537561 0.367150
vt 0.534800 0.368952
vt 0.533084 0.365920
vt 0.539417 0.364454
vt 0.545207 0.364557
vt 0.539529 0.367954
vt 0.532240 0.370691
vt 0.532195 0.365037
vt 0.534546 0.364833
vt 0.531426 0.362179
vt 0.536019 0.364846
vt 0.535979 0.362199
vt 0.539088 0.363313
vt 0.545678 0.363142
vt 0.542581 0.358889
vt 0.461892 0.368410
vt 0.457797 0.367216
vt 0.461770 0.362701
vt 0.458114 0.357868
vt 0.458788 0.356065
vt 0.464184 0.361004
vt 0.462739 0.357171
vt 0.454455 0.366705
vt 0.457722 0.362453
vt 0.456064 0.369973
vt 0.451823 0.369427
vt 0.454983 0.362979
vt 0.454212 0.357273
vt 0.455410 0.355026
vt 0.449753 0.366922
vt 0.446647 0.364568
vt 0.446128 0.358840
vt 0.536734 0.371523
vt 0.533220 0.374562
vt 0.527946 0.362461
vt 0.525201 0.360797
vt 0.523852 0.361925
vt 0.524822 0.357188
vt 0.529432 0.360510
vt 0.525924 0.352974
vt 0.520762 0.358851
vt 0.474365 0.355648
vt 0.471460 0.352944
vt 0.473530 0.352875
vt 0.476298 0.357442
vt 0.472834 0.368530
vt 0.479244 0.360518
vt 0.539034 0.373458
vt 0.537364 0.376003
vt 0.450467 0.372741
vt 0.456069 0.373953
vt 0.451544 0.374897
vt 0.541258 0.368646
vt 0.447588 0.368456
vt 0.447968 0.373932
vt 0.537230 0.355268
vt 0.540558 0.374490
vt 0.548246 0.372163
vt 0.448106 0.375775
vt 0.544838 0.373770
vt 0.444350 0.376032
vt 0.523058 0.353191
vt 0.524447 0.349793
vt 0.480443 0.358499
vt 0.476751 0.355356
vt 0.474062 0.349664
vt 0.480455 0.356162
vt 0.480034 0.350668
vt 0.481963 0.350985
vt 0.481849 0.348639
vt 0.521502 0.346962
vt 0.481778 0.356144
vt 0.518570 0.342397
vt 0.482787 0.352097
vt 0.516541 0.342351
vt 0.483186 0.350328
vt 0.512793 0.345652
vt 0.512097 0.343368
vt 0.546149 0.355160
vt 0.535799 0.346162
vt 0.482902 0.349099
vt 0.523524 0.344797
vt 0.520364 0.341111
vt 0.543678 0.335767
vt 0.520251 0.335401
vt 0.515395 0.332520
vt 0.548024 0.339646
vt 0.545819 0.323760
vt 0.529609 0.323342
vt 0.461005 0.353150
vt 0.469641 0.349840
vt 0.458319 0.351985
vt 0.458016 0.342960
vt 0.455953 0.351938
vt 0.452472 0.351515
vt 0.451222 0.354290
vt 0.449797 0.351479
vt 0.454870 0.344115
vt 0.452135 0.345407
vt 0.445628 0.355055
vt 0.447820 0.345526
vt 0.444858 0.352116
vt 0.442792 0.347710
vt 0.451519 0.341095
vt 0.454089 0.338746
vt 0.450428 0.337997
vt 0.441867 0.342995
vt 0.460716 0.341614
vt 0.469019 0.345496
vt 0.456299 0.333663
vt 0.458603 0.330375
vt 0.462286 0.331701
vt 0.473185 0.343168
vt 0.461811 0.320890
vt 0.464952 0.323351
vt 0.451202 0.329318
vt 0.433359 0.339984
vt 0.448570 0.332068
vt 0.442627 0.321396
vt 0.445491 0.320225
vt 0.451912 0.326140
vt 0.453280 0.319256
vt 0.444281 0.307859
vt 0.435209 0.294065
vt 0.447752 0.306857
vt 0.453164 0.314458
vt 0.446244 0.285259
vt 0.443099 0.295096
vt 0.444241 0.293012
vt 0.477466 0.345900
vt 0.474749 0.341493
vt 0.477467 0.343609
vt 0.511796 0.339720
vt 0.481502 0.340052
vt 0.485007 0.340842
vt 0.479567 0.335747
vt 0.514278 0.333209
vt 0.512816 0.334135
vt 0.510326 0.333750
vt 0.484321 0.337539
vt 0.510226 0.328942
vt 0.508026 0.330757
vt 0.517303 0.330420
vt 0.510922 0.324343
vt 0.513878 0.324985
vt 0.508637 0.323215
vt 0.507077 0.324023
vt 0.517116 0.322467
vt 0.511286 0.319537
vt 0.506993 0.317476
vt 0.503451 0.319600
vt 0.504955 0.316379
vt 0.514255 0.316058
vt 0.508326 0.310427
vt 0.484189 0.334874
vt 0.503876 0.327266
vt 0.500186 0.323319
vt 0.502944 0.324768
vt 0.500975 0.321791
vt 0.505274 0.327295
vt 0.505557 0.328724
vt 0.453494 0.280206
vt 0.465144 0.295116
vt 0.479327 0.316203
vt 0.472811 0.302467
vt 0.504384 0.306321
vt 0.496889 0.320026
vt 0.498281 0.319742
vt 0.493250 0.313004
vt 0.496690 0.309710
vt 0.501933 0.313582
vt 0.488831 0.307936
vt 0.494422 0.303789
vt 0.501278 0.305768
vt 0.497171 0.303190
vt 0.500526 0.299165
vt 0.499285 0.299301
vt 0.521482 0.318090
vt 0.527434 0.316411
vt 0.516904 0.308494
vt 0.511695 0.307204
vt 0.507923 0.299234
vt 0.502869 0.299610
vt 0.500982 0.295330
vt 0.508068 0.292988
vt 0.496589 0.297354
vt 0.493657 0.288646
vt 0.496874 0.291489
vt 0.494970 0.292159
vt 0.496221 0.288385
vt 0.493797 0.298964
vt 0.493339 0.295730
vt 0.497599 0.295100
vt 0.486468 0.285320
vt 0.484755 0.286356
vt 0.491310 0.293266
vt 0.485945 0.282351
vt 0.485155 0.276045
vt 0.489713 0.280269
vt 0.492580 0.280816
vt 0.498575 0.292846
vt 0.499871 0.292608
vt 0.503617 0.292929
vt 0.496964 0.283440
vt 0.501381 0.287948
vt 0.503292 0.280580
vt 0.497988 0.275838
vt 0.550497 0.359767
vt 0.553228 0.361112
vt 0.558471 0.357527
vt 0.443573 0.359382
vt 0.550374 0.364456
vt 0.445048 0.368406
vt 0.440706 0.371671
vt 0.553793 0.362417
vt 0.553910 0.370045
vt 0.442696 0.365111
vt 0.439099 0.367753
vt 0.441090 0.360832
vt 0.440895 0.357149
vt 0.436228 0.360052
vt 0.434591 0.369262
vt 0.435762 0.372369
vt 0.432935 0.362022
vt 0.552370 0.349244
vt 0.549310 0.345248
vt 0.558835 0.351769
vt 0.564366 0.355864
vt 0.568984 0.354833
vt 0.570609 0.351562
vt 0.555676 0.345652
vt 0.563471 0.343460
vt 0.565503 0.349143
vt 0.567441 0.338466
vt 0.558529 0.334997
vt 0.441772 0.377116
vt 0.436701 0.379299
vt 0.438167 0.375110
vt 0.439961 0.377407
vt 0.436796 0.377897
vt 0.559023 0.367237
vt 0.432627 0.375970
vt 0.432110 0.380621
vt 0.431275 0.379623
vt 0.431850 0.371736
vt 0.427185 0.375188
vt 0.566934 0.356683
vt 0.427846 0.381232
vt 0.427186 0.380736
vt 0.422861 0.385919
vt 0.423980 0.382637
vt 0.422052 0.382611
vt 0.421056 0.383695
vt 0.413865 0.383781
vt 0.415441 0.379361
vt 0.427564 0.366614
vt 0.428581 0.360069
vt 0.422643 0.360461
vt 0.574997 0.353171
vt 0.567953 0.344153
vt 0.576173 0.342200
vt 0.579590 0.349291
vt 0.581326 0.350326
vt 0.581405 0.346309
vt 0.587651 0.347511
vt 0.589704 0.348082
vt 0.584125 0.361265
vt 0.579852 0.363072
vt 0.580973 0.358077
vt 0.412079 0.389161
vt 0.581086 0.331958
vt 0.576957 0.357278
vt 0.583579 0.352213
vt 0.587836 0.353646
vt 0.591459 0.342557
vt 0.586636 0.357754
vt 0.587785 0.356290
vt 0.584512 0.335107
vt 0.408782 0.390062
vt 0.408700 0.390760
vt 0.404540 0.388724
vt 0.590367 0.355719
vt 0.594120 0.351720
vt 0.569815 0.358828
vt 0.572483 0.354958
vt 0.573972 0.363803
vt 0.578714 0.352875
vt 0.386838 0.375633
vt 0.418914 0.384117
vt 0.418322 0.385199
vt 0.415364 0.386949
vt 0.416488 0.387324
vt 0.402333 0.386174
vt 0.376341 0.390193
vt 0.550770 0.330828
vt 0.570997 0.326621
vt 0.566337 0.322249
vt 0.558211 0.318718
vt 0.547069 0.315784
vt 0.571075 0.332105
vt 0.589777 0.322507
vt 0.581869 0.317894
vt 0.568150 0.314566
vt 0.556333 0.311464
vt 0.563661 0.308686
vt 0.572861 0.312421
vt 0.563525 0.301452
vt 0.573786 0.304740
vt 0.579143 0.309638
vt 0.590276 0.350045
vt 0.597759 0.344055
vt 0.598502 0.345865
vt 0.595137 0.352534
vt 0.599757 0.349126
vt 0.603002 0.348578
vt 0.600381 0.339045
vt 0.602345 0.342820
vt 0.602394 0.343843
vt 0.598540 0.329812
vt 0.598840 0.336165
vt 0.608803 0.344799
vt 0.606733 0.334135
vt 0.606579 0.337380
vt 0.604579 0.341522
vt 0.611401 0.340585
vt 0.610981 0.339123
vt 0.615065 0.332933
vt 0.618394 0.337349
vt 0.593934 0.326250
vt 0.606074 0.325036
vt 0.601039 0.325406
vt 0.603407 0.322946
vt 0.604245 0.330617
vt 0.593456 0.319005
vt 0.590424 0.314281
vt 0.599696 0.319252
vt 0.606709 0.322560
vt 0.606733 0.318053
vt 0.598914 0.310010
vt 0.602786 0.310052
vt 0.583803 0.308778
vt 0.590386 0.306160
vt 0.612594 0.326956
vt 0.615513 0.328902
vt 0.609884 0.324977
vt 0.611311 0.322212
vt 0.617875 0.323234
vt 0.616222 0.342670
vt 0.624618 0.331950
vt 0.617417 0.341401
vt 0.621870 0.327011
vt 0.621411 0.321013
vt 0.626430 0.321892
vt 0.632445 0.322506
vt 0.632885 0.326140
vt 0.622053 0.337502
vt 0.626306 0.338454
vt 0.625352 0.336189
vt 0.630343 0.333547
vt 0.628987 0.336380
vt 0.630188 0.339076
vt 0.615888 0.319097
vt 0.611016 0.316237
vt 0.621266 0.313209
vt 0.624416 0.317443
vt 0.629552 0.312204
vt 0.628756 0.308986
vt 0.356537 0.390972
vt 0.354858 0.387349
vt 0.391561 0.368638
vt 0.353546 0.374664
vt 0.378744 0.365706
vt 0.357605 0.377274
vt 0.352909 0.384234
vt 0.442508 0.355076
vt 0.439183 0.349778
vt 0.436550 0.353427
vt 0.430224 0.354931
vt 0.436056 0.345305
vt 0.422633 0.356627
vt 0.426889 0.347783
vt 0.429759 0.341782
vt 0.414586 0.305651
vt 0.425840 0.345334
vt 0.426304 0.340213
vt 0.400656 0.281203
vt 0.403567 0.302985
vt 0.421101 0.341458
vt 0.412465 0.241642
vt 0.423013 0.275682
vt 0.422498 0.256989
vt 0.438986 0.288483
vt 0.428571 0.242064
vt 0.436811 0.277765
vt 0.431118 0.269806
vt 0.431968 0.267511
vt 0.461121 0.279058
vt 0.445844 0.254169
vt 0.403639 0.314189
vt 0.385527 0.269089
vt 0.398719 0.259103
vt 0.423087 0.352032
vt 0.419247 0.355342
vt 0.419286 0.348527
vt 0.422063 0.344745
vt 0.419410 0.343721
vt 0.416151 0.346342
vt 0.414248 0.335384
vt 0.478921 0.309014
vt 0.483431 0.305501
vt 0.485348 0.303059
vt 0.783279 0.013813
vt 0.780017 0.010053
vt 0.480071 0.303803
vt 0.482537 0.303414
vt 0.482628 0.300449
vt 0.481855 0.296452
vt 0.416443 0.351490
vt 0.409485 0.352213
vt 0.529504 0.313022
vt 0.536275 0.306214
vt 0.528214 0.301559
vt 0.533117 0.296423
vt 0.542714 0.304160
vt 0.540187 0.299390
vt 0.545515 0.292289
vt 0.523355 0.291082
vt 0.517511 0.282295
vt 0.530442 0.287413
vt 0.551899 0.308329
vt 0.550862 0.304911
vt 0.550425 0.296770
vt 0.556604 0.294327
vt 0.546392 0.297862
vt 0.569309 0.299526
vt 0.565288 0.290668
vt 0.554840 0.281469
vt 0.551283 0.274817
vt 0.536175 0.277538
vt 0.535658 0.262936
vt 0.521732 0.265404
vt 0.472608 0.291237
vt 0.467375 0.286407
vt 0.472622 0.284485
vt 0.469321 0.279916
vt 0.476391 0.281647
vt 0.474840 0.294276
vt 0.472146 0.288337
vt 0.467771 0.281653
vt 0.474808 0.290580
vt 0.475767 0.289399
vt 0.470927 0.284778
vt 0.468520 0.281073
vt 0.475365 0.286776
vt 0.781137 0.010889
vt 0.782012 0.011298
vt 0.478231 0.300081
vt 0.781579 0.009528
vt 0.477397 0.297261
vt 0.476089 0.295310
vt 0.485115 0.293513
vt 0.481132 0.288608
vt 0.480850 0.292704
vt 0.481350 0.294686
vt 0.469485 0.271058
vt 0.475847 0.297032
vt 0.475719 0.296567
vt 0.478881 0.293643
vt 0.480067 0.293510
vt 0.480727 0.295845
vt 0.478234 0.269139
vt 0.469028 0.264604
vt 0.470975 0.260952
vt 0.463462 0.251709
vt 0.476487 0.259191
vt 0.463785 0.274690
vt 0.465440 0.274521
vt 0.453755 0.258153
vt 0.459593 0.265590
vt 0.459287 0.253555
vt 0.481918 0.268586
vt 0.487393 0.271989
vt 0.488968 0.265617
vt 0.482264 0.264033
vt 0.483475 0.257080
vt 0.491956 0.264136
vt 0.507357 0.282394
vt 0.504835 0.269095
vt 0.498776 0.265968
vt 0.489216 0.248323
vt 0.499805 0.259826
vt 0.486856 0.250881
vt 0.480456 0.242137
vt 0.502730 0.247071
vt 0.519849 0.254532
vt 0.514257 0.250150
vt 0.513605 0.239481
vt 0.526700 0.248556
vt 0.531276 0.240200
vt 0.503430 0.237627
vt 0.330142 0.324566
vt 0.547071 0.252370
vt 0.596010 0.304260
vt 0.584602 0.299758
vt 0.575297 0.296191
vt 0.589530 0.298101
vt 0.601680 0.301282
vt 0.597341 0.294911
vt 0.582339 0.293140
vt 0.592058 0.287147
vt 0.610228 0.303985
vt 0.607546 0.298925
vt 0.613471 0.296834
vt 0.619015 0.304560
vt 0.625358 0.301919
vt 0.621389 0.293319
vt 0.608864 0.291253
vt 0.604720 0.283660
vt 0.599917 0.276089
vt 0.616495 0.286218
vt 0.613096 0.279387
vt 0.605851 0.270701
vt 0.573293 0.287465
vt 0.585626 0.278543
vt 0.579856 0.268664
vt 0.553786 0.266436
vt 0.575349 0.262579
vt 0.569431 0.256070
vt 0.571869 0.238140
vt 0.593507 0.270463
vt 0.599169 0.259954
vt 0.591653 0.261896
vt 0.594196 0.247715
vt 0.581653 0.245818
vt 0.604386 0.229832
vt 0.549330 0.226344
vt 0.522638 0.217211
vt 0.562559 0.228908
vt 0.571945 0.221123
vt 0.543328 0.211275
vt 0.555541 0.218000
vt 0.557490 0.207208
vt 0.541719 0.200334
vt 0.422324 0.249326
vt 0.427959 0.257406
vt 0.417510 0.233782
vt 0.424870 0.239018
vt 0.390911 0.250894
vt 0.411880 0.225897
vt 0.414796 0.231954
vt 0.398249 0.218838
vt 0.453407 0.242843
vt 0.452107 0.231188
vt 0.450919 0.249850
vt 0.446941 0.226906
vt 0.447742 0.233085
vt 0.449282 0.211289
vt 0.455924 0.228892
vt 0.443058 0.209733
vt 0.441483 0.232720
vt 0.444473 0.236359
vt 0.425806 0.220282
vt 0.431307 0.223389
vt 0.435283 0.220788
vt 0.436932 0.222290
vt 0.440009 0.217028
vt 0.433427 0.215522
vt 0.439202 0.210991
vt 0.404276 0.212048
vt 0.408919 0.218853
vt 0.405865 0.210816
vt 0.405396 0.206584
vt 0.401857 0.202823
vt 0.408016 0.202612
vt 0.410290 0.201262
vt 0.412671 0.210932
vt 0.415215 0.213239
vt 0.415018 0.207301
vt 0.416327 0.197347
vt 0.417812 0.191735
vt 0.424912 0.202836
vt 0.405353 0.192629
vt 0.399104 0.186319
vt 0.400073 0.180440
vt 0.396920 0.180415
vt 0.429566 0.175926
vt 0.430908 0.177667
vt 0.429755 0.185515
vt 0.427646 0.173408
vt 0.427164 0.178039
vt 0.431307 0.174684
vt 0.406675 0.190128
vt 0.426459 0.187870
vt 0.425561 0.183816
vt 0.419205 0.186004
vt 0.420810 0.189430
vt 0.425997 0.175561
vt 0.425291 0.172877
vt 0.420978 0.176534
vt 0.417585 0.181102
vt 0.420262 0.174003
vt 0.416174 0.177803
vt 0.460235 0.222110
vt 0.448608 0.202948
vt 0.426691 0.212401
vt 0.433090 0.205013
vt 0.431885 0.196812
vt 0.435944 0.199669
vt 0.438889 0.197987
vt 0.440225 0.192477
vt 0.432678 0.216621
vt 0.429272 0.209704
vt 0.428306 0.205890
vt 0.426126 0.200778
vt 0.426690 0.194241
vt 0.426435 0.203055
vt 0.422309 0.194923
vt 0.424936 0.200046
vt 0.422946 0.194700
vt 0.451818 0.198858
vt 0.442948 0.189278
vt 0.459898 0.212336
vt 0.433502 0.185340
vt 0.436360 0.183070
vt 0.438536 0.182362
vt 0.450883 0.191073
vt 0.433297 0.176650
vt 0.436631 0.175591
vt 0.420310 0.191223
vt 0.439976 0.167803
vt 0.447146 0.176863
vt 0.441021 0.160513
vt 0.456142 0.173283
vt 0.452577 0.185538
vt 0.461954 0.183288
vt 0.383073 0.225866
vt 0.378262 0.228722
vt 0.380862 0.251294
vt 0.368325 0.226300
vt 0.361627 0.219455
vt 0.376907 0.211810
vt 0.377050 0.207937
vt 0.372410 0.213122
vt 0.370869 0.216396
vt 0.367205 0.213256
vt 0.366125 0.208868
vt 0.367061 0.218257
vt 0.408769 0.178804
vt 0.403756 0.185633
vt 0.371398 0.206666
vt 0.361828 0.202461
vt 0.418799 0.187925
vt 0.417499 0.186350
vt 0.417667 0.184203
vt 0.415541 0.177937
vt 0.410629 0.177775
vt 0.416811 0.180553
vt 0.416386 0.174441
vt 0.363809 0.215843
vt 0.361606 0.211380
vt 0.358580 0.215397
vt 0.362650 0.217748
vt 0.354343 0.218377
vt 0.328098 0.222699
vt 0.355304 0.211572
vt 0.319770 0.235867
vt 0.357615 0.206038
vt 0.356537 0.201087
vt 0.359732 0.209218
vt 0.426883 0.086848
vt 0.354069 0.205107
vt 0.327753 0.220222
vt 0.438459 0.084164
vt 0.453420 0.161546
vt 0.467800 0.164858
vt 0.472228 0.157167
vt 0.457484 0.150610
vt 0.467398 0.252259
vt 0.466322 0.243926
vt 0.473305 0.246967
vt 0.463175 0.232578
vt 0.470666 0.234102
vt 0.482755 0.235384
vt 0.467679 0.225387
vt 0.472686 0.220384
vt 0.481209 0.220675
vt 0.468021 0.212997
vt 0.474321 0.203456
vt 0.486375 0.208006
vt 0.483109 0.199233
vt 0.488352 0.229688
vt 0.494054 0.223606
vt 0.503376 0.222538
vt 0.503767 0.209395
vt 0.461883 0.202054
vt 0.459326 0.193839
vt 0.465116 0.190826
vt 0.467496 0.196902
vt 0.476564 0.194445
vt 0.524954 0.203092
vt 0.516695 0.195401
vt 0.495650 0.202483
vt 0.495273 0.185941
vt 0.535185 0.191001
vt 0.516486 0.172765
vt 0.504350 0.176662
vt 0.472021 0.178520
vt 0.483613 0.179896
vt 0.494350 0.168949
vt 0.475475 0.169661
vt 0.477815 0.150218
vt 0.473520 0.145243
vt 0.486089 0.161100
vt 0.491643 0.148056
vt 0.485774 0.139863
vt 0.495237 0.161058
vt 0.508433 0.145261
vt 0.507969 0.161109
vt 0.418050 0.155949
vt 0.415848 0.156074
vt 0.414998 0.160486
vt 0.412965 0.155853
vt 0.420921 0.166159
vt 0.414014 0.164384
vt 0.419997 0.168982
vt 0.422592 0.163953
vt 0.423186 0.157925
vt 0.428402 0.171194
vt 0.429728 0.170843
vt 0.432045 0.170767
vt 0.426800 0.165130
vt 0.424816 0.155657
vt 0.429259 0.165418
vt 0.433351 0.161714
vt 0.396864 0.174459
vt 0.399264 0.175456
vt 0.401591 0.179229
vt 0.404521 0.176536
vt 0.401359 0.174970
vt 0.413009 0.165405
vt 0.407482 0.176741
vt 0.426445 0.149595
vt 0.432022 0.134929
vt 0.434740 0.142536
vt 0.415215 0.174124
vt 0.434276 0.152742
vt 0.443915 0.148940
vt 0.443793 0.140825
vt 0.437957 0.125688
vt 0.436666 0.131616
vt 0.441279 0.130982
vt 0.426812 0.094740
vt 0.433911 0.092732
vt 0.431725 0.094610
vt 0.432747 0.090254
vt 0.437388 0.088445
vt 0.437593 0.094152
vt 0.444877 0.117753
vt 0.452303 0.121540
vt 0.448198 0.137501
vt 0.449229 0.131217
vt 0.457609 0.124668
vt 0.462606 0.133060
vt 0.458226 0.142845
vt 0.474474 0.137821
vt 0.878181 0.555344
vt 0.877895 0.553163
vt 0.874364 0.551505
vt 0.870050 0.549253
vt 0.877762 0.550195
vt 0.869962 0.546537
vt 0.864861 0.546120
vt 0.593330 0.706772
vt 0.567197 0.712744
vt 0.587242 0.705246
vt 0.852820 0.538020
vt 0.648754 0.710005
vt 0.639814 0.688675
vt 0.642902 0.687195
vt 0.636080 0.687604
vt 0.636449 0.682934
vt 0.639557 0.683224
vt 0.696997 0.718994
vt 0.628352 0.686963
vt 0.634672 0.677915
vt 0.632968 0.691447
vt 0.637027 0.690066
vt 0.624808 0.690841
vt 0.646634 0.725927
vt 0.620243 0.695541
vt 0.608926 0.693183
vt 0.645786 0.712709
vt 0.693502 0.717953
vt 0.700050 0.719320
vt 0.714313 0.746203
vt 0.626184 0.668658
vt 0.616077 0.677190
vt 0.620904 0.672901
vt 0.630879 0.661033
vt 0.624362 0.667872
vt 0.624101 0.663680
vt 0.621443 0.669599
vt 0.617567 0.661013
vt 0.616060 0.667437
vt 0.612261 0.660783
vt 0.610859 0.670343
vt 0.712241 0.748130
vt 0.708938 0.749175
vt 0.628972 0.658895
vt 0.626270 0.662682
vt 0.626588 0.656621
vt 0.619512 0.656566
vt 0.631925 0.650217
vt 0.629727 0.650723
vt 0.611142 0.648208
vt 0.651521 0.728769
vt 0.658676 0.731667
vt 0.660320 0.736813
vt 0.671552 0.761008
vt 0.605716 0.661700
vt 0.604941 0.655859
vt 0.606324 0.652495
vt 0.599147 0.657321
vt 0.603099 0.654220
vt 0.608176 0.651205
vt 0.605884 0.650452
vt 0.607760 0.646301
vt 0.599213 0.655768
vt 0.599598 0.654547
vt 0.605903 0.647766
vt 0.595019 0.699882
vt 0.579870 0.701801
vt 0.593293 0.685518
vt 0.609517 0.678692
vt 0.566690 0.709520
vt 0.559765 0.699251
vt 0.571740 0.691632
vt 0.589482 0.685001
vt 0.583218 0.685502
vt 0.591133 0.677896
vt 0.567708 0.685477
vt 0.613726 0.675944
vt 0.615332 0.673375
vt 0.601080 0.678981
vt 0.588492 0.664188
vt 0.585059 0.660626
vt 0.564379 0.671542
vt 0.592441 0.657154
vt 0.593845 0.643666
vt 0.573232 0.663478
vt 0.566226 0.644591
vt 0.579481 0.672151
vt 0.572389 0.665650
vt 0.881035 0.558423
vt 0.884420 0.558460
vt 0.881562 0.554886
vt 0.884749 0.555926
vt 0.885629 0.557896
vt 0.890638 0.561387
vt 0.888824 0.559852
vt 0.765184 0.759101
vt 0.894394 0.563155
vt 0.553583 0.734417
vt 0.552030 0.717595
vt 0.560070 0.710571
vt 0.543975 0.711087
vt 0.551293 0.714077
vt 0.548510 0.719083
vt 0.547193 0.716968
vt 0.547889 0.714801
vt 0.544924 0.714745
vt 0.544047 0.716750
vt 0.545075 0.719947
vt 0.537039 0.712919
vt 0.858009 0.538661
vt 0.842639 0.529729
vt 0.834354 0.525121
vt 0.776004 0.712718
vt 0.563896 0.692699
vt 0.561154 0.696308
vt 0.552928 0.698112
vt 0.551224 0.692903
vt 0.553452 0.696071
vt 0.550294 0.680675
vt 0.547092 0.689822
vt 0.548057 0.699117
vt 0.546875 0.701833
vt 0.543568 0.699052
vt 0.547475 0.697431
vt 0.536937 0.701095
vt 0.519737 0.705175
vt 0.542018 0.718590
vt 0.520753 0.697501
vt 0.527356 0.697024
vt 0.542246 0.696894
vt 0.537564 0.698811
vt 0.537315 0.697247
vt 0.538075 0.687446
vt 0.544411 0.686894
vt 0.540696 0.685289
vt 0.531141 0.695851
vt 0.528289 0.691602
vt 0.529488 0.673554
vt 0.519465 0.692066
vt 0.515381 0.692644
vt 0.517285 0.687587
vt 0.507823 0.687331
vt 0.514707 0.707455
vt 0.499850 0.706364
vt 0.503882 0.692471
vt 0.491328 0.698729
vt 0.505707 0.688948
vt 0.503676 0.684474
vt 0.509076 0.681607
vt 0.503878 0.678575
vt 0.501548 0.687120
vt 0.484681 0.700600
vt 0.510962 0.750080
vt 0.483185 0.704651
vt 0.639840 0.731669
vt 0.599628 0.742713
vt 0.648134 0.731736
vt 0.653532 0.732519
vt 0.649253 0.734374
vt 0.644253 0.735647
vt 0.629589 0.736746
vt 0.656795 0.735901
vt 0.654250 0.737713
vt 0.650542 0.739649
vt 0.669437 0.764930
vt 0.663587 0.759197
vt 0.620563 0.741978
vt 0.638225 0.736729
vt 0.632970 0.741131
vt 0.620072 0.756779
vt 0.613967 0.747669
vt 0.601066 0.745326
vt 0.601476 0.748611
vt 0.559996 0.752618
vt 0.570355 0.752607
vt 0.586305 0.748683
vt 0.586840 0.750801
vt 0.585993 0.754859
vt 0.570362 0.756240
vt 0.560191 0.670902
vt 0.559525 0.669811
vt 0.553156 0.655825
vt 0.572182 0.769818
vt 0.607654 0.790190
vt 0.547732 0.729975
vt 0.544682 0.732232
vt 0.546911 0.741147
vt 0.551112 0.751584
vt 0.544128 0.746863
vt 0.554412 0.674761
vt 0.546053 0.679241
vt 0.552659 0.673441
vt 0.548115 0.676670
vt 0.546299 0.675686
vt 0.538413 0.677355
vt 0.541365 0.678095
vt 0.560071 0.758226
vt 0.556889 0.755022
vt 0.551360 0.755760
vt 0.553537 0.758337
vt 0.552514 0.762664
vt 0.564347 0.761054
vt 0.553364 0.769811
vt 0.542634 0.755944
vt 0.548592 0.754317
vt 0.546033 0.755797
vt 0.548716 0.758621
vt 0.546572 0.760251
vt 0.549881 0.767393
vt 0.541869 0.758277
vt 0.548610 0.780331
vt 0.541693 0.665222
vt 0.537492 0.672938
vt 0.528335 0.658393
vt 0.530887 0.670879
vt 0.543630 0.676322
vt 0.539400 0.675886
vt 0.530834 0.668447
vt 0.526731 0.665019
vt 0.526642 0.667958
vt 0.523566 0.664905
vt 0.523391 0.661604
vt 0.556906 0.796453
vt 0.552657 0.791502
vt 0.495110 0.749949
vt 0.516561 0.666010
vt 0.543879 0.678346
vt 0.518198 0.662090
vt 0.440128 0.104378
vt 0.442444 0.099542
vt 0.444015 0.101206
vt 0.444149 0.106372
vt 0.444986 0.103911
vt 0.445743 0.101732
vt 0.641223 0.356881
vt 0.645735 0.362920
vt 0.646945 0.368641
vt 0.634872 0.328549
vt 0.639990 0.324423
vt 0.637678 0.331108
vt 0.638107 0.322556
vt 0.632295 0.337245
vt 0.634956 0.339276
vt 0.635486 0.343204
vt 0.632280 0.341177
vt 0.640883 0.328990
vt 0.644144 0.325611
vt 0.640578 0.332369
vt 0.642327 0.330599
vt 0.643885 0.334067
vt 0.646491 0.344324
vt 0.649893 0.353684
vt 0.646048 0.338853
vt 0.651305 0.338471
vt 0.631029 0.319270
vt 0.639188 0.310688
vt 0.639192 0.314508
vt 0.639501 0.318115
vt 0.632442 0.307428
vt 0.646645 0.319244
vt 0.649735 0.321135
vt 0.655320 0.317042
vt 0.651289 0.322550
vt 0.644790 0.327994
vt 0.646808 0.311824
vt 0.644820 0.310261
vt 0.657560 0.310791
vt 0.653511 0.326653
vt 0.633646 0.344043
vt 0.351867 0.390314
vt 0.635444 0.347793
vt 0.637230 0.351092
vt 0.635088 0.350858
vt 0.349296 0.387133
vt 0.345054 0.386713
vt 0.639038 0.355118
vt 0.346415 0.380183
vt 0.343716 0.378245
vt 0.344341 0.385500
vt 0.343653 0.384193
vt 0.656391 0.383584
vt 0.630233 0.357502
vt 0.632044 0.361029
vt 0.648318 0.343018
vt 0.650155 0.341781
vt 0.342099 0.390683
vt 0.631246 0.354145
vt 0.920102 0.013247
vt 0.337700 0.391348
vt 0.641897 0.363326
vt 0.636214 0.357322
vt 0.635256 0.361048
vt 0.635770 0.367661
vt 0.632850 0.364506
vt 0.636122 0.371294
vt 0.334839 0.387541
vt 0.329100 0.385701
vt 0.661294 0.313004
vt 0.663483 0.314444
vt 0.305556 0.413599
vt 0.301178 0.411579
vt 0.295623 0.410326
vt 0.283354 0.408615
vt 0.314145 0.393317
vt 0.313468 0.315617
vt 0.681943 0.446695
vt 0.681294 0.448735
vt 0.678334 0.440817
vt 0.645739 0.368756
vt 0.648917 0.377197
vt 0.639726 0.376623
vt 0.652371 0.381736
vt 0.650654 0.383358
vt 0.657543 0.390489
vt 0.656528 0.391909
vt 0.638912 0.377631
vt 0.640456 0.382930
vt 0.642179 0.382790
vt 0.646062 0.395019
vt 0.646604 0.391293
vt 0.643017 0.386139
vt 0.645821 0.392253
vt 0.674944 0.412288
vt 0.665775 0.406134
vt 0.669672 0.396207
vt 0.659326 0.397968
vt 0.655274 0.403649
vt 0.654431 0.411478
vt 0.649402 0.398889
vt 0.663062 0.402164
vt 0.662086 0.403376
vt 0.661017 0.405448
vt 0.653105 0.405529
vt 0.656094 0.412343
vt 0.270004 0.258458
vt 0.664128 0.408326
vt 0.666983 0.412464
vt 0.667456 0.415667
vt 0.669231 0.415504
vt 0.669867 0.418691
vt 0.672557 0.422022
vt 0.671705 0.423001
vt 0.676178 0.433377
vt 0.671646 0.425370
vt 0.666796 0.423669
vt 0.660162 0.418076
vt 0.669481 0.429993
vt 0.661534 0.430750
vt 0.659597 0.419991
vt 0.664425 0.429990
vt 0.664827 0.433968
vt 0.318263 0.301721
vt 0.310189 0.279906
vt 0.680128 0.439178
vt 0.674835 0.432600
vt 0.671747 0.430825
vt 0.684899 0.446921
vt 0.668668 0.439659
vt 0.672473 0.447196
vt 0.275408 0.407560
vt 0.211352 0.356940
vt 0.667195 0.442317
vt 0.670292 0.445337
vt 0.670900 0.449439
vt 0.673113 0.450163
vt 0.679436 0.454371
vt 0.673368 0.453030
vt 0.188916 0.309923
vt 0.197661 0.335870
vt 0.191499 0.339519
vt 0.187723 0.317062
vt 0.174580 0.300328
vt 0.183324 0.326000
vt 0.180201 0.299551
vt 0.644431 0.306141
vt 0.652435 0.305254
vt 0.647098 0.296238
vt 0.653420 0.299069
vt 0.657677 0.306355
vt 0.658627 0.303318
vt 0.667623 0.303218
vt 0.670161 0.307796
vt 0.674532 0.307736
vt 0.668286 0.299121
vt 0.674223 0.299773
vt 0.652554 0.291000
vt 0.662652 0.292692
vt 0.678689 0.293448
vt 0.664732 0.282951
vt 0.638286 0.305581
vt 0.631226 0.297353
vt 0.636474 0.300947
vt 0.642475 0.300327
vt 0.639977 0.291460
vt 0.632139 0.288823
vt 0.623936 0.283711
vt 0.629415 0.280336
vt 0.645064 0.290534
vt 0.640363 0.282372
vt 0.649392 0.285039
vt 0.643693 0.269782
vt 0.621831 0.270028
vt 0.631233 0.269731
vt 0.632800 0.256777
vt 0.619758 0.259407
vt 0.659746 0.276277
vt 0.650821 0.275620
vt 0.656685 0.263398
vt 0.659831 0.268964
vt 0.672634 0.254109
vt 0.643953 0.261316
vt 0.644975 0.251238
vt 0.631227 0.247730
vt 0.657036 0.253263
vt 0.304826 0.429426
vt 0.679330 0.301527
vt 0.684934 0.297755
vt 0.687905 0.299119
vt 0.298954 0.434084
vt 0.291194 0.439649
vt 0.272108 0.444217
vt 0.680135 0.296955
vt 0.686389 0.293831
vt 0.692297 0.290235
vt 0.697269 0.290017
vt 0.699196 0.292974
vt 0.689306 0.291397
vt 0.690091 0.288216
vt 0.694197 0.286297
vt 0.697942 0.287794
vt 0.682829 0.284487
vt 0.266733 0.449580
vt 0.281342 0.445576
vt 0.703772 0.286727
vt 0.704365 0.289046
vt 0.280124 0.449021
vt 0.272028 0.452268
vt 0.679992 0.275756
vt 0.670829 0.272931
vt 0.693361 0.284599
vt 0.686281 0.280783
vt 0.697113 0.278460
vt 0.684122 0.273259
vt 0.692743 0.273371
vt 0.680614 0.266036
vt 0.686926 0.256710
vt 0.697096 0.281944
vt 0.701639 0.282042
vt 0.706873 0.286537
vt 0.703814 0.284604
vt 0.701318 0.278492
vt 0.707583 0.278291
vt 0.710770 0.278490
vt 0.708450 0.282531
vt 0.279929 0.452731
vt 0.276547 0.457661
vt 0.273798 0.457710
vt 0.271261 0.456637
vt 0.716376 0.275723
vt 0.715012 0.274520
vt 0.716363 0.279054
vt 0.271191 0.462238
vt 0.268291 0.461010
vt 0.718454 0.279385
vt 0.273721 0.471996
vt 0.275535 0.471847
vt 0.275393 0.472782
vt 0.274649 0.474809
vt 0.274108 0.474333
vt 0.274214 0.471298
vt 0.273084 0.472911
vt 0.270932 0.471217
vt 0.272252 0.468477
vt 0.272159 0.475093
vt 0.268613 0.474252
vt 0.704519 0.273330
vt 0.706953 0.274448
vt 0.700561 0.259980
vt 0.718671 0.272074
vt 0.721151 0.276199
vt 0.714605 0.268164
vt 0.718403 0.268744
vt 0.714276 0.260373
vt 0.717063 0.264973
vt 0.271294 0.477254
vt 0.266903 0.427404
vt 0.675376 0.260896
vt 0.655236 0.243075
vt 0.710626 0.256535
vt 0.697401 0.251165
vt 0.705656 0.245877
vt 0.679839 0.250929
vt 0.667302 0.247629
vt 0.673889 0.245257
vt 0.662468 0.240134
vt 0.641448 0.228890
vt 0.666831 0.233631
vt 0.650909 0.222663
vt 0.677719 0.238584
vt 0.660864 0.222409
vt 0.691210 0.244449
vt 0.683649 0.233187
vt 0.696095 0.244166
vt 0.698124 0.234516
vt 0.694761 0.226963
vt 0.678394 0.224366
vt 0.672593 0.216999
vt 0.690321 0.220437
vt 0.681176 0.208297
vt 0.605297 0.255901
vt 0.613594 0.247095
vt 0.598890 0.218447
vt 0.618809 0.214778
vt 0.567203 0.202920
vt 0.580984 0.204059
vt 0.559394 0.187858
vt 0.573678 0.187614
vt 0.592473 0.209255
vt 0.592451 0.199534
vt 0.603108 0.203904
vt 0.608407 0.209725
vt 0.617766 0.203401
vt 0.609406 0.198493
vt 0.599265 0.191824
vt 0.587261 0.189881
vt 0.588353 0.179279
vt 0.604546 0.170666
vt 0.618140 0.174321
vt 0.612185 0.157338
vt 0.635444 0.210161
vt 0.648043 0.204985
vt 0.664125 0.200534
vt 0.634122 0.189742
vt 0.653455 0.187119
vt 0.635249 0.169922
vt 0.621256 0.158227
vt 0.635762 0.148435
vt 0.246064 0.437588
vt 0.246292 0.432651
vt 0.232057 0.451698
vt 0.234634 0.449827
vt 0.235215 0.451509
vt 0.231897 0.448354
vt 0.239853 0.450802
vt 0.235479 0.446014
vt 0.237954 0.442436
vt 0.240122 0.446135
vt 0.233077 0.446238
vt 0.232136 0.442316
vt 0.234224 0.438831
vt 0.239456 0.438204
vt 0.230918 0.440433
vt 0.234058 0.434986
vt 0.229988 0.435518
vt 0.238741 0.461429
vt 0.256555 0.455819
vt 0.257290 0.459371
vt 0.245306 0.458179
vt 0.249895 0.462921
vt 0.720670 0.266029
vt 0.727563 0.265930
vt 0.725938 0.265384
vt 0.264295 0.459714
vt 0.265231 0.462962
vt 0.266614 0.464872
vt 0.257389 0.462378
vt 0.260911 0.464987
vt 0.256422 0.465834
vt 0.262520 0.467506
vt 0.267711 0.470811
vt 0.248257 0.455369
vt 0.248988 0.451385
vt 0.724603 0.270075
vt 0.720859 0.280246
vt 0.269726 0.465873
vt 0.721246 0.279157
vt 0.270184 0.468000
vt 0.761056 0.232826
vt 0.266698 0.468691
vt 0.754903 0.234827
vt 0.262828 0.470131
vt 0.266151 0.470060
vt 0.258617 0.469207
vt 0.264492 0.471438
vt 0.255195 0.471357
vt 0.751816 0.240160
vt 0.748207 0.243874
vt 0.747074 0.239628
vt 0.269285 0.476510
vt 0.751973 0.230062
vt 0.265653 0.478829
vt 0.754873 0.229415
vt 0.264409 0.478496
vt 0.260886 0.476597
vt 0.256179 0.477242
vt 0.751516 0.227090
vt 0.263400 0.481383
vt 0.262629 0.482988
vt 0.259386 0.481690
vt 0.261643 0.483571
vt 0.262885 0.483630
vt 0.262545 0.483511
vt 0.260293 0.485135
vt 0.739385 0.229056
vt 0.749762 0.225365
vt 0.748879 0.224333
vt 0.747770 0.223915
vt 0.249050 0.465330
vt 0.252043 0.468112
vt 0.252571 0.470282
vt 0.246413 0.468872
vt 0.244238 0.470749
vt 0.252785 0.481071
vt 0.252959 0.477385
vt 0.257943 0.486057
vt 0.241870 0.476983
vt 0.250094 0.481363
vt 0.245691 0.480710
vt 0.243808 0.454995
vt 0.239200 0.457868
vt 0.240056 0.454003
vt 0.231902 0.457200
vt 0.234722 0.454233
vt 0.230255 0.454544
vt 0.227426 0.461528
vt 0.239498 0.464755
vt 0.233596 0.466254
vt 0.221327 0.463871
vt 0.226073 0.468704
vt 0.221614 0.466188
vt 0.245167 0.450347
vt 0.243060 0.450944
vt 0.241836 0.441905
vt 0.241220 0.432925
vt 0.236165 0.432079
vt 0.228830 0.432617
vt 0.228146 0.429990
vt 0.240012 0.479946
vt 0.215686 0.469058
vt 0.246588 0.429242
vt 0.244498 0.424524
vt 0.238375 0.419069
vt 0.222242 0.387904
vt 0.215872 0.378155
vt 0.243269 0.421777
vt 0.261467 0.486999
vt 0.261192 0.488833
vt 0.260790 0.486401
vt 0.746774 0.222386
vt 0.261781 0.489245
vt 0.261381 0.490973
vt 0.259007 0.490597
vt 0.261256 0.492179
vt 0.743434 0.215830
vt 0.251854 0.487172
vt 0.262316 0.491693
vt 0.262234 0.492758
vt 0.744910 0.215106
vt 0.745625 0.215147
vt 0.745826 0.216642
vt 0.261288 0.493072
vt 0.261871 0.493201
vt 0.259539 0.495042
vt 0.260069 0.495370
vt 0.259714 0.495782
vt 0.743855 0.212694
vt 0.744532 0.212593
vt 0.257457 0.496167
vt 0.252990 0.490358
vt 0.258713 0.496702
vt 0.744207 0.211853
vt 0.744492 0.211236
vt 0.742918 0.212575
vt 0.917918 0.040056
vt 0.918265 0.039686
vt 0.918299 0.040159
vt 0.257776 0.497031
vt 0.741614 0.212500
vt 0.743411 0.211598
vt 0.743837 0.211024
vt 0.743092 0.211074
vt 0.743114 0.210910
vt 0.742888 0.211684
vt 0.917723 0.039701
vt 0.742988 0.210933
vt 0.742382 0.210714
vt 0.103657 0.500379
vt 0.103540 0.499770
vt 0.104292 0.500520
vt 0.102328 0.499766
vt 0.101956 0.498751
vt 0.102921 0.499555
vt 0.101740 0.499412
vt 0.739491 0.209470
vt 0.100684 0.497566
vt 0.101013 0.498684
vt 0.101066 0.496532
vt 0.106415 0.498010
vt 0.103709 0.498879
vt 0.740113 0.209943
vt 0.099916 0.489669
vt 0.100333 0.496223
vt 0.738187 0.211642
vt 0.736101 0.203467
vt 0.839936 0.040718
vt 0.840046 0.039686
vt 0.840793 0.040914
vt 0.097554 0.492058
vt 0.840978 0.040586
vt 0.099174 0.492958
vt 0.960643 0.010448
vt 0.960628 0.009234
vt 0.961528 0.010578
vt 0.961234 0.010817
vt 0.961915 0.010028
vt 0.962062 0.010988
vt 0.098220 0.495653
vt 0.098260 0.496354
vt 0.098892 0.494568
vt 0.097571 0.494051
vt 0.096978 0.493284
vt 0.097181 0.493843
vt 0.899208 0.012338
vt 0.897251 0.010645
vt 0.899654 0.012024
vt 0.898553 0.012046
vt 0.899213 0.011340
vt 0.090617 0.484169
vt 0.091200 0.483645
vt 0.091625 0.485106
vt 0.804189 0.015877
vt 0.898928 0.012570
vt 0.897847 0.012391
vt 0.091883 0.484462
vt 0.092392 0.485058
vt 0.092275 0.485601
vt 0.092825 0.485549
vt 0.094805 0.484238
vt 0.898526 0.010697
vt 0.091801 0.484514
vt 0.091839 0.484327
vt 0.803950 0.014745
vt 0.897141 0.012597
vt 0.805368 0.013965
vt 0.092422 0.482901
vt 0.090272 0.477977
vt 0.804030 0.014539
vt 0.804340 0.014525
vt 0.094920 0.490836
vt 0.094910 0.490117
vt 0.095603 0.490750
vt 0.095074 0.489288
vt 0.096152 0.489357
vt 0.096740 0.488788
vt 0.096510 0.491933
vt 0.096483 0.490810
vt 0.097394 0.491913
vt 0.095939 0.491074
vt 0.800825 0.039749
vt 0.737633 0.197230
vt 0.737809 0.196022
vt 0.097256 0.491048
vt 0.942149 0.011125
vt 0.942159 0.010886
vt 0.735747 0.198418
vt 0.737183 0.198841
vt 0.780017 0.039686
vt 0.780416 0.040479
vt 0.093466 0.489125
vt 0.094062 0.488806
vt 0.094449 0.489631
vt 0.738253 0.196120
vt 0.093743 0.486813
vt 0.736615 0.193171
vt 0.733389 0.192604
vt 0.735409 0.191822
vt 0.733721 0.198792
vt 0.727598 0.190739
vt 0.092401 0.485751
vt 0.735814 0.192095
vt 0.086597 0.479297
vt 0.086405 0.478246
vt 0.087199 0.479125
vt 0.897695 0.011565
vt 0.897661 0.011711
vt 0.896459 0.010638
vt 0.898060 0.010083
vt 0.735264 0.184473
vt 0.734683 0.184826
vt 0.734516 0.184255
vt 0.896968 0.011905
vt 0.896313 0.012137
vt 0.896517 0.012591
vt 0.894935 0.009337
vt 0.087807 0.480481
vt 0.087774 0.479764
vt 0.734159 0.182628
vt 0.088828 0.479869
vt 0.733669 0.184690
vt 0.734606 0.182703
vt 0.729973 0.180708
vt 0.085219 0.477992
vt 0.085624 0.476981
vt 0.085727 0.478708
vt 0.086079 0.474819
vt 0.733884 0.177733
vt 0.734262 0.177322
vt 0.734122 0.177954
vt 0.732891 0.176839
vt 0.084428 0.474508
vt 0.084712 0.475841
vt 0.729385 0.177007
vt 0.733145 0.178338
vt 0.242015 0.428358
vt 0.238301 0.428181
vt 0.240324 0.423449
vt 0.236957 0.418944
vt 0.233839 0.425045
vt 0.237454 0.422896
vt 0.234325 0.419869
vt 0.230520 0.421779
vt 0.230324 0.425796
vt 0.224097 0.425272
vt 0.227200 0.420103
vt 0.220450 0.400337
vt 0.110759 0.485426
vt 0.099452 0.478365
vt 0.102233 0.478053
vt 0.731087 0.185173
vt 0.084400 0.472414
vt 0.727001 0.175168
vt 0.086253 0.461758
vt 0.100124 0.470908
vt 0.722080 0.178088
vt 0.110837 0.471979
vt 0.101029 0.460622
vt 0.095453 0.455491
vt 0.229559 0.450211
vt 0.227289 0.453084
vt 0.224457 0.451328
vt 0.228002 0.442909
vt 0.222504 0.445814
vt 0.220957 0.449106
vt 0.227508 0.440285
vt 0.222711 0.442753
vt 0.222130 0.440882
vt 0.224702 0.435402
vt 0.220084 0.445712
vt 0.219721 0.443158
vt 0.226345 0.455882
vt 0.223828 0.453855
vt 0.221534 0.452782
vt 0.222037 0.455323
vt 0.226354 0.457469
vt 0.223926 0.456818
vt 0.217341 0.464840
vt 0.219634 0.453536
vt 0.218722 0.450570
vt 0.219038 0.447792
vt 0.219514 0.456222
vt 0.217687 0.451107
vt 0.211820 0.465352
vt 0.209250 0.464073
vt 0.213470 0.450706
vt 0.223529 0.433657
vt 0.220432 0.430953
vt 0.217121 0.438565
vt 0.213691 0.438229
vt 0.217396 0.445359
vt 0.217211 0.447858
vt 0.217028 0.440657
vt 0.213682 0.442406
vt 0.213631 0.445653
vt 0.210104 0.444070
vt 0.211651 0.435440
vt 0.208643 0.433184
vt 0.210003 0.439158
vt 0.206919 0.439597
vt 0.203777 0.442697
vt 0.198835 0.466335
vt 0.202724 0.434376
vt 0.204475 0.432200
vt 0.217231 0.401318
vt 0.196429 0.404922
vt 0.204076 0.382384
vt 0.194578 0.411597
vt 0.183827 0.383935
vt 0.119059 0.468120
vt 0.110594 0.451843
vt 0.102678 0.448331
vt 0.114177 0.453504
vt 0.196480 0.420511
vt 0.192194 0.420327
vt 0.161679 0.444557
vt 0.185631 0.400059
vt 0.724949 0.263718
vt 0.723843 0.262461
vt 0.728166 0.262594
vt 0.728128 0.259895
vt 0.726269 0.261338
vt 0.730198 0.261962
vt 0.729524 0.259173
vt 0.731564 0.258916
vt 0.731955 0.257243
vt 0.730220 0.255068
vt 0.744521 0.247201
vt 0.734989 0.258618
vt 0.742679 0.246230
vt 0.736708 0.251487
vt 0.733761 0.255820
vt 0.735971 0.255280
vt 0.733939 0.252417
vt 0.737039 0.254926
vt 0.735173 0.246776
vt 0.735740 0.254081
vt 0.736678 0.253361
vt 0.734973 0.251255
vt 0.734197 0.248787
vt 0.732366 0.248083
vt 0.719883 0.262328
vt 0.722741 0.258935
vt 0.714675 0.255465
vt 0.720738 0.258633
vt 0.725157 0.259232
vt 0.726290 0.254765
vt 0.716915 0.254083
vt 0.721995 0.252100
vt 0.718660 0.253307
vt 0.727350 0.252025
vt 0.725866 0.249488
vt 0.717684 0.249266
vt 0.742887 0.232419
vt 0.714783 0.249840
vt 0.711430 0.247098
vt 0.712682 0.246219
vt 0.707691 0.239559
vt 0.741376 0.243491
vt 0.737086 0.236300
vt 0.732828 0.239674
vt 0.739656 0.222908
vt 0.252016 0.484026
vt 0.249116 0.485544
vt 0.246199 0.485183
vt 0.250952 0.493073
vt 0.730918 0.225849
vt 0.716502 0.244845
vt 0.722447 0.245252
vt 0.713585 0.240246
vt 0.722003 0.241266
vt 0.715872 0.234939
vt 0.732474 0.245350
vt 0.729327 0.237862
vt 0.730311 0.232491
vt 0.726922 0.231173
vt 0.715351 0.229451
vt 0.721568 0.230626
vt 0.724856 0.231972
vt 0.242166 0.483631
vt 0.244135 0.486016
vt 0.245575 0.489198
vt 0.246423 0.493345
vt 0.240140 0.487051
vt 0.244277 0.493139
vt 0.234125 0.487188
vt 0.223578 0.482794
vt 0.223666 0.478999
vt 0.222421 0.474996
vt 0.219143 0.479927
vt 0.217015 0.483668
vt 0.129023 0.495172
vt 0.125504 0.495323
vt 0.230109 0.484396
vt 0.226477 0.487497
vt 0.223149 0.485742
vt 0.220151 0.487922
vt 0.131833 0.490982
vt 0.214711 0.487141
vt 0.741349 0.214600
vt 0.740551 0.213225
vt 0.740468 0.212161
vt 0.740835 0.212772
vt 0.739916 0.212391
vt 0.253262 0.494196
vt 0.111758 0.499735
vt 0.731528 0.215639
vt 0.735517 0.210857
vt 0.109589 0.499570
vt 0.110370 0.497853
vt 0.728443 0.219598
vt 0.739936 0.211796
vt 0.701457 0.235760
vt 0.705764 0.235875
vt 0.710061 0.229693
vt 0.703845 0.232572
vt 0.699303 0.230361
vt 0.701815 0.229089
vt 0.695826 0.224545
vt 0.699572 0.225776
vt 0.710806 0.226250
vt 0.719135 0.223853
vt 0.713805 0.222565
vt 0.715617 0.218287
vt 0.708792 0.222374
vt 0.698258 0.219296
vt 0.708418 0.220286
vt 0.702895 0.212492
vt 0.696836 0.220381
vt 0.693497 0.216019
vt 0.694462 0.215596
vt 0.685557 0.208549
vt 0.696369 0.205689
vt 0.691744 0.210165
vt 0.687903 0.204511
vt 0.689081 0.203555
vt 0.703210 0.209872
vt 0.695349 0.199842
vt 0.114499 0.497211
vt 0.116714 0.496839
vt 0.116067 0.494710
vt 0.119058 0.494898
vt 0.123768 0.492680
vt 0.719549 0.200782
vt 0.720888 0.215885
vt 0.722223 0.198719
vt 0.128557 0.486857
vt 0.128123 0.490519
vt 0.131576 0.486097
vt 0.723625 0.223073
vt 0.721628 0.223091
vt 0.719482 0.218261
vt 0.717957 0.208315
vt 0.714003 0.214913
vt 0.716067 0.211113
vt 0.711506 0.208436
vt 0.717970 0.170910
vt 0.713710 0.191593
vt 0.704608 0.180363
vt 0.714833 0.198572
vt 0.713867 0.200295
vt 0.709906 0.193401
vt 0.701418 0.197854
vt 0.707142 0.196318
vt 0.703762 0.186446
vt 0.700673 0.187420
vt 0.710795 0.215827
vt 0.708917 0.211363
vt 0.696397 0.197224
vt 0.211312 0.468169
vt 0.213014 0.466693
vt 0.203055 0.469711
vt 0.199947 0.484094
vt 0.205139 0.479470
vt 0.133307 0.484620
vt 0.203466 0.473656
vt 0.200266 0.468925
vt 0.203441 0.485141
vt 0.209424 0.485966
vt 0.194505 0.476604
vt 0.131174 0.471332
vt 0.194051 0.474300
vt 0.190385 0.473731
vt 0.187661 0.479464
vt 0.158606 0.482108
vt 0.157606 0.484876
vt 0.162907 0.482784
vt 0.186911 0.477663
vt 0.182625 0.477312
vt 0.182176 0.484531
vt 0.177564 0.474794
vt 0.165045 0.481879
vt 0.162229 0.479939
vt 0.165214 0.478975
vt 0.162628 0.476536
vt 0.160456 0.475909
vt 0.177821 0.480009
vt 0.173476 0.478700
vt 0.169808 0.472393
vt 0.165333 0.471442
vt 0.117097 0.453120
vt 0.123832 0.470933
vt 0.117288 0.398267
vt 0.151014 0.465803
vt 0.152633 0.459312
vt 0.161028 0.471758
vt 0.165168 0.464376
vt 0.160512 0.459768
vt 0.118978 0.389567
vt 0.144550 0.446835
vt 0.160964 0.455443
vt 0.148703 0.431491
vt 0.154737 0.441192
vt 0.111071 0.378793
vt 0.148541 0.436291
vt 0.714882 0.131214
vt 0.716563 0.131875
vt 0.715641 0.132112
vt 0.716624 0.133249
vt 0.714325 0.129610
vt 0.713946 0.127526
vt 0.714908 0.132155
vt 0.082573 0.473014
vt 0.082921 0.472606
vt 0.083186 0.473328
vt 0.082211 0.471989
vt 0.081410 0.470759
vt 0.081328 0.467806
vt 0.082448 0.470831
vt 0.079260 0.469818
vt 0.078632 0.468087
vt 0.080211 0.469633
vt 0.083056 0.471276
vt 0.728997 0.168897
vt 0.730437 0.170268
vt 0.077911 0.468231
vt 0.078822 0.466122
vt 0.077827 0.466173
vt 0.078158 0.465145
vt 0.077378 0.465220
vt 0.077621 0.463913
vt 0.076729 0.463748
vt 0.728226 0.165118
vt 0.726099 0.169312
vt 0.069329 0.455913
vt 0.070513 0.456479
vt 0.070064 0.457167
vt 0.073112 0.461642
vt 0.073290 0.460168
vt 0.073532 0.461390
vt 0.072658 0.460606
vt 0.073397 0.461757
vt 0.074320 0.461550
vt 0.071746 0.459289
vt 0.073994 0.458713
vt 0.074512 0.461738
vt 0.076348 0.461998
vt 0.727326 0.161592
vt 0.074135 0.461061
vt 0.723533 0.161563
vt 0.072255 0.458815
vt 0.071364 0.457847
vt 0.723786 0.156181
vt 0.723103 0.151042
vt 0.073915 0.451872
vt 0.723903 0.164291
vt 0.721135 0.158115
vt 0.720198 0.153435
vt 0.718602 0.154065
vt 0.077709 0.444577
vt 0.087340 0.455629
vt 0.083469 0.439244
vt 0.821108 0.040762
vt 0.731171 0.174493
vt 0.082688 0.471934
vt 0.730487 0.172416
vt 0.721898 0.166764
vt 0.710988 0.156533
vt 0.091808 0.462615
vt 0.095938 0.441079
vt 0.068833 0.454270
vt 0.068737 0.453284
vt 0.068966 0.452641
vt 0.067315 0.453153
vt 0.067419 0.451072
vt 0.067744 0.453196
vt 0.723016 0.147679
vt 0.723352 0.149417
vt 0.721281 0.149190
vt 0.723618 0.149884
vt 0.064068 0.447012
vt 0.064323 0.445678
vt 0.064768 0.447330
vt 0.063817 0.446370
vt 0.065933 0.444518
vt 0.721553 0.146353
vt 0.721200 0.144911
vt 0.721246 0.144588
vt 0.721372 0.145231
vt 0.720803 0.144498
vt 0.720485 0.145366
vt 0.067447 0.447360
vt 0.721092 0.145226
vt 0.716819 0.145733
vt 0.719920 0.143346
vt 0.720405 0.143841
vt 0.720907 0.143570
vt 0.720483 0.143399
vt 0.717568 0.143549
vt 0.714767 0.144321
vt 0.717461 0.149209
vt 0.062186 0.444463
vt 0.061348 0.443590
vt 0.063041 0.443517
vt 0.062491 0.445467
vt 0.063376 0.445459
vt 0.060319 0.446158
vt 0.060441 0.445563
vt 0.060472 0.443839
vt 0.060062 0.441211
vt 0.060806 0.441178
vt 0.060766 0.441921
vt 0.061418 0.441948
vt 0.060805 0.441353
vt 0.717230 0.135708
vt 0.059759 0.444888
vt 0.063079 0.442105
vt 0.062296 0.442374
vt 0.062142 0.442142
vt 0.063310 0.438890
vt 0.717040 0.135884
vt 0.717459 0.136178
vt 0.860371 0.040368
vt 0.712463 0.136462
vt 0.717003 0.137921
vt 0.714396 0.140199
vt 0.712530 0.131672
vt 0.709964 0.132462
vt 0.056086 0.428742
vt 0.704658 0.139576
vt 0.071590 0.429455
vt 0.706197 0.148834
vt 0.702827 0.149719
vt 0.703866 0.144330
vt 0.702202 0.136211
vt 0.699217 0.140735
vt 0.713227 0.128385
vt 0.711838 0.126737
vt 0.712461 0.126208
vt 0.711254 0.125328
vt 0.711410 0.124897
vt 0.709166 0.128556
vt 0.709543 0.124163
vt 0.708714 0.121960
vt 0.709539 0.122134
vt 0.710012 0.123322
vt 0.053015 0.427003
vt 0.051463 0.426153
vt 0.051948 0.425441
vt 0.052131 0.427287
vt 0.705041 0.122167
vt 0.047686 0.417282
vt 0.048573 0.416126
vt 0.048620 0.418389
vt 0.046828 0.416674
vt 0.046015 0.416054
vt 0.050913 0.423561
vt 0.051380 0.422603
vt 0.053681 0.419088
vt 0.705173 0.116764
vt 0.706000 0.117832
vt 0.049613 0.421217
vt 0.049993 0.420219
vt 0.705192 0.117617
vt 0.703063 0.113929
vt 0.704385 0.115147
vt 0.702598 0.113806
vt 0.060604 0.411346
vt 0.699164 0.111772
vt 0.702692 0.120928
vt 0.695438 0.117332
vt 0.044201 0.412041
vt 0.044588 0.410940
vt 0.046433 0.415201
vt 0.696436 0.106784
vt 0.044211 0.411316
vt 0.043010 0.407378
vt 0.041801 0.407547
vt 0.041933 0.406967
vt 0.041795 0.406830
vt 0.040444 0.404808
vt 0.693614 0.098546
vt 0.042805 0.403207
vt 0.043157 0.410151
vt 0.692162 0.107339
vt 0.692215 0.096541
vt 0.691894 0.095296
vt 0.691398 0.097402
vt 0.706985 0.129136
vt 0.699645 0.129336
vt 0.697464 0.122478
vt 0.695350 0.127889
vt 0.693213 0.138706
vt 0.688011 0.112100
vt 0.205592 0.370410
vt 0.190564 0.350307
vt 0.180699 0.385587
vt 0.165757 0.341196
vt 0.106015 0.443546
vt 0.105531 0.436240
vt 0.099081 0.430044
vt 0.091499 0.434471
vt 0.086034 0.423919
vt 0.081744 0.413369
vt 0.091909 0.416395
vt 0.134224 0.390458
vt 0.086879 0.404742
vt 0.096424 0.417639
vt 0.084203 0.392721
vt 0.086961 0.394131
vt 0.084687 0.380926
vt 0.066224 0.409775
vt 0.074057 0.395676
vt 0.039788 0.398306
vt 0.037389 0.399368
vt 0.036092 0.395610
vt 0.685604 0.086504
vt 0.032703 0.386646
vt 0.050110 0.384818
vt 0.687425 0.097519
vt 0.684926 0.099748
vt 0.682574 0.103577
vt 0.063013 0.374736
vt 0.075173 0.381814
vt 0.071854 0.374305
vt 0.064264 0.361379
vt 0.686501 0.137774
vt 0.672282 0.123892
vt 0.682263 0.127795
vt 0.665565 0.105855
vt 0.673220 0.112701
vt 0.669908 0.117969
vt 0.661251 0.107269
vt 0.664831 0.115220
vt 0.079640 0.390653
vt 0.073084 0.370338
vt 0.677781 0.200010
vt 0.682069 0.199252
vt 0.683924 0.197832
vt 0.677939 0.192965
vt 0.673001 0.192103
vt 0.685066 0.196542
vt 0.680278 0.190624
vt 0.677769 0.186513
vt 0.669853 0.179915
vt 0.688220 0.190543
vt 0.691214 0.186878
vt 0.686963 0.185182
vt 0.684321 0.177746
vt 0.665179 0.180981
vt 0.656696 0.162875
vt 0.674811 0.180881
vt 0.670523 0.174100
vt 0.675790 0.178636
vt 0.662135 0.164601
vt 0.672260 0.174201
vt 0.668173 0.167808
vt 0.678659 0.167634
vt 0.696558 0.167678
vt 0.697176 0.188762
vt 0.692249 0.177966
vt 0.704283 0.184941
vt 0.696648 0.180689
vt 0.687935 0.177702
vt 0.690859 0.170893
vt 0.701220 0.176444
vt 0.699657 0.178765
vt 0.695309 0.173116
vt 0.692449 0.160976
vt 0.692552 0.150441
vt 0.691512 0.156278
vt 0.689339 0.156261
vt 0.689282 0.148000
vt 0.683623 0.146647
vt 0.682925 0.141045
vt 0.684949 0.173592
vt 0.684706 0.167826
vt 0.672715 0.164538
vt 0.669053 0.160623
vt 0.675424 0.161755
vt 0.673338 0.156273
vt 0.687220 0.162432
vt 0.688619 0.160817
vt 0.684869 0.164326
vt 0.680106 0.155875
vt 0.685017 0.155169
vt 0.646809 0.149980
vt 0.652872 0.150075
vt 0.664809 0.163090
vt 0.660616 0.155555
vt 0.645517 0.139204
vt 0.626164 0.139117
vt 0.629167 0.132525
vt 0.639199 0.135847
vt 0.658248 0.152009
vt 0.655112 0.146596
vt 0.655729 0.144959
vt 0.661804 0.149117
vt 0.679301 0.149253
vt 0.678518 0.137735
vt 0.668167 0.141519
vt 0.666127 0.151638
vt 0.663718 0.140577
vt 0.648010 0.140127
vt 0.651619 0.140231
vt 0.659837 0.140640
vt 0.656193 0.138439
vt 0.638597 0.125175
vt 0.649213 0.135831
vt 0.645949 0.129834
vt 0.652546 0.131884
vt 0.647580 0.122093
vt 0.661419 0.131895
vt 0.655231 0.128815
vt 0.666631 0.131606
vt 0.671461 0.130662
vt 0.660927 0.126477
vt 0.648628 0.112447
vt 0.140120 0.411770
vt 0.131238 0.402981
vt 0.133424 0.400994
vt 0.674238 0.128952
vt 0.668625 0.123822
vt 0.335480 0.277393
vt 0.330968 0.227314
vt 0.457497 0.059791
vt 0.444070 0.084988
vt 0.461905 0.073784
vt 0.452008 0.086720
vt 0.454348 0.082537
vt 0.453893 0.085058
vt 0.468654 0.073899
vt 0.458355 0.083741
vt 0.466127 0.077809
vt 0.460940 0.082442
vt 0.465995 0.080529
vt 0.462823 0.084600
vt 0.463426 0.083720
vt 0.469237 0.081505
vt 0.498252 0.063834
vt 0.481473 0.070490
vt 0.471960 0.082736
vt 0.477795 0.078103
vt 0.479259 0.082447
vt 0.485874 0.073324
vt 0.311530 0.235445
vt 0.294084 0.238177
vt 0.295633 0.242913
vt 0.490555 0.050214
vt 0.488043 0.094658
vt 0.487299 0.093017
vt 0.491528 0.088851
vt 0.490995 0.099830
vt 0.489217 0.111997
vt 0.495940 0.094555
vt 0.495813 0.103006
vt 0.497604 0.110480
vt 0.503379 0.103717
vt 0.685423 0.453312
vt 0.683395 0.452333
vt 0.688918 0.461942
vt 0.685862 0.457960
vt 0.684777 0.456303
vt 0.691680 0.466752
vt 0.678088 0.467320
vt 0.676894 0.458182
vt 0.692721 0.471650
vt 0.691558 0.471783
vt 0.688469 0.463753
vt 0.681629 0.464921
vt 0.683270 0.473744
vt 0.679342 0.464452
vt 0.679796 0.467775
vt 0.677191 0.462053
vt 0.683306 0.478313
vt 0.702428 0.486788
vt 0.703287 0.491232
vt 0.699474 0.484612
vt 0.701398 0.491551
vt 0.696464 0.477118
vt 0.696055 0.480958
vt 0.694178 0.477844
vt 0.293187 0.247202
vt 0.294957 0.247582
vt 0.301544 0.264359
vt 0.296369 0.245923
vt 0.289727 0.252937
vt 0.288262 0.248307
vt 0.689959 0.483077
vt 0.688558 0.484684
vt 0.687043 0.485207
vt 0.685814 0.495181
vt 0.698615 0.486489
vt 0.696347 0.490297
vt 0.694582 0.490145
vt 0.689602 0.490824
vt 0.690486 0.490705
vt 0.690473 0.498634
vt 0.690209 0.495016
vt 0.694180 0.492694
vt 0.695971 0.492062
vt 0.285498 0.246232
vt 0.281434 0.250012
vt 0.280557 0.255224
vt 0.282191 0.244948
vt 0.275015 0.251308
vt 0.273289 0.255519
vt 0.231047 0.264230
vt 0.266172 0.246722
vt 0.278210 0.243959
vt 0.494272 0.069806
vt 0.489566 0.078015
vt 0.480239 0.086251
vt 0.485913 0.083671
vt 0.486680 0.074793
vt 0.490407 0.072431
vt 0.490478 0.079729
vt 0.493175 0.080567
vt 0.487654 0.085353
vt 0.489366 0.086291
vt 0.496114 0.072805
vt 0.496707 0.075039
vt 0.501149 0.074295
vt 0.487179 0.045917
vt 0.494245 0.045618
vt 0.495538 0.049754
vt 0.497277 0.047610
vt 0.493077 0.041969
vt 0.500052 0.051847
vt 0.292985 0.244359
vt 0.699123 0.492219
vt 0.287054 0.245674
vt 0.285447 0.244798
vt 0.280544 0.243057
vt 0.496873 0.086052
vt 0.493455 0.084726
vt 0.496143 0.079563
vt 0.501161 0.089630
vt 0.498816 0.067589
vt 0.502851 0.066475
vt 0.501592 0.071331
vt 0.500258 0.080092
vt 0.499120 0.083921
vt 0.507439 0.074739
vt 0.506688 0.083214
vt 0.503483 0.086900
vt 0.510333 0.080835
vt 0.508217 0.085807
vt 0.504529 0.095276
vt 0.509056 0.094186
vt 0.505718 0.090274
vt 0.513320 0.085367
vt 0.516361 0.094478
vt 0.507875 0.059121
vt 0.507496 0.045391
vt 0.512462 0.059756
vt 0.693513 0.497968
vt 0.273378 0.239010
vt 0.220241 0.243656
vt 0.220420 0.261285
vt 0.257266 0.224962
vt 0.245113 0.229958
vt 0.509420 0.064029
vt 0.508111 0.067444
vt 0.510817 0.069249
vt 0.513821 0.066045
vt 0.514392 0.062819
vt 0.512831 0.078446
vt 0.518997 0.070431
vt 0.519646 0.061218
vt 0.525392 0.062642
vt 0.517712 0.065624
vt 0.521685 0.065139
vt 0.530010 0.074309
vt 0.519357 0.078496
vt 0.518976 0.082661
vt 0.520739 0.092149
vt 0.526162 0.082809
vt 0.525128 0.068854
vt 0.531250 0.056818
vt 0.529393 0.061966
vt 0.530505 0.066833
vt 0.526781 0.169613
vt 0.491865 0.127553
vt 0.497787 0.133547
vt 0.514551 0.151601
vt 0.507065 0.138264
vt 0.505318 0.130363
vt 0.494586 0.119126
vt 0.503106 0.116251
vt 0.501280 0.123630
vt 0.510128 0.108375
vt 0.508490 0.119469
vt 0.514743 0.115665
vt 0.522012 0.130886
vt 0.515320 0.123798
vt 0.524259 0.119029
vt 0.536204 0.162475
vt 0.530286 0.147367
vt 0.527679 0.136578
vt 0.547854 0.150746
vt 0.537797 0.142882
vt 0.549666 0.142660
vt 0.544745 0.135559
vt 0.540064 0.129001
vt 0.528856 0.125326
vt 0.521367 0.101309
vt 0.525822 0.108456
vt 0.520040 0.110645
vt 0.528658 0.097005
vt 0.523886 0.090687
vt 0.532233 0.115154
vt 0.533571 0.104562
vt 0.540185 0.100803
vt 0.526898 0.085650
vt 0.540772 0.091631
vt 0.532513 0.086689
vt 0.531920 0.081785
vt 0.538664 0.080194
vt 0.547859 0.075805
vt 0.548479 0.087328
vt 0.538094 0.085909
vt 0.550054 0.081323
vt 0.535167 0.122185
vt 0.540774 0.119087
vt 0.537121 0.111574
vt 0.550258 0.115311
vt 0.553374 0.104429
vt 0.555159 0.139015
vt 0.550374 0.132843
vt 0.545752 0.125958
vt 0.555991 0.121299
vt 0.565944 0.108756
vt 0.552127 0.096591
vt 0.564119 0.091742
vt 0.569299 0.097447
vt 0.446632 0.093996
vt 0.440113 0.090533
vt 0.449560 0.109765
vt 0.442484 0.092545
vt 0.449652 0.097781
vt 0.451711 0.102477
vt 0.449188 0.105674
vt 0.444448 0.088392
vt 0.454450 0.114517
vt 0.450140 0.091780
vt 0.457658 0.107402
vt 0.449674 0.099978
vt 0.453299 0.103168
vt 0.453763 0.099605
vt 0.454531 0.104344
vt 0.454243 0.097771
vt 0.457842 0.101411
vt 0.452239 0.093415
vt 0.461907 0.101759
vt 0.454327 0.091787
vt 0.458568 0.095302
vt 0.458496 0.096799
vt 0.459574 0.098425
vt 0.460490 0.100466
vt 0.457469 0.093014
vt 0.463333 0.117013
vt 0.453341 0.089745
vt 0.453135 0.088185
vt 0.466203 0.109032
vt 0.454937 0.086157
vt 0.457845 0.086972
vt 0.457162 0.088628
vt 0.459306 0.085982
vt 0.459409 0.091730
vt 0.473155 0.112246
vt 0.459699 0.087145
vt 0.460974 0.088055
vt 0.461947 0.096173
vt 0.463904 0.094930
vt 0.464484 0.099088
vt 0.463888 0.091793
vt 0.470936 0.101593
vt 0.471177 0.097503
vt 0.467360 0.095330
vt 0.471060 0.095028
vt 0.467274 0.093956
vt 0.470615 0.092743
vt 0.468115 0.091154
vt 0.466251 0.087788
vt 0.465150 0.086690
vt 0.471611 0.106661
vt 0.467332 0.089104
vt 0.469780 0.086834
vt 0.472472 0.086025
vt 0.469264 0.085913
vt 0.475491 0.100773
vt 0.478735 0.100493
vt 0.472616 0.092749
vt 0.475169 0.094499
vt 0.476227 0.094847
vt 0.476508 0.089655
vt 0.479052 0.089137
vt 0.479768 0.091220
vt 0.474778 0.086869
vt 0.478309 0.097198
vt 0.482278 0.095971
vt 0.482075 0.098601
vt 0.483577 0.090283
vt 0.467711 0.124246
vt 0.479122 0.117834
vt 0.480111 0.125581
vt 0.489163 0.121679
vt 0.485341 0.116366
vt 0.481034 0.109100
vt 0.484104 0.105518
vt 0.233977 0.230518
vt 0.246169 0.226268
vt 0.534575 0.058110
vt 0.541079 0.057432
vt 0.242846 0.224759
vt 0.246145 0.222970
vt 0.540722 0.056486
vt 0.544690 0.061111
vt 0.539085 0.053262
vt 0.542207 0.054536
vt 0.544614 0.059360
vt 0.225462 0.272754
vt 0.216913 0.267560
vt 0.234794 0.227998
vt 0.234761 0.224278
vt 0.541858 0.070128
vt 0.544128 0.050035
vt 0.547559 0.051739
vt 0.548603 0.045807
vt 0.552996 0.052006
vt 0.552619 0.055794
vt 0.556929 0.064680
vt 0.562763 0.075326
vt 0.562031 0.068139
vt 0.221749 0.234877
vt 0.231212 0.227629
vt 0.227648 0.227947
vt 0.205185 0.245718
vt 0.226719 0.226643
vt 0.547309 0.039386
vt 0.547588 0.044118
vt 0.555041 0.034249
vt 0.223143 0.230603
vt 0.222545 0.227226
vt 0.224104 0.226838
vt 0.220137 0.228166
vt 0.220986 0.226341
vt 0.222714 0.225596
vt 0.219615 0.230163
vt 0.219778 0.234348
vt 0.216517 0.227839
vt 0.200403 0.241478
vt 0.222229 0.220319
vt 0.222553 0.221097
vt 0.221138 0.222106
vt 0.222769 0.220816
vt 0.220494 0.209784
vt 0.220819 0.219852
vt 0.222969 0.218908
vt 0.221850 0.214550
vt 0.218734 0.224477
vt 0.220343 0.224768
vt 0.221310 0.224895
vt 0.216911 0.208920
vt 0.219582 0.207830
vt 0.221166 0.223537
vt 0.214094 0.207705
vt 0.551974 0.033453
vt 0.219305 0.217269
vt 0.222214 0.216364
vt 0.220765 0.216052
vt 0.216031 0.214446
vt 0.209011 0.213130
vt 0.216321 0.217176
vt 0.212085 0.211882
vt 0.213237 0.209790
vt 0.203601 0.230848
vt 0.206838 0.224860
vt 0.210823 0.219046
vt 0.210222 0.209672
vt 0.208905 0.211201
vt 0.556692 0.028088
vt 0.553304 0.049202
vt 0.553558 0.050995
vt 0.550889 0.044480
vt 0.560286 0.044784
vt 0.560569 0.050423
vt 0.561905 0.057742
vt 0.562721 0.045412
vt 0.564394 0.046022
vt 0.566173 0.053503
vt 0.565607 0.040693
vt 0.567408 0.042685
vt 0.559773 0.030078
vt 0.569639 0.064659
vt 0.566705 0.028685
vt 0.575971 0.054735
vt 0.572459 0.046776
vt 0.568603 0.081771
vt 0.576703 0.086395
vt 0.203712 0.219445
vt 0.205566 0.220118
vt 0.198275 0.226782
vt 0.200284 0.220888
vt 0.197585 0.216556
vt 0.194539 0.221663
vt 0.206681 0.214012
vt 0.205149 0.210618
vt 0.202424 0.211967
vt 0.561665 0.021650
vt 0.565296 0.019746
vt 0.202095 0.213311
vt 0.671210 0.028069
vt 0.562158 0.020076
vt 0.671594 0.026904
vt 0.671930 0.025216
vt 0.669513 0.027889
vt 0.669756 0.025708
vt 0.671003 0.024278
vt 0.578551 0.067305
vt 0.583336 0.073675
vt 0.589317 0.079045
vt 0.591902 0.060549
vt 0.591379 0.069649
vt 0.175703 0.280669
vt 0.174688 0.263607
vt 0.170658 0.261691
vt 0.182616 0.285747
vt 0.671814 0.056435
vt 0.669034 0.047330
vt 0.672802 0.055986
vt 0.667446 0.048579
vt 0.186242 0.223539
vt 0.183730 0.223615
vt 0.016659 0.362592
vt 0.018633 0.369000
vt 0.022597 0.359617
vt 0.021433 0.367032
vt 0.665483 0.056155
vt 0.662917 0.049267
vt 0.022295 0.351582
vt 0.019587 0.350334
vt 0.183594 0.283031
vt 0.182705 0.290098
vt 0.184082 0.292372
vt 0.176901 0.285984
vt 0.171152 0.285390
vt 0.177421 0.289776
vt 0.172361 0.292530
vt 0.174369 0.295554
vt 0.183719 0.296610
vt 0.180101 0.294707
vt 0.170622 0.299516
vt 0.173463 0.275019
vt 0.176658 0.241217
vt 0.173907 0.246352
vt 0.170777 0.247818
vt 0.160071 0.250032
vt 0.160185 0.251370
vt 0.166940 0.253887
vt 0.019891 0.346172
vt 0.022613 0.341558
vt 0.024542 0.346749
vt 0.025393 0.351554
vt 0.025296 0.356755
vt 0.033761 0.346256
vt 0.034247 0.338125
vt 0.035441 0.342380
vt 0.195375 0.246306
vt 0.184627 0.247792
vt 0.571258 0.039344
vt 0.572580 0.042309
vt 0.569456 0.037252
vt 0.575717 0.039433
vt 0.580884 0.043913
vt 0.579122 0.034379
vt 0.579073 0.035745
vt 0.580729 0.038715
vt 0.571896 0.026765
vt 0.575010 0.027979
vt 0.582801 0.035986
vt 0.588715 0.038705
vt 0.587256 0.035238
vt 0.586283 0.032051
vt 0.587575 0.030172
vt 0.584962 0.028263
vt 0.591767 0.032370
vt 0.178875 0.250765
vt 0.170495 0.258488
vt 0.170294 0.255077
vt 0.591901 0.029548
vt 0.592323 0.027610
vt 0.187777 0.233790
vt 0.187678 0.227026
vt 0.189800 0.222583
vt 0.567717 0.018594
vt 0.573688 0.021004
vt 0.576564 0.020514
vt 0.660203 0.040701
vt 0.667421 0.029756
vt 0.564138 0.018502
vt 0.563493 0.018997
vt 0.565002 0.017517
vt 0.563986 0.019296
vt 0.668170 0.027846
vt 0.566608 0.017067
vt 0.565822 0.016323
vt 0.187133 0.237897
vt 0.582712 0.023557
vt 0.580350 0.019660
vt 0.579873 0.009234
vt 0.582793 0.010731
vt 0.190463 0.220928
vt 0.185958 0.222173
vt 0.659203 0.045741
vt 0.664242 0.028591
vt 0.661355 0.033911
vt 0.657543 0.030859
vt 0.654559 0.038181
vt 0.182034 0.231423
vt 0.584231 0.011285
vt 0.651658 0.042041
vt 0.644595 0.040037
vt 0.644042 0.034689
vt 0.589796 0.046811
vt 0.589408 0.042765
vt 0.599300 0.035614
vt 0.588334 0.023870
vt 0.595627 0.043917
vt 0.599531 0.059057
vt 0.597714 0.048500
vt 0.600563 0.042063
vt 0.606699 0.044910
vt 0.602758 0.057819
vt 0.609608 0.049684
vt 0.179617 0.245319
vt 0.177886 0.248034
vt 0.589140 0.020409
vt 0.596425 0.015254
vt 0.594285 0.018364
vt 0.176079 0.250517
vt 0.635748 0.034094
vt 0.630332 0.027463
vt 0.626797 0.033703
vt 0.626657 0.029010
vt 0.633207 0.038340
vt 0.624871 0.033875
vt 0.595044 0.033558
vt 0.594741 0.020731
vt 0.595307 0.030500
vt 0.598727 0.030628
vt 0.595755 0.027090
vt 0.594059 0.025154
vt 0.603222 0.031658
vt 0.598841 0.021722
vt 0.601737 0.024250
vt 0.595946 0.028369
vt 0.597936 0.028097
vt 0.601007 0.028710
vt 0.600663 0.026630
vt 0.604536 0.033332
vt 0.603986 0.028548
vt 0.604210 0.037520
vt 0.605585 0.021428
vt 0.603900 0.026037
vt 0.607741 0.021966
vt 0.602573 0.017307
vt 0.599678 0.014886
vt 0.608705 0.029701
vt 0.612021 0.024658
vt 0.609560 0.023799
vt 0.610175 0.019871
vt 0.611351 0.016646
vt 0.621849 0.024244
vt 0.611827 0.020943
vt 0.616669 0.034712
vt 0.616779 0.031261
vt 0.615716 0.027598
vt 0.617020 0.026549
vt 0.620331 0.028005
vt 0.619139 0.036087
vt 0.623229 0.034993
vt 0.619029 0.028614
vt 0.621812 0.036122
vt 0.544353 0.184669
vt 0.551896 0.172778
vt 0.574095 0.170754
vt 0.552636 0.159085
vt 0.563393 0.153342
vt 0.559695 0.146479
vt 0.565485 0.160678
vt 0.574284 0.150583
vt 0.571666 0.139148
vt 0.564416 0.128639
vt 0.576973 0.136973
vt 0.591397 0.125221
vt 0.580038 0.118093
vt 0.596652 0.153889
vt 0.601705 0.142485
vt 0.612151 0.142574
vt 0.606112 0.126212
vt 0.572618 0.113483
vt 0.576776 0.102842
vt 0.582428 0.109151
vt 0.618734 0.126913
vt 0.631235 0.122313
vt 0.594998 0.110524
vt 0.609907 0.114012
vt 0.601085 0.099700
vt 0.613398 0.102874
vt 0.626742 0.114570
vt 0.630660 0.110550
vt 0.635164 0.111742
vt 0.639312 0.118050
vt 0.645263 0.114634
vt 0.632086 0.106876
vt 0.641554 0.108632
vt 0.633008 0.105980
vt 0.613010 0.095105
vt 0.625670 0.105775
vt 0.614041 0.084430
vt 0.620094 0.094981
vt 0.623369 0.100029
vt 0.629278 0.102361
vt 0.626740 0.097826
vt 0.622285 0.091290
vt 0.623331 0.090455
vt 0.629455 0.087461
vt 0.627405 0.103691
vt 0.638960 0.100555
vt 0.630719 0.100951
vt 0.635448 0.097159
vt 0.631870 0.093994
vt 0.579948 0.093451
vt 0.592598 0.096633
vt 0.600406 0.084761
vt 0.597259 0.075693
vt 0.602181 0.064759
vt 0.610524 0.084198
vt 0.606314 0.079824
vt 0.609858 0.076176
vt 0.606161 0.072422
vt 0.033259 0.391053
vt 0.030548 0.386628
vt 0.681945 0.086001
vt 0.679718 0.076256
vt 0.676333 0.068375
vt 0.676308 0.066217
vt 0.679365 0.072734
vt 0.023426 0.376286
vt 0.028281 0.380165
vt 0.023948 0.373747
vt 0.038657 0.378457
vt 0.036747 0.370904
vt 0.030967 0.362053
vt 0.665538 0.074306
vt 0.668355 0.063474
vt 0.025149 0.367778
vt 0.664680 0.064239
vt 0.659156 0.052833
vt 0.659681 0.061325
vt 0.655302 0.063244
vt 0.653286 0.062150
vt 0.654375 0.055954
vt 0.654529 0.077978
vt 0.654716 0.075566
vt 0.659406 0.080338
vt 0.645406 0.065966
vt 0.651024 0.070198
vt 0.052169 0.365133
vt 0.041347 0.359104
vt 0.049296 0.351938
vt 0.033336 0.359735
vt 0.027978 0.357948
vt 0.037705 0.352461
vt 0.041527 0.354491
vt 0.042108 0.343001
vt 0.665668 0.094699
vt 0.674153 0.093910
vt 0.660080 0.091676
vt 0.656209 0.109895
vt 0.645721 0.105976
vt 0.639795 0.092899
vt 0.652014 0.111385
vt 0.650034 0.104801
vt 0.657094 0.100721
vt 0.645752 0.098324
vt 0.660562 0.100830
vt 0.654127 0.091674
vt 0.645878 0.083390
vt 0.651146 0.094918
vt 0.618736 0.085170
vt 0.631283 0.083653
vt 0.626810 0.076666
vt 0.648695 0.075562
vt 0.648766 0.083671
vt 0.646543 0.077266
vt 0.643333 0.078035
vt 0.645028 0.075475
vt 0.637847 0.071051
vt 0.635818 0.079190
vt 0.633560 0.085381
vt 0.636867 0.083862
vt 0.642979 0.086144
vt 0.645209 0.072030
vt 0.640448 0.069000
vt 0.638900 0.070523
vt 0.606726 0.070406
vt 0.605468 0.062864
vt 0.610180 0.070785
vt 0.609029 0.059925
vt 0.654034 0.049397
vt 0.648302 0.048774
vt 0.647373 0.043347
vt 0.642932 0.047450
vt 0.611732 0.073426
vt 0.616035 0.080805
vt 0.622746 0.078628
vt 0.616508 0.066887
vt 0.617481 0.070615
vt 0.624088 0.051134
vt 0.614699 0.050159
vt 0.639322 0.055314
vt 0.643281 0.051836
vt 0.639395 0.041231
vt 0.634472 0.048922
vt 0.638767 0.047715
vt 0.632043 0.042129
vt 0.626953 0.038759
vt 0.632153 0.050781
vt 0.628921 0.047367
vt 0.626040 0.046375
vt 0.643659 0.058405
vt 0.644358 0.065286
vt 0.635695 0.053135
vt 0.637973 0.059256
vt 0.635275 0.051170
vt 0.630026 0.058704
vt 0.627958 0.054418
vt 0.630681 0.053250
vt 0.634681 0.055574
vt 0.632028 0.053856
vt 0.635522 0.059901
vt 0.625015 0.070298
vt 0.630993 0.071912
vt 0.634267 0.071043
vt 0.639194 0.066323
vt 0.636774 0.066834
vt 0.633352 0.060444
vt 0.635032 0.066811
vt 0.642385 0.124109
vt 0.167131 0.301744
vt 0.151417 0.308812
vt 0.147536 0.310797
vt 0.164726 0.348724
vt 0.159088 0.344953
vt 0.066319 0.357822
vt 0.067263 0.352157
vt 0.144970 0.312923
vt 0.138539 0.306874
vt 0.105609 0.334518
vt 0.132484 0.396266
vt 0.119360 0.376741
vt 0.128437 0.390299
vt 0.124756 0.381564
vt 0.113004 0.357831
vt 0.116643 0.367636
vt 0.107635 0.355647
vt 0.106190 0.346910
vt 0.103668 0.338492
vt 0.159007 0.279820
vt 0.159417 0.282632
vt 0.157146 0.282688
vt 0.164360 0.283591
vt 0.158778 0.286006
vt 0.156094 0.289378
vt 0.154775 0.286610
vt 0.153801 0.283561
vt 0.154511 0.277035
vt 0.150347 0.288083
vt 0.164912 0.272025
vt 0.164139 0.268495
vt 0.168605 0.267052
vt 0.165029 0.279538
vt 0.162100 0.274373
vt 0.160636 0.270133
vt 0.167501 0.265101
vt 0.156336 0.275026
vt 0.154953 0.272364
vt 0.147979 0.277557
vt 0.150825 0.274292
vt 0.152528 0.271417
vt 0.160978 0.267020
vt 0.156625 0.266037
vt 0.150600 0.269695
vt 0.146412 0.286262
vt 0.144559 0.281006
vt 0.143622 0.286360
vt 0.142753 0.277020
vt 0.148631 0.271498
vt 0.145237 0.273859
vt 0.140679 0.280917
vt 0.143068 0.269721
vt 0.141355 0.273253
vt 0.033445 0.300324
vt 0.147896 0.267969
vt 0.138939 0.279024
vt 0.035054 0.297807
vt 0.165714 0.298483
vt 0.165112 0.292958
vt 0.160958 0.297255
vt 0.170296 0.278627
vt 0.163273 0.289007
vt 0.166776 0.283554
vt 0.159517 0.293449
vt 0.152461 0.296652
vt 0.150689 0.300800
vt 0.151571 0.290482
vt 0.149289 0.304506
vt 0.160286 0.262789
vt 0.160637 0.258482
vt 0.159073 0.257357
vt 0.155224 0.255899
vt 0.154774 0.262866
vt 0.149225 0.259218
vt 0.034495 0.315830
vt 0.038713 0.327073
vt 0.042654 0.330059
vt 0.036574 0.321301
vt 0.039979 0.318647
vt 0.047472 0.321385
vt 0.049300 0.310208
vt 0.147935 0.296544
vt 0.148756 0.291777
vt 0.146385 0.300331
vt 0.146621 0.291076
vt 0.141834 0.289057
vt 0.144325 0.297231
vt 0.141607 0.295223
vt 0.137965 0.295519
vt 0.139742 0.285550
vt 0.136521 0.286214
vt 0.145458 0.304113
vt 0.142147 0.301415
vt 0.036090 0.310356
vt 0.039278 0.307998
vt 0.136876 0.281362
vt 0.124331 0.290930
vt 0.044047 0.306515
vt 0.043788 0.314481
vt 0.047175 0.310002
vt 0.037428 0.315449
vt 0.041001 0.310834
vt 0.059946 0.315846
vt 0.118735 0.297798
vt 0.045704 0.308189
vt 0.050838 0.307761
vt 0.615697 0.023540
vt 0.613986 0.017145
vt 0.618734 0.025426
vt 0.613096 0.015649
vt 0.616203 0.014576
vt 0.617437 0.024158
vt 0.616916 0.024499
vt 0.614845 0.013172
vt 0.614716 0.014130
vt 0.616578 0.015713
vt 0.614404 0.012406
vt 0.060571 0.352732
vt 0.060288 0.346887
vt 0.056142 0.350772
vt 0.055814 0.348395
vt 0.055045 0.343772
vt 0.059360 0.343573
vt 0.047587 0.346803
vt 0.049348 0.336862
vt 0.053333 0.336683
vt 0.048727 0.331964
vt 0.052825 0.331839
vt 0.054901 0.332375
vt 0.055996 0.325886
vt 0.049845 0.324458
vt 0.052015 0.327476
vt 0.057173 0.334598
vt 0.060882 0.333710
vt 0.058670 0.329404
vt 0.065841 0.329249
vt 0.055298 0.322505
vt 0.058386 0.320575
vt 0.061962 0.313410
vt 0.064776 0.311041
vt 0.061782 0.325108
vt 0.072982 0.320838
vt 0.073167 0.323524
vt 0.073283 0.325696
vt 0.074658 0.314508
vt 0.082293 0.325431
vt 0.097226 0.322825
vt 0.100730 0.316795
vt 0.074019 0.318260
vt 0.078599 0.322618
vt 0.076959 0.320019
vt 0.081731 0.317212
vt 0.078287 0.313241
vt 0.086290 0.325826
vt 0.083916 0.322830
vt 0.087788 0.324308
vt 0.089264 0.326659
vt 0.094531 0.322585
vt 0.095789 0.317970
vt 0.088718 0.320090
vt 0.092873 0.323643
vt 0.080480 0.323873
vt 0.096730 0.331720
vt 0.097256 0.328563
vt 0.689869 0.129009
vt 0.187873 0.802301
vt 0.171105 0.789606
vt 0.181627 0.790467
vt 0.194804 0.802524
vt 0.178507 0.782112
vt 0.191865 0.791552
vt 0.183598 0.781394
vt 0.161143 0.770897
vt 0.144381 0.813509
vt 0.162812 0.767510
vt 0.174161 0.772182
vt 0.184489 0.779578
vt 0.159113 0.741535
vt 0.159978 0.755678
vt 0.145816 0.743142
vt 0.150810 0.753969
vt 0.145319 0.755622
vt 0.151763 0.741371
vt 0.160708 0.737681
vt 0.115155 0.753305
vt 0.143601 0.746202
vt 0.127742 0.730855
vt 0.131361 0.731163
vt 0.107221 0.711699
vt 0.141037 0.732963
vt 0.130415 0.708649
vt 0.134314 0.707412
vt 0.116209 0.711835
vt 0.113143 0.711837
vt 0.109198 0.711112
vt 0.125237 0.716713
vt 0.126774 0.712628
vt 0.114085 0.705555
vt 0.111224 0.706857
vt 0.105750 0.710397
vt 0.108444 0.706690
vt 0.108932 0.702951
vt 0.113123 0.702077
vt 0.104237 0.706112
vt 0.094013 0.717931
vt 0.121358 0.707768
vt 0.125159 0.708480
vt 0.125680 0.704144
vt 0.129735 0.705920
vt 0.122765 0.696723
vt 0.126091 0.700954
vt 0.133437 0.704731
vt 0.131050 0.703095
vt 0.174041 0.669980
vt 0.155415 0.677799
vt 0.108586 0.696253
vt 0.112447 0.698101
vt 0.135020 0.682380
vt 0.138305 0.682207
vt 0.165188 0.652236
vt 0.137804 0.664713
vt 0.161479 0.669294
vt 0.102896 0.766272
vt 0.123276 0.793099
vt 0.100553 0.766400
vt 0.119057 0.791928
vt 0.096359 0.763960
vt 0.084729 0.768340
vt 0.104365 0.788604
vt 0.081290 0.743456
vt 0.084581 0.749477
vt 0.078610 0.743513
vt 0.088971 0.776624
vt 0.083261 0.771025
vt 0.092593 0.781540
vt 0.090453 0.756171
vt 0.080114 0.768182
vt 0.082251 0.775072
vt 0.077921 0.769982
vt 0.079158 0.747493
vt 0.072216 0.759265
vt 0.073730 0.762744
vt 0.067564 0.765077
vt 0.079131 0.776511
vt 0.094467 0.796795
vt 0.068062 0.760414
vt 0.067349 0.769523
vt 0.085067 0.728905
vt 0.091024 0.679886
vt 0.074465 0.663354
vt 0.078479 0.656930
vt 0.077272 0.739284
vt 0.075539 0.741376
vt 0.076132 0.743659
vt 0.071729 0.739850
vt 0.073394 0.743083
vt 0.069962 0.741433
vt 0.069324 0.739193
vt 0.068161 0.736637
vt 0.064327 0.737969
vt 0.075655 0.660735
vt 0.072923 0.748979
vt 0.072433 0.747386
vt 0.068874 0.756416
vt 0.066408 0.754855
vt 0.068672 0.742048
vt 0.066564 0.740550
vt 0.064451 0.742385
vt 0.063053 0.741331
vt 0.061435 0.751034
vt 0.072684 0.658492
vt 0.069586 0.759362
vt 0.066574 0.757843
vt 0.063286 0.764501
vt 0.064608 0.759175
vt 0.063624 0.758315
vt 0.060913 0.760907
vt 0.057500 0.759508
vt 0.063164 0.767884
vt 0.060079 0.763841
vt 0.060572 0.765689
vt 0.057276 0.754126
vt 0.088096 0.635974
vt 0.075922 0.656756
vt 0.091054 0.635742
vt 0.074149 0.654578
vt 0.117920 0.620593
vt 0.099038 0.638419
vt 0.135125 0.611872
vt 0.081651 0.651867
vt 0.215175 0.819997
vt 0.207298 0.816339
vt 0.210653 0.814376
vt 0.207775 0.808930
vt 0.205339 0.810242
vt 0.200168 0.801898
vt 0.248232 0.788022
vt 0.205100 0.758646
vt 0.152966 0.827210
vt 0.156915 0.843634
vt 0.163896 0.855667
vt 0.356219 0.980357
vt 0.163312 0.871597
vt 0.165000 0.868560
vt 0.160516 0.868068
vt 0.159433 0.865947
vt 0.157476 0.870014
vt 0.161222 0.863600
vt 0.162427 0.856747
vt 0.155394 0.848872
vt 0.157227 0.862663
vt 0.156658 0.865133
vt 0.144554 0.849016
vt 0.148877 0.848363
vt 0.152434 0.865337
vt 0.150332 0.858736
vt 0.158101 0.881231
vt 0.158642 0.876360
vt 0.144896 0.888106
vt 0.155515 0.868828
vt 0.152845 0.868518
vt 0.152762 0.871786
vt 0.149149 0.877832
vt 0.138183 0.879155
vt 0.155934 0.847205
vt 0.102037 0.810897
vt 0.128532 0.833349
vt 0.152555 0.843844
vt 0.147767 0.842019
vt 0.143947 0.829699
vt 0.144687 0.834496
vt 0.141508 0.818157
vt 0.130293 0.824327
vt 0.129807 0.828943
vt 0.145917 0.837286
vt 0.135504 0.826482
vt 0.135482 0.824664
vt 0.387823 0.913826
vt 0.255296 0.753342
vt 0.389010 0.669970
vt 0.394118 0.664313
vt 0.393828 0.667882
vt 0.381583 0.662453
vt 0.378759 0.662761
vt 0.387765 0.657663
vt 0.378409 0.961096
vt 0.377365 0.963430
vt 0.386078 0.955481
vt 0.137365 0.889566
vt 0.145936 0.877231
vt 0.135241 0.887579
vt 0.132180 0.903618
vt 0.387139 0.943363
vt 0.401018 0.929536
vt 0.392163 0.952674
vt 0.394726 0.948343
vt 0.394393 0.950326
vt 0.405939 0.946021
vt 0.128778 0.911006
vt 0.396597 0.950223
vt 0.125610 0.908818
vt 0.125632 0.904042
vt 0.110026 0.907961
vt 0.112928 0.909015
vt 0.114650 0.904679
vt 0.121110 0.897853
vt 0.123180 0.901900
vt 0.123404 0.899380
vt 0.116029 0.895297
vt 0.118083 0.902296
vt 0.121128 0.904285
vt 0.113821 0.899099
vt 0.102568 0.907366
vt 0.398037 0.949222
vt 0.409644 0.645573
vt 0.103553 0.906812
vt 0.107217 0.905055
vt 0.407637 0.643553
vt 0.101864 0.901151
vt 0.097358 0.902306
vt 0.100584 0.903753
vt 0.405303 0.653447
vt 0.401892 0.650829
vt 0.374265 0.632347
vt 0.400264 0.654937
vt 0.096944 0.900707
vt 0.395331 0.633874
vt 0.392487 0.640728
vt 0.097118 0.897191
vt 0.093292 0.896251
vt 0.088901 0.892773
vt 0.385439 0.636586
vt 0.108209 0.897840
vt 0.101495 0.884703
vt 0.093748 0.892190
vt 0.090329 0.876122
vt 0.049479 0.826524
vt 0.129861 0.817969
vt 0.129781 0.819877
vt 0.364733 0.646747
vt 0.379027 0.655590
vt 0.358879 0.638377
vt 0.369154 0.654498
vt 0.360362 0.645503
vt 0.218379 0.737386
vt 0.219907 0.703625
vt 0.364980 0.660930
vt 0.243789 0.724179
vt 0.280706 0.741460
vt 0.387447 0.627531
vt 0.387424 0.626097
vt 0.059308 0.842393
vt 0.087002 0.885925
vt 0.382225 0.623889
vt 0.374498 0.626287
vt 0.079917 0.883440
vt 0.080681 0.880047
vt 0.377207 0.619933
vt 0.070092 0.872881
vt 0.054338 0.841771
vt 0.356106 0.602215
vt 0.357159 0.602196
vt 0.356595 0.604302
vt 0.348381 0.634676
vt 0.071712 0.870663
vt 0.368613 0.613598
vt 0.365801 0.619508
vt 0.362126 0.618542
vt 0.357799 0.606759
vt 0.350818 0.610138
vt 0.352331 0.616302
vt 0.063495 0.865240
vt 0.062693 0.860252
vt 0.357244 0.603828
vt 0.060558 0.857541
vt 0.322957 0.785009
vt 0.325363 0.783250
vt 0.317008 0.776742
vt 0.321213 0.776428
vt 0.315461 0.787044
vt 0.318088 0.785725
vt 0.307014 0.770640
vt 0.330242 0.776671
vt 0.325968 0.761915
vt 0.307556 0.761867
vt 0.314122 0.763604
vt 0.307160 0.746935
vt 0.316303 0.755748
vt 0.281409 0.727070
vt 0.297123 0.738909
vt 0.290168 0.718955
vt 0.394954 0.888637
vt 0.399479 0.900566
vt 0.401405 0.900490
vt 0.402782 0.903068
vt 0.397289 0.909662
vt 0.407180 0.919651
vt 0.393458 0.884918
vt 0.393165 0.882692
vt 0.392442 0.879779
vt 0.397215 0.884496
vt 0.400127 0.882990
vt 0.398870 0.889963
vt 0.400616 0.889428
vt 0.401702 0.880832
vt 0.416716 0.881032
vt 0.407523 0.893920
vt 0.402210 0.898597
vt 0.404082 0.898387
vt 0.369060 0.733074
vt 0.412302 0.900968
vt 0.419211 0.901943
vt 0.412401 0.902918
vt 0.364041 0.723883
vt 0.362875 0.727219
vt 0.362300 0.720233
vt 0.278511 0.730574
vt 0.430390 0.949575
vt 0.426802 0.951978
vt 0.428188 0.948909
vt 0.386788 0.671625
vt 0.379528 0.679173
vt 0.437860 0.941845
vt 0.420933 0.947141
vt 0.424602 0.948672
vt 0.415307 0.937548
vt 0.427846 0.943407
vt 0.429018 0.934112
vt 0.435785 0.939411
vt 0.373077 0.687506
vt 0.440509 0.936061
vt 0.431205 0.923339
vt 0.443840 0.937334
vt 0.403776 0.900378
vt 0.407337 0.902498
vt 0.415721 0.909012
vt 0.416177 0.914295
vt 0.421447 0.912181
vt 0.411665 0.922231
vt 0.419897 0.908875
vt 0.419659 0.905775
vt 0.423528 0.908605
vt 0.423330 0.915278
vt 0.359626 0.721323
vt 0.343058 0.713637
vt 0.351716 0.727092
vt 0.441603 0.933714
vt 0.355658 0.699969
vt 0.362542 0.693792
vt 0.433981 0.921967
vt 0.431658 0.919892
vt 0.353225 0.703534
vt 0.411188 0.926419
vt 0.413766 0.931399
vt 0.406434 0.939663
vt 0.410573 0.938260
vt 0.408066 0.941324
vt 0.420102 0.929333
vt 0.402966 0.656899
vt 0.406152 0.656998
vt 0.405057 0.659314
vt 0.428390 0.918614
vt 0.354913 0.709964
vt 0.429326 0.921821
vt 0.353844 0.706267
vt 0.350327 0.704179
vt 0.349465 0.700689
vt 0.347061 0.704871
vt 0.362449 0.742322
vt 0.362764 0.744694
vt 0.357616 0.739641
vt 0.357108 0.733363
vt 0.354050 0.732203
vt 0.303630 0.728605
vt 0.343243 0.719449
vt 0.336109 0.707674
vt 0.319021 0.687821
vt 0.366738 0.679276
vt 0.364495 0.680865
vt 0.366122 0.689090
vt 0.356808 0.674158
vt 0.356455 0.670546
vt 0.351394 0.671740
vt 0.346479 0.672161
vt 0.288324 0.732450
vt 0.337475 0.680463
vt 0.274514 0.706410
vt 0.275745 0.702876
vt 0.355683 0.667158
vt 0.344913 0.649692
vt 0.352033 0.667786
vt 0.342532 0.654589
vt 0.341838 0.657247
vt 0.260985 0.668877
vt 0.332701 0.678707
vt 0.332214 0.682185
vt 0.334170 0.701826
vt 0.327991 0.694637
vt 0.316269 0.680209
vt 0.316222 0.643311
vt 0.317991 0.655255
vt 0.318394 0.680350
vt 0.168006 0.679968
vt 0.247850 0.697287
vt 0.353889 0.601345
vt 0.355946 0.601109
vt 0.353977 0.600562
vt 0.354113 0.603533
vt 0.059274 0.860924
vt 0.057529 0.859539
vt 0.352161 0.601814
vt 0.341493 0.600017
vt 0.055556 0.856852
vt 0.051748 0.854618
vt 0.054979 0.851501
vt 0.048076 0.849708
vt 0.340179 0.606918
vt 0.334079 0.600493
vt 0.047564 0.844961
vt 0.043525 0.846648
vt 0.345581 0.629914
vt 0.343017 0.630908
vt 0.340873 0.635008
vt 0.344599 0.627616
vt 0.339960 0.632692
vt 0.341905 0.625900
vt 0.343154 0.620687
vt 0.336759 0.615077
vt 0.329522 0.626345
vt 0.335647 0.636849
vt 0.333328 0.641361
vt 0.331149 0.640806
vt 0.348002 0.610861
vt 0.341834 0.612588
vt 0.339638 0.608924
vt 0.337883 0.610333
vt 0.332576 0.610345
vt 0.329351 0.616615
vt 0.332543 0.608289
vt 0.323799 0.615173
vt 0.325634 0.624241
vt 0.325810 0.616677
vt 0.096238 0.553024
vt 0.095430 0.549269
vt 0.097599 0.550190
vt 0.092690 0.556153
vt 0.092810 0.551937
vt 0.038647 0.839814
vt 0.036779 0.839547
vt 0.033387 0.846216
vt 0.035172 0.851321
vt 0.021572 0.833258
vt 0.109478 0.565998
vt 0.029259 0.843207
vt 0.304447 0.593507
vt 0.299248 0.595911
vt 0.302317 0.597136
vt 0.103748 0.543730
vt 0.105030 0.540087
vt 0.297284 0.600860
vt 0.299660 0.606037
vt 0.303159 0.609926
vt 0.295582 0.612292
vt 0.317476 0.611263
vt 0.321688 0.603446
vt 0.323405 0.600305
vt 0.084163 0.567102
vt 0.082057 0.570253
vt 0.081403 0.565582
vt 0.317408 0.604388
vt 0.311323 0.615369
vt 0.318933 0.622791
vt 0.322586 0.622658
vt 0.313844 0.597113
vt 0.312862 0.599465
vt 0.087530 0.568814
vt 0.302754 0.620986
vt 0.298758 0.616752
vt 0.179172 0.649012
vt 0.178470 0.646595
vt 0.190736 0.649670
vt 0.239030 0.680797
vt 0.222507 0.654079
vt 0.240301 0.675665
vt 0.236465 0.665747
vt 0.212887 0.644413
vt 0.223519 0.647324
vt 0.231268 0.654231
vt 0.217757 0.639760
vt 0.224511 0.641083
vt 0.213892 0.641890
vt 0.102357 0.555568
vt 0.113054 0.563653
vt 0.110261 0.563784
vt 0.103339 0.579527
vt 0.112560 0.567212
vt 0.115057 0.569804
vt 0.116293 0.581640
vt 0.116559 0.559766
vt 0.291073 0.605415
vt 0.113355 0.535863
vt 0.115780 0.530778
vt 0.115898 0.532816
vt 0.115693 0.535081
vt 0.118584 0.533735
vt 0.123540 0.552489
vt 0.121103 0.544622
vt 0.121480 0.557004
vt 0.121906 0.540789
vt 0.125763 0.536307
vt 0.130548 0.543523
vt 0.126330 0.546947
vt 0.126806 0.549237
vt 0.194891 0.663408
vt 0.208984 0.648290
vt 0.118866 0.559745
vt 0.125187 0.561577
vt 0.122553 0.579626
vt 0.126099 0.554444
vt 0.124397 0.548594
vt 0.127662 0.552739
vt 0.134035 0.556688
vt 0.208352 0.644206
vt 0.129542 0.556231
vt 0.132377 0.557276
vt 0.132893 0.566958
vt 0.130325 0.577245
vt 0.138112 0.558078
vt 0.134894 0.559808
vt 0.144522 0.556212
vt 0.145005 0.561174
vt 0.141390 0.565354
vt 0.140397 0.562166
vt 0.145976 0.563348
vt 0.144043 0.566646
vt 0.146274 0.568042
vt 0.131282 0.579963
vt 0.148659 0.564340
vt 0.258086 0.693423
vt 0.265469 0.701476
vt 0.267913 0.688041
vt 0.262231 0.690860
vt 0.247912 0.676971
vt 0.255241 0.679998
vt 0.250506 0.666815
vt 0.250783 0.673440
vt 0.241334 0.650833
vt 0.332729 0.646274
vt 0.323494 0.639740
vt 0.331212 0.641989
vt 0.311593 0.641860
vt 0.306285 0.642693
vt 0.305288 0.663067
vt 0.290647 0.641521
vt 0.324430 0.638291
vt 0.328912 0.639552
vt 0.322682 0.634896
vt 0.322836 0.637313
vt 0.316342 0.634423
vt 0.315176 0.637151
vt 0.316053 0.639250
vt 0.311526 0.638931
vt 0.124445 0.527863
vt 0.313918 0.631737
vt 0.305795 0.630197
vt 0.310274 0.631461
vt 0.311011 0.635683
vt 0.308227 0.636940
vt 0.308288 0.642172
vt 0.304932 0.626052
vt 0.304476 0.623280
vt 0.300245 0.621834
vt 0.135626 0.523351
vt 0.300741 0.624050
vt 0.300621 0.625935
vt 0.296587 0.627884
vt 0.297154 0.625341
vt 0.292507 0.649530
vt 0.282828 0.638637
vt 0.294761 0.649104
vt 0.280891 0.631362
vt 0.241484 0.660529
vt 0.230644 0.642143
vt 0.220880 0.633071
vt 0.223299 0.620156
vt 0.122391 0.529870
vt 0.118981 0.530941
vt 0.125257 0.530560
vt 0.131221 0.532770
vt 0.136782 0.525829
vt 0.137784 0.536680
vt 0.285278 0.606038
vt 0.293452 0.620824
vt 0.275987 0.598097
vt 0.270455 0.616023
vt 0.251300 0.598896
vt 0.271775 0.620738
vt 0.147823 0.558885
vt 0.157848 0.563684
vt 0.260152 0.602823
vt 0.258030 0.603332
vt 0.265115 0.612576
vt 0.129171 0.813655
vt 0.120552 0.810486
vt 0.125799 0.816175
vt 0.123207 0.816833
vt 0.089332 0.795185
vt 0.112150 0.800775
vt 0.112877 0.805158
vt 0.098187 0.795817
vt 0.108802 0.798809
vt 0.106874 0.799949
vt 0.106872 0.795580
vt 0.103735 0.793634
vt 0.099530 0.787557
vt 0.098452 0.792017
vt 0.087861 0.780842
vt 0.050250 0.782295
vt 0.060181 0.769883
vt 0.036347 0.832805
vt 0.032690 0.833884
vt 0.026658 0.829499
vt 0.028323 0.822542
vt 0.033136 0.812389
vt 0.055584 0.763738
vt 0.054626 0.764907
vt 0.054560 0.764634
vt 0.082968 0.632937
vt 0.053614 0.765607
vt 0.053609 0.766427
vt 0.052229 0.766405
vt 0.053856 0.766341
vt 0.084442 0.631559
vt 0.084106 0.633065
vt 0.051877 0.768250
vt 0.057032 0.763357
vt 0.055391 0.766337
vt 0.056804 0.762698
vt 0.045656 0.774709
vt 0.037738 0.787046
vt 0.088533 0.630029
vt 0.093213 0.627778
vt 0.041658 0.777082
vt 0.099103 0.622187
vt 0.102115 0.625292
vt 0.027556 0.801005
vt 0.038078 0.781190
vt 0.101659 0.619027
vt 0.033545 0.784937
vt 0.103408 0.620016
vt 0.111724 0.612839
vt 0.116928 0.613469
vt 0.024169 0.802226
vt 0.110763 0.610614
vt 0.024309 0.798456
vt 0.023369 0.793801
vt 0.117339 0.623200
vt 0.116078 0.610309
vt 0.117433 0.607333
vt 0.148734 0.598139
vt 0.020657 0.821419
vt 0.026065 0.826296
vt 0.023080 0.824897
vt 0.018960 0.821025
vt 0.011997 0.822355
vt 0.020906 0.819299
vt 0.022680 0.807865
vt 0.022719 0.804616
vt 0.015811 0.817300
vt 0.009234 0.814829
vt 0.013156 0.813282
vt 0.018157 0.810419
vt 0.018512 0.806906
vt 0.114944 0.585328
vt 0.117886 0.584256
vt 0.020227 0.796147
vt 0.021845 0.801134
vt 0.016729 0.805513
vt 0.119318 0.593362
vt 0.011051 0.811076
vt 0.011437 0.807351
vt 0.010095 0.806547
vt 0.119501 0.598384
vt 0.012224 0.805376
vt 0.012054 0.803511
vt 0.012975 0.803717
vt 0.014036 0.802155
vt 0.118663 0.606236
vt 0.117390 0.602168
vt 0.120724 0.604460
vt 0.128511 0.599089
vt 0.127643 0.594779
vt 0.126818 0.588630
vt 0.121049 0.584270
vt 0.119420 0.587575
vt 0.122135 0.586665
vt 0.132399 0.586037
vt 0.126869 0.591792
vt 0.145667 0.587178
vt 0.133357 0.599991
vt 0.133347 0.583114
vt 0.121599 0.606521
vt 0.138969 0.582689
vt 0.144736 0.577117
vt 0.160118 0.572388
vt 0.155929 0.582141
vt 0.151820 0.569370
vt 0.153515 0.571626
vt 0.165644 0.572617
vt 0.162453 0.564149
vt 0.212965 0.636482
vt 0.214994 0.634650
vt 0.206545 0.633965
vt 0.212898 0.624724
vt 0.216534 0.624720
vt 0.211918 0.620626
vt 0.209852 0.624197
vt 0.214740 0.622272
vt 0.207725 0.636602
vt 0.209981 0.640549
vt 0.206428 0.623216
vt 0.203253 0.621261
vt 0.208799 0.618022
vt 0.215597 0.619966
vt 0.220695 0.613777
vt 0.194969 0.602590
vt 0.218880 0.622817
vt 0.221656 0.618339
vt 0.230328 0.610056
vt 0.167052 0.557977
vt 0.168733 0.560011
vt 0.257011 0.599294
vt 0.188415 0.571358
vt 0.184188 0.571421
vt 0.193160 0.587458
vt 0.187673 0.589817
vt 0.175734 0.579182
vt 0.181988 0.574122
vt 0.172422 0.564942
vt 0.174498 0.565848
vt 0.173786 0.568121
vt 0.175161 0.571922
vt 0.177046 0.570116
vt 0.174869 0.576502
vt 0.177111 0.572725
vt 0.178200 0.576723
vt 0.098759 0.565889
vt 0.294299 0.607466
vt 0.639784 0.640103
vt 0.634233 0.634784
vt 0.634307 0.639244
vt 0.633114 0.628249
vt 0.631492 0.635018
vt 0.726935 0.765057
vt 0.637380 0.630025
vt 0.634976 0.630300
vt 0.635316 0.624906
vt 0.718711 0.771573
vt 0.721022 0.774566
vt 0.733119 0.757428
vt 0.725974 0.774093
vt 0.730388 0.774976
vt 0.726023 0.777535
vt 0.724805 0.776669
vt 0.632860 0.624674
vt 0.736087 0.756251
vt 0.586073 0.585894
vt 0.586901 0.588384
vt 0.587593 0.590031
vt 0.593348 0.591865
vt 0.589639 0.595980
vt 0.577907 0.589288
vt 0.581576 0.590489
vt 0.570180 0.589617
vt 0.556597 0.589812
vt 0.599523 0.569802
vt 0.593148 0.570474
vt 0.535585 0.596831
vt 0.545729 0.588512
vt 0.626833 0.642355
vt 0.610736 0.631738
vt 0.624906 0.626872
vt 0.606443 0.636263
vt 0.607905 0.637179
vt 0.608545 0.632978
vt 0.600546 0.630793
vt 0.605487 0.631621
vt 0.607436 0.628050
vt 0.609496 0.626330
vt 0.603133 0.626415
vt 0.612079 0.622798
vt 0.626658 0.622700
vt 0.620196 0.619885
vt 0.622885 0.617387
vt 0.608287 0.616609
vt 0.609105 0.619869
vt 0.607509 0.618561
vt 0.603283 0.613968
vt 0.688476 0.794949
vt 0.669996 0.778439
vt 0.662869 0.767168
vt 0.681014 0.794076
vt 0.607487 0.622089
vt 0.603334 0.616312
vt 0.659953 0.791843
vt 0.656130 0.793368
vt 0.653752 0.789865
vt 0.563396 0.598601
vt 0.553428 0.604127
vt 0.551593 0.601735
vt 0.573116 0.596233
vt 0.546427 0.629764
vt 0.579542 0.631703
vt 0.572930 0.633447
vt 0.573165 0.623262
vt 0.549338 0.633897
vt 0.562419 0.627490
vt 0.593512 0.597347
vt 0.586609 0.600341
vt 0.601098 0.609484
vt 0.584074 0.593012
vt 0.578007 0.613517
vt 0.594556 0.607153
vt 0.597753 0.612883
vt 0.591698 0.611764
vt 0.569676 0.594243
vt 0.560936 0.597214
vt 0.547453 0.584209
vt 0.584361 0.568448
vt 0.590986 0.616337
vt 0.579869 0.620012
vt 0.582533 0.617157
vt 0.589267 0.615380
vt 0.575535 0.619630
vt 0.563368 0.625039
vt 0.570842 0.623461
vt 0.549938 0.631304
vt 0.729279 0.781587
vt 0.724622 0.780214
vt 0.720557 0.779686
vt 0.722514 0.782852
vt 0.706825 0.789822
vt 0.726393 0.784198
vt 0.596417 0.565900
vt 0.596353 0.561699
vt 0.714103 0.789314
vt 0.585757 0.530228
vt 0.584389 0.538239
vt 0.689591 0.798466
vt 0.684993 0.795902
vt 0.678494 0.798048
vt 0.680303 0.796956
vt 0.664996 0.802832
vt 0.659708 0.798558
vt 0.652166 0.797113
vt 0.661000 0.803818
vt 0.683870 0.798590
vt 0.583957 0.524350
vt 0.580096 0.522144
vt 0.581697 0.527632
vt 0.579084 0.524743
vt 0.573722 0.530160
vt 0.666520 0.805419
vt 0.666297 0.808283
vt 0.665117 0.810392
vt 0.663034 0.807985
vt 0.569465 0.542362
vt 0.558402 0.547464
vt 0.561713 0.544478
vt 0.546658 0.552616
vt 0.550541 0.549014
vt 0.659745 0.819067
vt 0.661866 0.809414
vt 0.567076 0.541943
vt 0.484964 0.856620
vt 0.567396 0.536906
vt 0.567533 0.540216
vt 0.483150 0.858447
vt 0.848366 0.011032
vt 0.485620 0.862392
vt 0.488506 0.862865
vt 0.485056 0.867666
vt 0.487203 0.871531
vt 0.504203 0.859605
vt 0.492828 0.865813
vt 0.498757 0.864455
vt 0.664145 0.811237
vt 0.665208 0.831279
vt 0.666154 0.823937
vt 0.522836 0.562992
vt 0.542688 0.552993
vt 0.525195 0.846097
vt 0.521357 0.562340
vt 0.528121 0.858526
vt 0.488233 0.881200
vt 0.491315 0.888283
vt 0.674932 0.858028
vt 0.495722 0.877858
vt 0.672956 0.857048
vt 0.672508 0.870083
vt 0.534126 0.878673
vt 0.516310 0.899940
vt 0.534700 0.611393
vt 0.540715 0.606077
vt 0.534436 0.614258
vt 0.529407 0.611123
vt 0.515604 0.616850
vt 0.513710 0.619884
vt 0.507338 0.620883
vt 0.514975 0.621838
vt 0.491402 0.618064
vt 0.549477 0.639027
vt 0.544373 0.642927
vt 0.545403 0.635189
vt 0.541804 0.636746
vt 0.537560 0.638312
vt 0.539093 0.635701
vt 0.510140 0.624940
vt 0.511170 0.635747
vt 0.514439 0.628427
vt 0.518827 0.642833
vt 0.517055 0.648244
vt 0.523296 0.631865
vt 0.529096 0.641117
vt 0.521234 0.639292
vt 0.487649 0.612567
vt 0.477597 0.594912
vt 0.497962 0.575158
vt 0.497689 0.684285
vt 0.499569 0.683830
vt 0.495825 0.684645
vt 0.499939 0.682537
vt 0.507957 0.624124
vt 0.508245 0.669812
vt 0.514838 0.660948
vt 0.509493 0.638783
vt 0.509042 0.631086
vt 0.489817 0.615038
vt 0.483600 0.697868
vt 0.480575 0.702288
vt 0.485500 0.618678
vt 0.484270 0.616163
vt 0.479521 0.698425
vt 0.478994 0.615484
vt 0.481759 0.613338
vt 0.474845 0.718344
vt 0.472851 0.595519
vt 0.542676 0.851144
vt 0.572352 0.874445
vt 0.579192 0.903785
vt 0.640690 0.776802
vt 0.651261 0.792779
vt 0.620511 0.798145
vt 0.624878 0.799616
vt 0.626995 0.803484
vt 0.603132 0.805092
vt 0.592513 0.874475
vt 0.593449 0.811613
vt 0.533586 0.640683
vt 0.588149 0.805760
vt 0.520608 0.653019
vt 0.520633 0.660864
vt 0.513023 0.650117
vt 0.518176 0.657390
vt 0.515143 0.653710
vt 0.516464 0.657134
vt 0.526383 0.645048
vt 0.522341 0.645400
vt 0.519384 0.649415
vt 0.575993 0.809680
vt 0.587545 0.808865
vt 0.579344 0.810933
vt 0.559607 0.819509
vt 0.575027 0.815032
vt 0.570707 0.816001
vt 0.551984 0.840937
vt 0.501208 0.571419
vt 0.490218 0.576548
vt 0.567735 0.836554
vt 0.487802 0.579024
vt 0.560872 0.847147
vt 0.578841 0.817336
vt 0.568516 0.834706
vt 0.482296 0.570204
vt 0.482989 0.567782
vt 0.483488 0.572395
vt 0.485032 0.571346
vt 0.575986 0.828664
vt 0.828346 0.015409
vt 0.578500 0.828752
vt 0.587706 0.867235
vt 0.576301 0.824700
vt 0.571847 0.826619
vt 0.572171 0.829303
vt 0.476027 0.742709
vt 0.474234 0.729055
vt 0.554646 0.817788
vt 0.557450 0.828610
vt 0.478610 0.745820
vt 0.485247 0.575795
vt 0.468590 0.576999
vt 0.472140 0.741495
vt 0.470535 0.735796
vt 0.465507 0.578998
vt 0.574722 0.857815
vt 0.570373 0.838324
vt 0.570086 0.845957
vt 0.486457 0.575769
vt 0.478051 0.572085
vt 0.581796 0.854485
vt 0.562208 0.831350
vt 0.561018 0.834024
vt 0.469730 0.743394
vt 0.553276 0.829889
vt 0.557805 0.832079
vt 0.465822 0.575785
vt 0.565900 0.850130
vt 0.573365 0.857592
vt 0.587351 0.886930
vt 0.582442 0.892538
vt 0.589215 0.883000
vt 0.496176 0.916036
vt 0.497920 0.915699
vt 0.499982 0.897034
vt 0.503834 0.913560
vt 0.679123 0.885693
vt 0.509469 0.939197
vt 0.506447 0.941160
vt 0.505723 0.944743
vt 0.503643 0.943333
vt 0.513237 0.941779
vt 0.510896 0.948757
vt 0.495211 0.941477
vt 0.678997 0.897373
vt 0.683417 0.903512
vt 0.504995 0.947192
vt 0.507592 0.949136
vt 0.510190 0.951068
vt 0.499116 0.946410
vt 0.500518 0.952161
vt 0.682491 0.907611
vt 0.680873 0.910747
vt 0.678250 0.912731
vt 0.679146 0.906721
vt 0.678588 0.910025
vt 0.532731 0.924149
vt 0.642998 0.916466
vt 0.541815 0.932599
vt 0.568383 0.926100
vt 0.587055 0.906414
vt 0.596750 0.922143
vt 0.596698 0.911644
vt 0.548698 0.933741
vt 0.583041 0.922242
vt 0.583690 0.925605
vt 0.580392 0.935373
vt 0.604395 0.923820
vt 0.586164 0.922565
vt 0.588766 0.919861
vt 0.591508 0.925926
vt 0.599633 0.916682
vt 0.588982 0.931575
vt 0.590194 0.927415
vt 0.591678 0.929985
vt 0.609375 0.936336
vt 0.605340 0.936854
vt 0.601658 0.932587
vt 0.603225 0.929687
vt 0.598169 0.926874
vt 0.599422 0.922990
vt 0.602584 0.925213
vt 0.601206 0.928641
vt 0.606148 0.927322
vt 0.535626 0.944968
vt 0.515475 0.949960
vt 0.528284 0.947792
vt 0.673248 0.921901
vt 0.680199 0.919602
vt 0.656784 0.915203
vt 0.663942 0.916734
vt 0.654994 0.926288
vt 0.643196 0.921614
vt 0.556220 0.939086
vt 0.544757 0.943760
vt 0.552108 0.942897
vt 0.565579 0.939260
vt 0.627913 0.932736
vt 0.625838 0.923478
vt 0.617256 0.928238
vt 0.611085 0.926227
vt 0.607003 0.929954
vt 0.234013 0.868073
vt 0.206557 0.887534
vt 0.204475 0.887351
vt 0.202651 0.887036
vt 0.295385 0.925865
vt 0.293328 0.923382
vt 0.290554 0.919281
vt 0.283887 0.912409
vt 0.285548 0.915605
vt 0.288263 0.918823
vt 0.242480 0.861765
vt 0.239765 0.863586
vt 0.173202 0.900968
vt 0.175945 0.901776
vt 0.161540 0.889793
vt 0.159413 0.885819
vt 0.305651 0.923448
vt 0.190680 0.890646
vt 0.312947 0.926231
vt 0.346769 0.971663
vt 0.346376 0.974293
vt 0.342891 0.963426
vt 0.348434 0.976864
vt 0.166733 0.869780
vt 0.353831 0.983962
vt 0.343610 0.786516
vt 0.352283 0.775981
vt 0.405480 0.877291
vt 0.407215 0.875500
vt 0.411649 0.875735
vt 0.378322 0.739400
vt 0.416390 0.874977
vt 0.379383 0.741642
vt 0.378543 0.743963
vt 0.378670 0.748935
vt 0.379338 0.821301
vt 0.382664 0.826506
vt 0.379768 0.831957
vt 0.382282 0.830179
vt 0.379051 0.819715
vt 0.370532 0.753855
vt 0.379537 0.818228
vt 0.369104 0.755007
vt 0.836861 0.604744
vt 0.830057 0.602108
vt 0.818728 0.595966
vt 0.924739 0.661646
vt 0.805389 0.587862
vt 0.814360 0.648261
vt 0.807431 0.658289
vt 0.795638 0.680003
vt 0.788345 0.694994
vt 0.905971 0.650229
vt 0.875714 0.684274
vt 0.937816 0.578861
vt 0.936221 0.582967
vt 0.940984 0.578556
vt 0.793904 0.778593
vt 0.796597 0.780382
vt 0.944675 0.577571
vt 0.794736 0.780812
vt 0.955504 0.598313
vt 0.907442 0.569926
vt 0.829499 0.759949
vt 0.873031 0.688706
vt 0.866824 0.701998
vt 0.849338 0.729625
vt 0.825773 0.521181
vt 0.836962 0.748869
vt 0.834632 0.751495
vt 0.416850 0.087657
vt 0.415324 0.098289
vt 0.418099 0.081816
vt 0.406591 0.136892
vt 0.405280 0.127897
vt 0.406473 0.129979
vt 0.408054 0.135343
vt 0.411736 0.114250
vt 0.412077 0.109395
vt 0.405070 0.123497
vt 0.408872 0.143959
vt 0.410906 0.147438
vt 0.412107 0.149663
vt 0.414585 0.104957
vt 0.529054 0.365178
vt 0.466761 0.364966
vt 0.526431 0.363434
vt 0.474858 0.365188
vt 0.521095 0.362647
vt 0.519873 0.352367
vt 0.522734 0.364782
vt 0.473299 0.371255
vt 0.455663 0.376027
vt 0.471520 0.370179
vt 0.452268 0.376264
vt 0.444557 0.378709
vt 0.447540 0.376345
vt 0.519302 0.350370
vt 0.518172 0.348101
vt 0.514770 0.345884
vt 0.512878 0.346530
vt 0.483705 0.349601
vt 0.483500 0.347428
vt 0.509620 0.335981
vt 0.506995 0.332551
vt 0.503948 0.330365
vt 0.491934 0.313781
vt 0.439510 0.382392
vt 0.433389 0.384583
vt 0.569302 0.363092
vt 0.409693 0.391090
vt 0.414230 0.389355
vt 0.405043 0.389764
vt 0.585160 0.361233
vt 0.587576 0.357814
vt 0.401099 0.390240
vt 0.419081 0.385750
vt 0.612641 0.349572
vt 0.395214 0.390738
vt 0.386208 0.392424
vt 0.630695 0.347399
vt 0.486914 0.308833
vt 0.783675 0.021217
vt 0.480030 0.304282
vt 0.475263 0.297850
vt 0.476383 0.298686
vt 0.477697 0.301449
vt 0.476341 0.298513
vt 0.780601 0.009234
vt 0.415307 0.177651
vt 0.412601 0.171852
vt 0.421426 0.079246
vt 0.424385 0.073998
vt 0.452339 0.057103
vt 0.397645 0.173487
vt 0.412177 0.160371
vt 0.405860 0.175686
vt 0.413084 0.167587
vt 0.755663 0.760370
vt 0.754556 0.753382
vt 0.672521 0.724080
vt 0.692658 0.715803
vt 0.696234 0.714249
vt 0.638918 0.676120
vt 0.642172 0.643103
vt 0.654353 0.726498
vt 0.757004 0.764776
vt 0.759745 0.763967
vt 0.761346 0.764749
vt 0.766104 0.761736
vt 0.763966 0.762371
vt 0.769981 0.762805
vt 0.760652 0.740794
vt 0.767453 0.724586
vt 0.772108 0.716410
vt 0.829665 0.521948
vt 0.505740 0.632802
vt 0.546083 0.763324
vt 0.523555 0.756023
vt 0.550857 0.807948
vt 0.626821 0.353993
vt 0.630554 0.363165
vt 0.338957 0.397721
vt 0.335299 0.410240
vt 0.634787 0.347990
vt 0.349359 0.388479
vt 0.922588 0.009784
vt 0.632339 0.354480
vt 0.636886 0.392600
vt 0.628598 0.352319
vt 0.342901 0.393566
vt 0.340692 0.394289
vt 0.918123 0.009234
vt 0.343216 0.390575
vt 0.633224 0.358157
vt 0.324782 0.422973
vt 0.655539 0.420895
vt 0.650067 0.405084
vt 0.665927 0.455176
vt 0.313954 0.429737
vt 0.300909 0.438815
vt 0.290275 0.446012
vt 0.285003 0.449580
vt 0.282622 0.452435
vt 0.712817 0.281987
vt 0.718223 0.280421
vt 0.276102 0.473256
vt 0.274943 0.469723
vt 0.272588 0.476869
vt 0.759273 0.239116
vt 0.759964 0.231326
vt 0.750181 0.246412
vt 0.754348 0.243870
vt 0.270724 0.465752
vt 0.761548 0.235660
vt 0.760515 0.236313
vt 0.271184 0.468228
vt 0.272899 0.478090
vt 0.758356 0.229668
vt 0.754190 0.228610
vt 0.264107 0.481554
vt 0.749777 0.224729
vt 0.749520 0.225801
vt 0.749877 0.225630
vt 0.748746 0.223206
vt 0.262279 0.483482
vt 0.747873 0.221653
vt 0.747936 0.222421
vt 0.747223 0.219548
vt 0.746480 0.217812
vt 0.745520 0.217005
vt 0.260994 0.494521
vt 0.260733 0.493886
vt 0.262706 0.491970
vt 0.260755 0.492359
vt 0.262887 0.492851
vt 0.262471 0.493286
vt 0.743848 0.214595
vt 0.744300 0.213979
vt 0.260223 0.496966
vt 0.105382 0.502274
vt 0.740841 0.211953
vt 0.745246 0.211164
vt 0.742216 0.212338
vt 0.742102 0.212674
vt 0.741581 0.212006
vt 0.742483 0.212778
vt 0.744800 0.210884
vt 0.741286 0.211693
vt 0.741013 0.212904
vt 0.742386 0.211643
vt 0.741916 0.211151
vt 0.741907 0.212320
vt 0.741837 0.211055
vt 0.740305 0.211058
vt 0.740388 0.210401
vt 0.740314 0.211789
vt 0.740812 0.209247
vt 0.740650 0.209828
vt 0.740383 0.208740
vt 0.740143 0.206644
vt 0.740765 0.207697
vt 0.103387 0.499447
vt 0.739121 0.205472
vt 0.097980 0.493410
vt 0.098089 0.492378
vt 0.097579 0.494174
vt 0.737784 0.200085
vt 0.099022 0.493278
vt 0.841130 0.040266
vt 0.099456 0.495766
vt 0.099441 0.494552
vt 0.099448 0.496435
vt 0.100728 0.495346
vt 0.098699 0.496357
vt 0.738355 0.204368
vt 0.739015 0.204741
vt 0.100297 0.495557
vt 0.962113 0.010520
vt 0.738749 0.203042
vt 0.840916 0.040932
vt 0.737696 0.201519
vt 0.738305 0.201642
vt 0.098799 0.493202
vt 0.841296 0.040697
vt 0.089394 0.482020
vt 0.899244 0.012986
vt 0.898370 0.012997
vt 0.804949 0.016201
vt 0.803072 0.014903
vt 0.803498 0.016364
vt 0.735757 0.190260
vt 0.736540 0.191213
vt 0.736388 0.191817
vt 0.897478 0.013105
vt 0.899161 0.040316
vt 0.897566 0.012387
vt 0.803674 0.015772
vt 0.803711 0.015585
vt 0.899254 0.039686
vt 0.895590 0.013265
vt 0.734108 0.188127
vt 0.804294 0.014159
vt 0.802144 0.009234
vt 0.735178 0.188804
vt 0.091964 0.483073
vt 0.738375 0.197286
vt 0.738593 0.196595
vt 0.737981 0.197945
vt 0.781456 0.040984
vt 0.941313 0.009234
vt 0.738599 0.198415
vt 0.801519 0.039686
vt 0.941057 0.011257
vt 0.801334 0.040498
vt 0.941967 0.012360
vt 0.737856 0.197854
vt 0.737905 0.198478
vt 0.781108 0.040268
vt 0.941830 0.011495
vt 0.800152 0.040471
vt 0.799925 0.040501
vt 0.097585 0.490439
vt 0.097384 0.490820
vt 0.800103 0.040112
vt 0.736542 0.196647
vt 0.737376 0.196798
vt 0.096190 0.489871
vt 0.738287 0.194967
vt 0.738549 0.195947
vt 0.094724 0.489701
vt 0.982178 0.010347
vt 0.737006 0.192845
vt 0.980582 0.009323
vt 0.736540 0.191412
vt 0.981075 0.009234
vt 0.093457 0.485468
vt 0.734888 0.181859
vt 0.734924 0.182469
vt 0.896850 0.012626
vt 0.090295 0.482237
vt 0.088222 0.481018
vt 0.088637 0.480510
vt 0.898563 0.039834
vt 0.806317 0.014684
vt 0.090650 0.482143
vt 0.733453 0.184199
vt 0.734964 0.183832
vt 0.735004 0.183129
vt 0.734000 0.184901
vt 0.895463 0.009234
vt 0.089165 0.479834
vt 0.087619 0.479245
vt 0.734709 0.180163
vt 0.734135 0.180954
vt 0.083723 0.475878
vt 0.084168 0.476236
vt 0.083739 0.474607
vt 0.733578 0.178395
vt 0.085090 0.475902
vt 0.821467 0.039686
vt 0.745929 0.248882
vt 0.740764 0.250639
vt 0.737772 0.253291
vt 0.112373 0.502692
vt 0.116051 0.500517
vt 0.118049 0.500104
vt 0.128022 0.501393
vt 0.132749 0.497969
vt 0.137091 0.495137
vt 0.141599 0.494560
vt 0.104885 0.500976
vt 0.257455 0.496913
vt 0.104932 0.501685
vt 0.109910 0.502259
vt 0.104652 0.500442
vt 0.153719 0.495404
vt 0.150798 0.495017
vt 0.145992 0.494908
vt 0.165682 0.486109
vt 0.171995 0.482708
vt 0.059611 0.437928
vt 0.056433 0.434231
vt 0.732192 0.174367
vt 0.819988 0.039878
vt 0.732308 0.175022
vt 0.820253 0.040599
vt 0.731401 0.173775
vt 0.731160 0.171825
vt 0.731411 0.172608
vt 0.731210 0.169300
vt 0.731228 0.170224
vt 0.080914 0.469224
vt 0.730977 0.167329
vt 0.729238 0.166252
vt 0.729243 0.165171
vt 0.729023 0.164532
vt 0.727770 0.163393
vt 0.724951 0.152478
vt 0.725854 0.153614
vt 0.072883 0.461617
vt 0.072152 0.461800
vt 0.727275 0.159376
vt 0.726050 0.156672
vt 0.728063 0.159999
vt 0.075727 0.462613
vt 0.727753 0.159257
vt 0.725650 0.155084
vt 0.731507 0.175348
vt 0.083380 0.472811
vt 0.724324 0.150775
vt 0.880094 0.040038
vt 0.724277 0.149745
vt 0.724265 0.148957
vt 0.723344 0.146826
vt 0.724286 0.149388
vt 0.879169 0.039711
vt 0.879716 0.039686
vt 0.068521 0.453111
vt 0.720551 0.142198
vt 0.720850 0.142946
vt 0.719882 0.141735
vt 0.066275 0.448197
vt 0.066636 0.448650
vt 0.066920 0.448533
vt 0.065539 0.447458
vt 0.065342 0.447071
vt 0.859765 0.040297
vt 0.717434 0.139023
vt 0.060702 0.442722
vt 0.717822 0.135254
vt 0.717854 0.136042
vt 0.059686 0.443997
vt 0.060972 0.442599
vt 0.936809 0.040016
vt 0.717310 0.136102
vt 0.059903 0.441907
vt 0.717600 0.137184
vt 0.860700 0.040014
vt 0.059492 0.445701
vt 0.059277 0.445535
vt 0.717395 0.138006
vt 0.062476 0.441939
vt 0.936768 0.039686
vt 0.937185 0.039886
vt 0.061181 0.441224
vt 0.059883 0.445774
vt 0.062750 0.442460
vt 0.860452 0.039686
vt 0.062831 0.441777
vt 0.055869 0.432438
vt 0.054622 0.431425
vt 0.052949 0.427944
vt 0.053270 0.428662
vt 0.053833 0.429682
vt 0.707872 0.119832
vt 0.707763 0.121186
vt 0.701564 0.111633
vt 0.702694 0.112777
vt 0.700900 0.110667
vt 0.701170 0.109664
vt 0.705603 0.118324
vt 0.706150 0.117002
vt 0.050390 0.422474
vt 0.050620 0.422967
vt 0.703942 0.115801
vt 0.704363 0.114311
vt 0.049192 0.420537
vt 0.698332 0.106074
vt 0.695591 0.101454
vt 0.694249 0.098480
vt 0.697154 0.104111
vt 0.039073 0.401220
vt 0.690330 0.093180
vt 0.688746 0.089284
vt 0.489334 0.042906
vt 0.672605 0.474875
vt 0.495940 0.037989
vt 0.682042 0.496041
vt 0.495533 0.042545
vt 0.288636 0.238907
vt 0.494132 0.041683
vt 0.677092 0.485569
vt 0.499741 0.037587
vt 0.503947 0.041490
vt 0.283558 0.243778
vt 0.285747 0.243832
vt 0.289889 0.239221
vt 0.288054 0.241241
vt 0.693114 0.495547
vt 0.276740 0.237334
vt 0.693794 0.502712
vt 0.269956 0.223516
vt 0.278671 0.241539
vt 0.524267 0.056473
vt 0.250426 0.223194
vt 0.534969 0.055048
vt 0.241647 0.223268
vt 0.543877 0.048322
vt 0.542742 0.043020
vt 0.544927 0.038735
vt 0.546983 0.034671
vt 0.222027 0.211164
vt 0.222210 0.210104
vt 0.220767 0.209336
vt 0.222140 0.210450
vt 0.221651 0.222216
vt 0.222614 0.212452
vt 0.223450 0.216559
vt 0.219843 0.207492
vt 0.547220 0.032811
vt 0.219177 0.206788
vt 0.220687 0.208461
vt 0.551666 0.029973
vt 0.554526 0.026617
vt 0.672381 0.031929
vt 0.558816 0.023144
vt 0.560407 0.020571
vt 0.673483 0.024710
vt 0.673717 0.026314
vt 0.563091 0.018124
vt 0.561738 0.019124
vt 0.009234 0.360768
vt 0.183745 0.222186
vt 0.015382 0.367550
vt 0.009492 0.359177
vt 0.172867 0.230962
vt 0.028154 0.329330
vt 0.027533 0.328128
vt 0.172105 0.235329
vt 0.168732 0.240036
vt 0.668230 0.026748
vt 0.666933 0.027462
vt 0.650869 0.031219
vt 0.648040 0.029006
vt 0.668307 0.044962
vt 0.568166 0.014597
vt 0.573664 0.010816
vt 0.646552 0.028202
vt 0.633639 0.023377
vt 0.626988 0.021479
vt 0.630069 0.023853
vt 0.618670 0.022213
vt 0.685668 0.084639
vt 0.683438 0.079570
vt 0.021705 0.375619
vt 0.026004 0.380812
vt 0.030031 0.294424
vt 0.029656 0.301863
vt 0.030894 0.298100
vt 0.026256 0.305424
vt 0.033890 0.295153
vt 0.029753 0.321598
vt 0.031693 0.314863
vt 0.036902 0.295510
vt 0.049749 0.306013
vt 0.057660 0.307779
vt 0.614683 0.017430
vt 0.617614 0.023623
vt 0.612674 0.014962
vt 0.612049 0.014210
vt 0.616092 0.018164
vt 0.615725 0.012951
vt 0.617647 0.015616
vt 0.110941 0.302167
vt 0.100314 0.310739
vt 0.092733 0.321543
vt 0.088097 0.317338
vt 0.105583 0.699630
vt 0.094068 0.690606
vt 0.071626 0.664056
vt 0.069603 0.657557
vt 0.069254 0.652650
vt 0.080791 0.637132
vt 0.079329 0.641906
vt 0.164058 0.873497
vt 0.164347 0.858984
vt 0.159523 0.860344
vt 0.363024 0.974297
vt 0.421619 0.950366
vt 0.145644 0.894684
vt 0.133063 0.908068
vt 0.131615 0.910929
vt 0.407910 0.651581
vt 0.109322 0.912650
vt 0.129768 0.912265
vt 0.108002 0.913562
vt 0.416812 0.646660
vt 0.113273 0.910910
vt 0.117769 0.905894
vt 0.410125 0.642717
vt 0.415292 0.647585
vt 0.404810 0.638420
vt 0.394130 0.631134
vt 0.083273 0.887255
vt 0.382893 0.623213
vt 0.370456 0.613211
vt 0.058735 0.863287
vt 0.060806 0.863257
vt 0.360908 0.606461
vt 0.060798 0.862480
vt 0.396952 0.880578
vt 0.375994 0.737106
vt 0.422611 0.900552
vt 0.422597 0.905663
vt 0.385968 0.676086
vt 0.389589 0.672527
vt 0.377786 0.685088
vt 0.442125 0.939522
vt 0.370441 0.688956
vt 0.361189 0.717914
vt 0.362068 0.711853
vt 0.368154 0.692936
vt 0.356581 0.702616
vt 0.355349 0.705346
vt 0.407314 0.656248
vt 0.409464 0.941386
vt 0.412025 0.941027
vt 0.357689 0.707848
vt 0.057318 0.863020
vt 0.056713 0.861219
vt 0.056771 0.859428
vt 0.049512 0.853724
vt 0.349147 0.600492
vt 0.042566 0.851563
vt 0.303831 0.590839
vt 0.306634 0.591548
vt 0.325830 0.601517
vt 0.098297 0.581072
vt 0.086779 0.573543
vt 0.100076 0.542671
vt 0.295686 0.598568
vt 0.121586 0.526349
vt 0.032946 0.849934
vt 0.080090 0.569307
vt 0.032202 0.847869
vt 0.319521 0.601140
vt 0.086134 0.559877
vt 0.126877 0.523193
vt 0.112590 0.533397
vt 0.291646 0.607997
vt 0.132614 0.522133
vt 0.299315 0.623033
vt 0.135007 0.521181
vt 0.297765 0.621198
vt 0.144946 0.546490
vt 0.149940 0.559792
vt 0.193795 0.581857
vt 0.165011 0.555438
vt 0.081744 0.633527
vt 0.082194 0.632489
vt 0.053884 0.764926
vt 0.083600 0.632715
vt 0.083920 0.630831
vt 0.085897 0.630946
vt 0.080796 0.634223
vt 0.081281 0.634612
vt 0.092365 0.625225
vt 0.096213 0.622821
vt 0.099967 0.619000
vt 0.104679 0.615664
vt 0.027566 0.790198
vt 0.115108 0.607421
vt 0.020908 0.793829
vt 0.113896 0.587307
vt 0.117793 0.593508
vt 0.015451 0.802216
vt 0.021152 0.802569
vt 0.115161 0.597260
vt 0.115719 0.601619
vt 0.116882 0.604600
vt 0.019711 0.794881
vt 0.117390 0.606241
vt 0.214019 0.616226
vt 0.208329 0.612268
vt 0.195498 0.574621
vt 0.258830 0.599880
vt 0.193055 0.573390
vt 0.194218 0.576093
vt 0.172836 0.562741
vt 0.245678 0.598278
vt 0.185578 0.569122
vt 0.181258 0.571664
vt 0.179227 0.573271
vt 0.717836 0.747231
vt 0.602847 0.581246
vt 0.726132 0.752837
vt 0.731327 0.754532
vt 0.595274 0.587288
vt 0.600808 0.571877
vt 0.592296 0.588191
vt 0.635770 0.619999
vt 0.630958 0.618807
vt 0.731161 0.777751
vt 0.597572 0.597729
vt 0.609041 0.613018
vt 0.599659 0.565996
vt 0.595409 0.543379
vt 0.599427 0.562536
vt 0.595589 0.550531
vt 0.587237 0.525983
vt 0.584998 0.521181
vt 0.679384 0.801398
vt 0.678875 0.804024
vt 0.673195 0.808646
vt 0.846815 0.010023
vt 0.565784 0.533894
vt 0.489597 0.853247
vt 0.501362 0.850610
vt 0.483830 0.854498
vt 0.850070 0.009234
vt 0.853375 0.009854
vt 0.671678 0.810224
vt 0.481892 0.855124
vt 0.672687 0.813737
vt 0.666669 0.811402
vt 0.674978 0.822804
vt 0.509778 0.848155
vt 0.532387 0.843003
vt 0.484980 0.903113
vt 0.483050 0.688603
vt 0.503183 0.625640
vt 0.504264 0.627149
vt 0.502132 0.624483
vt 0.505445 0.627559
vt 0.507754 0.641040
vt 0.480471 0.693663
vt 0.480914 0.618855
vt 0.477157 0.702046
vt 0.471619 0.601539
vt 0.512583 0.658043
vt 0.553876 0.838261
vt 0.565574 0.834973
vt 0.487173 0.576556
vt 0.575631 0.832066
vt 0.827341 0.009234
vt 0.576775 0.829978
vt 0.876465 0.009234
vt 0.574220 0.833180
vt 0.824786 0.012437
vt 0.577780 0.836152
vt 0.552150 0.824642
vt 0.465530 0.585020
vt 0.872618 0.014378
vt 0.569599 0.834552
vt 0.871844 0.010606
vt 0.571367 0.834266
vt 0.467818 0.573800
vt 0.462309 0.578129
vt 0.554283 0.833564
vt 0.473199 0.744841
vt 0.558308 0.834799
vt 0.489960 0.930779
vt 0.495393 0.948438
vt 0.683539 0.918777
vt 0.684243 0.909866
vt 0.613912 0.937120
vt 0.604612 0.939017
vt 0.601931 0.937858
vt 0.597295 0.929769
vt 0.679118 0.921410
vt 0.666208 0.924584
vt 0.539454 0.946175
vt 0.642525 0.929916
vt 0.629169 0.933798
usemtl material_0
f 1/1/136 2/2/137 3/3/1
f 3/3/1 4/4/2 1/1/136
f 4/4/2 5/5/170 6/6/55
f 7/7/3 8/8/135 9/9/5
f 7/7/3 3/3/1 2/2/137
f 3/3/1 10/10/4 4/4/2
f 7/7/3 10/10/4 3/3/1
f 11/11/165 9/9/5 12/12/142
f 11/11/165 7/7/3 9/9/5
f 13/13/6 14/14/38 15/15/7
f 15/15/7 16/16/8 13/13/6
f 13/13/6 17/17/9 18/18/10
f 13/13/6 19/19/11 14/14/38
f 13/13/6 18/18/10 19/19/11
f 17/17/9 13/13/6 16/16/8
f 19/19/11 18/18/10 20/20/17
f 21/21/139 18/18/10 17/17/9
f 20/20/17 22/22/47 19/19/11
f 23/23/16 24/24/12 25/25/13
f 26/26/15 24/24/12 21/21/139
f 27/27/14 26/26/15 21/21/139
f 26/26/15 25/25/13 24/24/12
f 25/25/13 26/26/15 28/28/24
f 20/20/17 23/23/16 22/22/47
f 23/23/16 20/20/17 24/24/12
f 23/23/16 29/29/18 22/22/47
f 29/29/18 23/23/16 30/30/19
f 29/29/18 30/30/19 31/31/31
f 32/32/20 29/29/18 31/31/31
f 33/33/94 32/32/20 31/31/31
f 33/33/94 31/31/31 34/34/22
f 33/4711/94 35/35/21 32/4710/20
f 18/18/10 24/24/12 20/20/17
f 21/21/139 24/24/12 18/18/10
f 36/36/32 34/34/22 31/31/31
f 33/4712/94 34/4713/22 37/37/23
f 34/4713/22 36/4714/32 37/37/23
f 38/38/26 23/23/16 25/25/13
f 28/28/24 39/39/25 38/4715/26
f 28/28/24 38/4715/26 25/25/13
f 40/40/35 39/39/25 28/28/24
f 30/30/19 23/23/16 41/41/28
f 41/41/28 23/23/16 38/38/26
f 41/4716/28 38/4715/26 39/39/25
f 42/42/27 41/4716/28 39/39/25
f 43/43/30 30/30/19 41/41/28
f 43/4717/30 41/4716/28 42/42/27
f 39/39/25 40/40/35 44/44/29
f 42/42/27 39/39/25 44/44/29
f 43/43/30 31/31/31 30/30/19
f 31/31/31 43/43/30 36/36/32
f 43/4717/30 42/42/27 45/45/195
f 45/45/195 42/42/27 44/44/29
f 36/4714/32 43/4717/30 45/45/195
f 26/26/15 27/27/14 46/46/33
f 28/28/24 26/26/15 46/46/33
f 46/46/33 40/40/35 28/28/24
f 47/47/159 46/46/33 27/27/14
f 40/40/35 46/46/33 47/47/159
f 48/48/34 40/40/35 47/47/159
f 48/48/34 44/44/29 40/40/35
f 36/4714/32 45/45/195 49/49/196
f 27/27/14 21/21/139 50/50/36
f 50/50/36 47/47/159 27/27/14
f 51/51/49 15/15/7 52/52/37
f 52/52/37 15/15/7 14/14/38
f 52/52/37 14/14/38 53/53/39
f 54/54/43 51/51/49 52/52/37
f 53/4718/39 54/54/43 52/52/37
f 14/14/38 19/19/11 55/55/40
f 14/14/38 55/55/40 53/53/39
f 56/56/41 54/54/43 53/4718/39
f 57/57/42 58/58/51 54/54/43
f 56/56/41 53/4718/39 55/4719/40
f 57/57/42 54/54/43 56/56/41
f 59/59/46 58/58/51 57/57/42
f 60/60/44 57/57/42 56/56/41
f 60/60/44 56/56/41 61/61/71
f 62/62/45 59/59/46 57/57/42
f 59/59/46 62/62/45 63/63/58
f 55/55/40 19/19/11 22/22/47
f 58/58/51 64/64/52 65/65/48
f 66/66/132 16/16/8 65/65/48
f 64/64/52 66/66/132 65/65/48
f 65/65/48 15/15/7 51/51/49
f 16/16/8 15/15/7 65/65/48
f 58/58/51 65/65/48 51/51/49
f 51/51/49 54/54/43 58/58/51
f 59/59/46 67/67/50 58/58/51
f 64/64/52 58/58/51 68/68/53
f 69/69/54 66/66/132 64/64/52
f 68/68/53 69/69/54 64/64/52
f 17/17/9 16/16/8 6/6/55
f 59/59/46 70/70/56 67/67/50
f 70/70/56 59/59/46 63/63/58
f 71/71/57 70/70/56 63/63/58
f 67/67/50 70/70/56 72/72/59
f 71/71/57 72/72/59 70/70/56
f 73/73/60 72/72/59 71/71/57
f 74/74/75 63/63/58 62/62/45
f 71/71/57 63/63/58 74/74/75
f 73/73/60 71/71/57 75/75/61
f 76/76/62 67/67/50 72/72/59
f 76/76/62 58/58/51 67/67/50
f 68/68/53 58/58/51 77/77/138
f 58/58/51 76/76/62 77/77/138
f 73/73/60 76/76/62 72/72/59
f 76/76/62 73/73/60 78/78/63
f 73/73/60 75/75/61 78/78/63
f 79/79/141 78/78/63 75/75/61
f 80/80/65 81/81/67 82/82/66
f 83/83/64 80/80/65 82/82/66
f 81/81/67 84/84/68 82/82/66
f 82/82/66 85/85/69 83/83/64
f 85/85/69 82/82/66 84/84/68
f 62/62/45 60/60/44 86/86/74
f 62/62/45 57/57/42 60/60/44
f 55/4719/40 87/87/70 61/61/71
f 55/4719/40 61/61/71 56/56/41
f 87/87/70 55/4719/40 22/4708/47
f 86/86/74 60/60/44 61/61/71
f 87/87/70 22/4708/47 88/88/72
f 89/89/73 62/62/45 86/86/74
f 87/87/70 90/90/4053 61/61/71
f 86/86/74 61/61/71 90/90/4053
f 62/62/45 89/89/73 74/74/75
f 91/91/4174 92/92/83 74/74/75
f 92/92/83 75/75/61 71/71/57
f 74/74/75 92/92/83 71/71/57
f 93/93/78 80/80/65 83/83/64
f 83/83/64 94/94/80 93/93/78
f 95/95/76 93/93/78 94/94/80
f 96/96/77 80/80/65 93/93/78
f 96/96/77 93/93/78 95/95/76
f 97/97/108 80/4720/65 96/4722/77
f 98/98/79 96/96/77 95/95/76
f 95/95/76 94/94/80 99/99/81
f 100/100/82 75/75/61 92/92/83
f 101/101/120 96/96/77 102/102/84
f 102/102/84 96/96/77 98/98/79
f 102/102/84 98/98/79 103/103/87
f 98/98/79 95/95/76 99/99/81
f 104/104/85 101/101/120 102/102/84
f 104/104/85 105/105/86 101/101/120
f 104/104/85 102/102/84 103/103/87
f 104/104/85 103/103/87 106/106/4219
f 104/104/85 106/106/4219 107/107/88
f 105/105/86 104/104/85 107/107/88
f 88/88/72 22/4708/47 29/4709/18
f 108/108/101 88/88/72 29/4709/18
f 109/109/89 29/4709/18 32/4710/20
f 109/109/90 32/4710/20 35/35/21
f 110/110/100 108/108/101 109/109/89
f 108/108/101 29/4709/18 109/109/89
f 35/35/21 110/110/100 109/109/90
f 111/111/91 35/35/21 33/4711/94
f 112/112/93 35/35/21 111/111/91
f 111/111/91 113/113/92 112/112/93
f 33/4712/94 114/114/95 115/115/96
f 33/4712/94 115/115/96 111/4724/91
f 116/116/97 111/4724/91 115/115/96
f 113/113/92 111/111/91 116/4725/97
f 116/4725/97 117/117/105 113/113/92
f 115/115/96 118/118/107 116/116/97
f 35/35/21 119/119/98 110/110/100
f 119/119/98 35/35/21 112/112/93
f 110/110/100 119/119/98 120/120/99
f 110/110/100 121/121/115 108/108/101
f 122/122/102 119/119/98 112/112/93
f 123/123/103 81/4721/67 80/4720/65
f 123/123/103 124/124/104 81/4721/67
f 123/123/103 117/117/105 124/124/104
f 124/4726/104 125/125/106 126/126/393
f 125/125/106 124/4726/104 118/118/107
f 80/4720/65 97/97/108 123/123/103
f 97/97/108 127/127/109 123/123/103
f 122/122/102 112/112/93 113/113/92
f 113/113/92 128/128/110 122/122/102
f 128/128/110 113/113/92 129/129/111
f 117/117/105 116/4725/97 124/124/104
f 127/127/109 117/117/105 123/123/103
f 129/129/111 113/113/92 117/117/105
f 118/118/107 124/4726/104 116/116/97
f 127/127/109 129/129/111 117/117/105
f 130/130/112 129/129/111 127/127/109
f 130/130/112 128/128/110 129/129/111
f 131/131/113 132/132/114 121/121/115
f 108/108/101 121/121/115 132/132/114
f 133/133/4180 132/132/114 131/131/113
f 133/133/4180 131/131/113 134/134/130
f 135/135/118 122/122/102 128/128/110
f 135/135/118 128/128/110 130/130/112
f 136/136/116 137/137/117 135/135/118
f 136/136/116 135/135/118 130/130/112
f 97/97/108 96/4722/77 138/138/119
f 96/4722/77 101/4723/120 138/138/119
f 101/4723/120 139/139/121 138/138/119
f 140/140/122 139/4729/121 101/101/120
f 101/101/120 105/105/86 140/140/122
f 130/130/112 138/138/119 139/139/121
f 136/136/116 130/130/112 139/139/121
f 141/141/123 137/4728/117 136/4727/116
f 140/140/122 136/4727/116 139/4729/121
f 141/141/123 136/4727/116 140/140/122
f 142/142/124 141/141/123 140/140/122
f 141/141/123 142/142/124 143/143/126
f 144/144/125 140/140/122 105/105/86
f 142/142/124 144/144/125 143/143/126
f 142/142/124 140/140/122 144/144/125
f 144/144/125 145/145/127 143/143/126
f 144/144/125 105/105/86 146/146/4233
f 145/145/127 144/144/125 147/147/128
f 148/148/131 145/145/127 149/149/4225
f 149/149/4225 145/145/127 147/147/128
f 121/121/115 110/110/100 120/120/99
f 119/119/98 121/121/115 120/120/99
f 150/150/129 122/122/102 135/135/118
f 131/131/113 121/121/115 119/119/98
f 150/150/129 119/119/98 122/122/102
f 137/137/117 150/150/129 135/135/118
f 150/150/129 131/131/113 119/119/98
f 150/4730/129 137/4728/117 143/143/126
f 134/134/130 131/131/113 150/150/129
f 150/150/129 151/151/4182 134/134/130
f 150/4730/129 152/152/4183 151/4732/4182
f 143/143/126 137/4728/117 141/141/123
f 150/4730/129 143/143/126 148/148/131
f 148/148/131 143/143/126 145/145/127
f 153/153/4195 152/152/4183 150/4730/129
f 153/153/4195 150/4730/129 148/148/131
f 68/68/53 154/154/133 69/69/54
f 154/154/133 66/66/132 69/69/54
f 16/16/8 66/66/132 6/6/55
f 66/66/132 154/154/133 155/155/134
f 155/155/134 6/6/55 66/66/132
f 77/77/138 154/154/133 68/68/53
f 8/8/135 77/77/138 76/76/62
f 1/1/136 155/155/134 154/154/133
f 154/154/133 77/77/138 1/1/136
f 2/2/137 1/1/136 77/77/138
f 77/77/138 8/8/135 2/2/137
f 76/76/62 78/78/63 12/12/142
f 4/4/2 155/155/134 1/1/136
f 4/4/2 6/6/55 155/155/134
f 17/17/9 6/6/55 21/21/139
f 6/6/55 156/156/140 21/21/139
f 156/156/140 50/50/36 21/21/139
f 78/78/63 157/157/149 12/12/142
f 79/79/141 157/157/149 78/78/63
f 75/75/61 157/157/149 79/79/141
f 76/76/62 12/12/142 8/8/135
f 2/2/137 8/8/135 7/7/3
f 157/157/149 75/75/61 100/100/82
f 85/85/69 158/158/143 83/83/64
f 94/94/80 83/83/64 99/99/81
f 99/99/81 83/83/64 158/158/143
f 85/85/69 84/84/68 159/159/144
f 85/85/69 159/159/144 160/160/145
f 158/158/143 85/85/69 160/160/145
f 159/159/144 161/161/146 162/162/147
f 103/103/87 98/98/79 99/99/81
f 12/12/142 9/9/5 8/8/135
f 157/157/149 163/163/148 12/12/142
f 163/163/148 157/157/149 164/164/4319
f 164/164/4319 157/157/149 165/165/150
f 162/162/147 166/166/151 159/159/144
f 166/166/151 162/162/147 167/167/190
f 103/103/87 99/99/81 158/158/143
f 114/114/95 168/168/152 115/115/96
f 33/4712/94 37/37/23 114/114/95
f 37/37/23 36/4714/32 49/49/196
f 37/37/23 169/169/155 114/114/95
f 170/170/153 118/118/107 115/115/96
f 115/115/96 168/168/152 170/170/153
f 125/125/106 171/171/154 126/126/393
f 125/125/106 161/161/146 171/171/154
f 125/125/106 118/118/107 170/170/153
f 162/162/147 161/161/146 125/125/106
f 162/162/147 125/125/106 170/170/153
f 168/168/152 162/162/147 170/170/153
f 162/162/147 168/168/152 172/172/156
f 168/168/152 114/114/95 169/169/155
f 169/169/155 173/173/161 168/168/152
f 168/168/152 173/173/161 172/172/156
f 37/37/23 174/174/157 169/169/155
f 174/174/157 37/37/23 49/49/196
f 175/175/158 47/47/159 50/50/36
f 173/173/161 169/169/155 176/176/160
f 176/176/160 169/169/155 174/174/157
f 172/172/156 167/167/190 162/162/147
f 49/49/196 177/177/216 174/174/157
f 177/177/216 176/176/160 174/174/157
f 172/172/156 173/173/161 167/167/190
f 147/147/128 144/144/125 146/146/4233
f 6/6/55 5/5/170 156/156/140
f 178/178/163 5/5/170 4/4/2
f 4/4/2 10/10/4 178/178/163
f 11/11/165 10/10/4 7/7/3
f 11/11/165 179/179/162 10/10/4
f 179/179/162 178/178/163 10/10/4
f 180/180/164 11/11/165 181/181/166
f 181/181/166 11/11/165 12/12/142
f 180/180/164 179/179/162 11/11/165
f 163/163/148 181/181/166 12/12/142
f 180/180/164 182/182/172 179/179/162
f 164/164/4319 181/181/166 163/163/148
f 183/183/168 184/184/167 180/180/164
f 183/183/168 180/180/164 181/181/166
f 185/185/169 5/5/170 178/178/163
f 156/156/140 186/186/176 187/187/209
f 186/186/176 156/156/140 188/188/174
f 188/188/174 156/156/140 5/5/170
f 189/189/171 178/178/163 179/179/162
f 189/189/171 185/185/169 178/178/163
f 190/190/4324 189/189/171 179/179/162
f 184/184/167 182/182/172 180/180/164
f 184/184/167 191/191/173 182/182/172
f 179/179/162 182/182/172 190/190/4324
f 183/183/168 191/191/173 184/184/167
f 5/5/170 185/185/169 188/188/174
f 189/189/171 192/192/177 185/185/169
f 188/188/174 185/185/169 193/193/175
f 188/188/174 193/193/175 186/186/176
f 192/192/177 193/193/175 185/185/169
f 194/194/178 193/193/175 192/192/177
f 194/194/178 195/195/179 193/193/175
f 189/189/171 196/196/4329 192/192/177
f 197/197/180 192/192/177 196/196/4329
f 189/189/171 190/190/4324 196/196/4329
f 192/192/177 197/197/180 194/194/178
f 198/198/181 194/194/178 197/197/180
f 193/193/175 195/195/179 186/186/176
f 195/195/179 199/199/182 186/186/176
f 200/200/183 195/195/179 194/194/178
f 200/4733/183 194/194/178 198/198/181
f 201/201/184 195/195/179 200/200/183
f 201/201/184 200/200/183 202/202/213
f 198/198/181 202/4734/213 200/4733/183
f 156/156/140 203/203/185 204/204/186
f 156/156/140 187/187/209 203/203/185
f 203/203/185 48/48/34 204/204/186
f 205/205/207 48/48/34 203/203/185
f 44/44/29 48/48/34 205/205/207
f 159/159/144 206/206/187 160/160/145
f 207/207/188 160/160/145 206/206/187
f 158/158/143 160/160/145 207/207/188
f 173/173/161 208/208/189 167/167/190
f 166/166/151 167/167/190 209/209/191
f 209/209/191 167/167/190 208/208/189
f 209/209/191 208/208/189 173/173/161
f 166/166/151 210/210/192 159/159/144
f 159/159/144 210/210/192 206/206/187
f 158/158/143 207/207/188 211/211/4336
f 212/212/198 213/213/193 210/210/192
f 214/214/194 215/215/205 173/173/161
f 44/44/29 216/216/220 45/45/195
f 49/49/196 45/45/195 216/216/220
f 217/217/197 166/166/151 209/209/191
f 166/166/151 212/212/198 210/210/192
f 218/218/199 212/212/198 166/166/151
f 218/218/199 166/166/151 217/217/197
f 173/173/161 215/215/205 209/209/191
f 219/219/202 209/209/191 215/215/205
f 218/218/199 217/217/197 220/220/200
f 218/218/199 213/213/193 212/212/198
f 213/4735/193 218/4736/199 221/221/4347
f 219/219/202 217/217/197 209/209/191
f 220/4737/200 221/221/4347 218/4736/199
f 222/222/201 221/221/4347 220/4737/200
f 220/220/200 217/217/197 219/219/202
f 219/219/202 215/215/205 223/223/203
f 224/224/204 223/223/203 215/215/205
f 223/223/203 220/220/200 219/219/202
f 222/222/201 220/4737/200 223/4739/203
f 222/4738/201 223/4740/203 225/225/4353
f 215/215/205 214/214/194 226/226/223
f 48/48/34 47/47/159 175/175/158
f 156/156/140 204/204/186 50/50/36
f 50/50/36 204/204/186 175/175/158
f 214/214/194 176/176/160 177/177/216
f 173/173/161 176/176/160 214/214/194
f 48/48/34 175/175/158 204/204/186
f 203/203/185 187/187/209 227/227/206
f 203/203/185 227/227/206 205/205/207
f 205/205/207 227/227/206 228/228/208
f 228/228/208 227/227/206 187/187/209
f 229/229/218 205/205/207 228/228/208
f 228/228/208 230/230/210 229/229/218
f 230/230/211 228/228/208 199/199/182
f 199/199/182 187/187/209 186/186/176
f 195/195/179 231/231/212 199/199/182
f 195/195/179 201/201/184 231/231/212
f 201/201/184 202/202/213 232/232/214
f 44/44/29 205/205/207 229/229/218
f 233/233/215 214/214/194 177/177/216
f 177/177/216 49/49/196 233/233/215
f 49/49/196 216/216/220 234/234/225
f 228/228/208 187/187/209 199/199/182
f 235/235/217 199/199/182 231/231/212
f 231/231/212 201/201/184 235/235/217
f 235/235/217 230/230/211 199/199/182
f 230/230/211 235/235/217 229/229/218
f 235/235/217 236/236/219 229/229/218
f 216/216/220 44/44/29 237/237/221
f 237/237/221 229/229/218 236/236/219
f 232/232/214 235/235/217 201/201/184
f 232/232/214 236/4745/219 235/235/217
f 44/44/29 229/229/218 237/237/221
f 234/4744/225 237/4746/221 238/238/228
f 238/238/228 237/4746/221 232/232/214
f 232/232/214 237/4746/221 236/4745/219
f 214/214/194 233/233/215 226/226/223
f 226/226/223 224/224/204 215/215/205
f 239/239/226 240/240/230 226/226/223
f 233/233/215 239/239/226 226/226/223
f 241/241/222 224/4741/204 226/4742/223
f 242/242/224 241/241/222 226/4742/223
f 225/225/4353 223/4740/203 224/4741/204
f 225/225/4353 224/4741/204 241/241/222
f 242/242/224 226/4742/223 243/243/232
f 243/243/232 226/4742/223 240/4748/230
f 233/233/215 49/49/196 234/234/225
f 202/202/213 244/244/227 232/232/214
f 245/245/231 239/4747/226 244/244/227
f 239/4747/226 233/4743/215 244/244/227
f 233/4743/215 234/4744/225 244/244/227
f 244/244/227 238/238/228 232/232/214
f 245/245/231 244/244/227 202/202/213
f 246/246/229 245/4750/231 202/4734/213
f 240/4749/230 239/4747/226 245/245/231
f 243/243/232 240/4748/230 245/4750/231
f 246/246/229 243/243/232 245/4750/231
f 234/234/225 216/216/220 237/237/221
f 238/238/228 244/244/227 234/4744/225
f 247/247/233 248/248/315 249/249/318
f 250/250/234 251/251/235 252/252/238
f 253/253/236 254/254/237 251/251/235
f 252/252/238 251/251/235 254/254/237
f 252/252/238 254/254/237 255/255/239
f 255/255/239 254/254/237 256/256/240
f 253/253/236 257/257/264 254/254/237
f 258/258/241 257/257/264 253/253/236
f 259/259/242 255/255/239 256/256/240
f 260/260/250 255/255/239 259/259/242
f 257/257/264 256/256/240 254/254/237
f 261/261/248 250/250/234 252/252/238
f 262/262/243 253/253/236 250/250/234
f 250/250/234 253/253/236 251/251/235
f 262/262/243 250/250/234 263/263/244
f 264/264/246 262/262/243 263/263/244
f 261/261/248 263/263/244 250/250/234
f 265/265/245 264/264/246 263/263/244
f 265/265/245 263/263/244 261/261/248
f 266/266/1317 264/4751/246 267/267/274
f 267/267/274 264/4751/246 265/4752/245
f 268/268/247 265/265/245 261/261/248
f 255/255/239 269/269/249 252/252/238
f 269/269/249 255/255/239 260/260/250
f 260/260/250 270/270/253 269/269/249
f 271/271/251 252/252/238 269/269/249
f 270/270/253 271/271/251 269/269/249
f 252/252/238 271/271/251 261/261/248
f 270/270/253 272/272/312 273/273/256
f 271/271/251 270/270/253 273/273/256
f 271/271/251 273/273/256 261/261/248
f 272/272/312 270/270/253 274/274/252
f 260/260/250 259/259/242 275/275/254
f 270/270/253 260/260/250 275/275/254
f 276/276/255 270/270/253 275/275/254
f 270/270/253 276/276/255 274/274/252
f 276/276/255 275/275/254 277/277/258
f 277/277/258 274/274/252 276/276/255
f 278/278/308 279/279/276 273/273/256
f 257/257/264 280/280/260 256/256/240
f 280/280/260 259/259/242 256/256/240
f 266/266/1317 262/262/243 264/4751/246
f 281/281/257 258/258/241 253/253/236
f 262/262/243 281/281/257 253/253/236
f 266/266/1317 281/281/257 262/262/243
f 277/277/258 275/275/254 259/259/242
f 274/274/252 277/277/258 282/282/259
f 283/283/268 281/281/257 266/266/1317
f 280/280/260 284/284/261 259/259/242
f 277/277/258 259/259/242 284/284/261
f 277/277/258 284/284/261 285/285/262
f 277/277/258 285/285/262 282/282/259
f 286/286/263 258/258/241 281/281/257
f 283/283/268 286/286/263 281/281/257
f 287/287/1311 280/280/260 257/257/264
f 258/258/241 287/287/1311 257/257/264
f 285/285/262 284/284/261 288/288/265
f 288/288/265 282/282/259 285/285/262
f 286/286/263 287/287/1311 258/258/241
f 280/280/260 289/289/266 284/284/261
f 290/290/267 286/286/263 283/283/268
f 291/291/269 290/290/267 283/283/268
f 266/266/1317 291/291/269 283/283/268
f 292/292/270 268/268/247 261/261/248
f 292/292/270 261/261/248 273/273/256
f 267/267/274 265/4752/245 268/4753/247
f 293/293/275 268/268/247 292/292/270
f 293/4755/275 267/267/274 268/4753/247
f 292/292/270 294/294/271 293/293/275
f 292/292/270 273/273/256 279/279/276
f 279/279/276 295/295/365 296/296/272
f 297/297/273 267/267/274 293/4755/275
f 293/4755/275 298/298/277 297/297/273
f 298/4756/277 293/293/275 294/294/271
f 292/292/270 279/279/276 294/294/271
f 299/299/278 294/294/271 279/279/276
f 298/4756/277 294/294/271 299/299/278
f 299/299/278 300/300/279 298/4756/277
f 301/301/280 299/299/278 279/279/276
f 302/302/283 303/303/281 298/298/277
f 298/298/277 303/303/281 297/297/273
f 298/4756/277 300/300/279 302/4757/283
f 304/304/282 302/4757/283 300/300/279
f 301/301/280 279/279/276 296/296/272
f 301/301/280 296/296/272 305/305/290
f 296/296/272 306/306/363 305/305/290
f 303/303/281 267/267/274 297/297/273
f 303/303/281 302/302/283 307/307/287
f 299/299/278 308/308/284 300/300/279
f 300/300/279 308/308/284 304/304/282
f 299/299/278 301/301/280 308/308/284
f 308/308/284 301/301/280 305/305/290
f 308/308/284 309/309/289 304/304/282
f 309/309/289 308/308/284 305/305/290
f 304/304/282 309/309/289 302/4757/283
f 310/310/285 266/266/1317 267/267/274
f 310/310/285 267/267/274 303/303/281
f 310/310/285 303/303/281 307/307/287
f 302/302/283 311/311/286 307/307/287
f 311/4758/286 302/4757/283 309/309/289
f 312/312/288 309/309/289 305/305/290
f 312/312/288 311/4758/286 309/309/289
f 313/313/375 310/310/285 307/307/287
f 307/307/287 311/311/286 314/314/291
f 314/314/291 311/311/286 315/315/292
f 315/4759/292 311/4758/286 312/312/288
f 314/314/291 313/313/375 307/307/287
f 316/316/299 317/317/296 318/318/293
f 316/316/299 318/318/293 247/247/233
f 248/248/315 247/247/233 318/318/293
f 319/319/294 320/320/295 317/317/296
f 317/317/296 320/320/295 321/321/297
f 322/322/326 321/321/297 320/320/295
f 321/321/297 248/248/315 318/318/293
f 321/321/297 318/318/293 317/317/296
f 323/323/298 317/317/296 316/316/299
f 323/323/298 319/319/294 317/317/296
f 324/324/311 320/320/295 319/319/294
f 325/325/300 319/319/294 323/323/298
f 325/325/300 324/324/311 319/319/294
f 326/326/301 273/273/256 327/327/302
f 328/328/313 327/327/302 273/273/256
f 273/273/256 326/326/301 278/278/308
f 327/327/302 329/329/303 326/326/301
f 326/326/301 325/325/300 323/323/298
f 326/326/301 329/329/303 325/325/300
f 328/328/313 329/329/303 327/327/302
f 278/278/308 326/326/301 323/323/298
f 330/330/304 316/4760/299 247/247/233
f 330/330/304 247/247/233 249/249/318
f 331/331/307 330/330/304 332/332/305
f 332/332/305 330/330/304 333/333/306
f 316/4760/299 330/330/304 331/331/307
f 331/331/307 278/4754/308 316/4760/299
f 278/4754/308 331/331/307 334/334/319
f 278/278/308 323/323/298 316/316/299
f 322/322/326 335/335/309 321/321/297
f 324/324/311 322/322/326 320/320/295
f 335/335/309 248/248/315 321/321/297
f 336/336/310 322/322/326 324/324/311
f 324/324/311 325/325/300 336/336/310
f 273/273/256 272/272/312 328/328/313
f 337/337/314 328/328/313 272/272/312
f 272/272/312 274/274/252 337/337/314
f 337/337/314 325/325/300 329/329/303
f 337/337/314 329/329/303 328/328/313
f 337/337/314 274/274/252 282/282/259
f 338/338/324 325/325/300 337/337/314
f 333/333/306 330/330/304 249/249/318
f 248/248/315 339/339/316 249/249/318
f 248/248/315 335/335/309 339/339/316
f 340/340/317 249/249/318 339/339/316
f 333/333/306 249/249/318 340/340/317
f 334/334/319 331/331/307 332/332/305
f 334/334/319 332/332/305 341/341/368
f 342/342/321 278/4754/308 334/334/319
f 343/343/320 334/334/319 341/341/368
f 343/343/320 342/342/321 334/334/319
f 344/344/358 278/4754/308 342/342/321
f 342/342/321 343/343/320 345/345/366
f 339/339/316 335/335/309 346/346/325
f 347/347/322 339/339/316 346/346/325
f 347/347/322 340/340/317 339/339/316
f 333/333/306 340/340/317 348/348/345
f 332/332/305 333/333/306 348/348/345
f 349/349/323 335/335/309 322/322/326
f 338/338/324 336/336/310 325/325/300
f 350/350/350 347/347/322 346/346/325
f 349/349/323 346/346/325 335/335/309
f 322/322/326 351/351/327 349/349/323
f 322/322/326 336/336/310 351/351/327
f 351/351/327 352/352/328 349/349/323
f 352/352/328 353/353/329 349/349/323
f 353/353/329 350/350/350 346/346/325
f 353/353/329 346/346/325 349/349/323
f 354/354/333 353/353/329 352/352/328
f 352/352/328 351/351/327 355/355/330
f 356/356/331 336/336/310 338/338/324
f 337/337/314 356/356/331 338/338/324
f 357/357/337 356/356/331 337/337/314
f 356/356/331 351/351/327 336/336/310
f 358/358/332 354/4763/333 355/4764/330
f 355/4764/330 354/4763/333 352/4762/328
f 359/359/334 351/351/327 356/356/331
f 351/351/327 359/359/334 355/355/330
f 359/4767/334 358/358/332 355/4764/330
f 357/357/337 359/359/334 356/356/331
f 359/4768/334 357/4765/337 360/360/336
f 360/360/336 358/4766/332 359/4768/334
f 358/4766/332 361/361/335 362/362/341
f 361/361/335 358/4766/332 360/360/336
f 363/363/342 360/360/336 357/4765/337
f 360/360/336 363/363/342 361/361/335
f 289/289/266 288/288/265 284/284/261
f 364/364/339 337/337/314 282/282/259
f 365/365/1393 282/282/259 288/288/265
f 288/288/265 366/366/338 365/365/1393
f 364/364/339 282/282/259 365/365/1393
f 337/337/314 364/364/339 367/367/340
f 337/337/314 367/367/340 357/357/337
f 357/357/337 367/367/340 363/4770/342
f 362/362/341 363/363/342 368/368/1398
f 362/362/341 361/361/335 363/363/342
f 369/369/343 332/332/305 348/348/345
f 369/369/343 370/370/344 332/332/305
f 340/340/317 347/347/322 371/371/347
f 340/340/317 371/371/347 348/348/345
f 347/347/322 350/350/350 371/371/347
f 371/371/347 372/372/346 348/348/345
f 372/372/346 371/371/347 373/373/348
f 374/374/349 371/371/347 350/350/350
f 350/350/350 353/353/329 374/374/349
f 353/353/329 354/354/333 374/374/349
f 375/375/351 374/374/349 354/4763/333
f 373/373/348 371/371/347 374/374/349
f 375/375/351 373/373/348 374/374/349
f 348/348/345 372/372/346 369/369/343
f 372/372/346 373/373/348 369/369/343
f 373/373/348 375/375/351 376/376/352
f 376/376/352 369/369/343 373/373/348
f 376/376/352 375/375/351 362/4769/341
f 375/375/351 354/4763/333 358/358/332
f 358/358/332 362/4769/341 375/375/351
f 341/341/368 332/332/305 370/370/344
f 377/377/354 341/341/368 370/370/344
f 370/370/344 369/369/343 376/376/352
f 378/378/353 370/370/344 376/376/352
f 378/378/353 376/376/352 362/4769/341
f 377/377/354 370/370/344 378/378/353
f 379/379/384 378/378/353 362/4769/341
f 380/380/355 379/4771/384 362/362/341
f 377/377/354 378/378/353 379/379/384
f 381/381/357 279/279/276 278/278/308
f 278/278/308 382/382/356 381/381/357
f 381/381/357 382/382/356 306/306/363
f 278/278/308 344/4761/358 382/382/356
f 344/344/358 342/342/321 383/383/360
f 382/382/356 344/4761/358 384/384/362
f 344/4761/358 383/4772/360 384/384/362
f 385/385/359 384/384/362 383/4772/360
f 386/386/361 384/384/362 385/385/359
f 387/387/369 386/386/361 385/385/359
f 384/384/362 306/306/363 382/382/356
f 306/306/363 384/384/362 386/386/361
f 306/306/363 386/386/361 388/388/371
f 306/306/363 388/388/371 389/389/364
f 295/295/365 381/381/357 306/306/363
f 295/295/365 279/279/276 381/381/357
f 306/306/363 296/296/272 295/295/365
f 389/389/364 305/305/290 306/306/363
f 383/383/360 342/342/321 345/345/366
f 383/383/360 345/345/366 390/390/367
f 343/343/320 341/341/368 391/391/372
f 391/391/372 390/390/367 345/345/366
f 345/345/366 343/343/320 391/391/372
f 383/4772/360 390/4773/367 387/387/369
f 385/385/359 383/4772/360 387/387/369
f 386/386/361 387/387/369 388/388/371
f 392/392/370 388/388/371 387/387/369
f 392/392/370 387/387/369 390/4773/367
f 391/391/372 341/341/368 393/393/373
f 390/390/367 391/391/372 393/393/373
f 394/394/381 390/390/367 393/393/373
f 392/392/370 390/4773/367 394/4774/381
f 368/368/1398 380/380/355 362/362/341
f 305/305/290 389/389/364 312/312/288
f 395/395/374 310/310/285 313/313/375
f 395/395/374 396/396/1412 310/310/285
f 313/313/375 397/397/376 395/395/374
f 398/398/378 315/4759/292 312/312/288
f 398/4775/378 314/314/291 315/315/292
f 313/313/375 314/314/291 399/399/377
f 399/399/377 314/314/291 398/4775/378
f 400/400/379 312/312/288 389/389/364
f 401/401/1415 400/400/379 389/389/364
f 398/398/378 312/312/288 400/400/379
f 402/402/1417 398/398/378 400/400/379
f 402/402/1417 400/400/379 401/401/1415
f 401/401/1415 389/389/364 380/380/380
f 392/392/370 394/4774/381 403/403/390
f 388/388/371 392/392/370 404/404/382
f 389/389/364 388/388/371 404/404/382
f 394/394/381 393/393/373 405/405/387
f 341/341/368 377/377/354 406/406/383
f 407/407/388 406/406/383 379/379/384
f 393/393/373 341/341/368 408/408/385
f 405/405/387 393/393/373 408/408/385
f 403/403/390 394/4774/381 405/4776/387
f 408/408/385 341/341/368 406/406/383
f 379/4771/384 409/409/386 407/4777/388
f 407/407/388 408/408/385 406/406/383
f 405/405/387 408/408/385 407/407/388
f 410/410/389 392/392/370 403/403/390
f 404/404/382 392/392/370 410/410/389
f 410/410/389 403/403/390 409/409/386
f 409/409/386 404/404/382 410/410/389
f 403/403/390 405/4776/387 409/409/386
f 407/4777/388 409/409/386 405/4776/387
f 411/411/391 379/4771/384 380/380/355
f 411/411/391 380/380/380 389/389/364
f 411/411/391 389/389/364 404/404/382
f 377/377/354 379/379/384 406/406/383
f 409/409/386 379/4771/384 411/411/391
f 404/404/382 409/409/386 411/411/391
f 412/412/392 84/84/68 81/81/67
f 124/4726/104 126/126/393 81/81/67
f 81/81/67 126/126/393 412/412/392
f 130/130/112 127/127/109 97/97/108
f 138/138/119 130/130/112 97/97/108
f 161/161/146 84/84/68 412/412/392
f 412/412/392 171/171/154 161/161/146
f 159/159/144 84/84/68 161/161/146
f 126/126/393 171/171/154 412/412/392
f 413/413/1092 414/414/394 415/415/397
f 414/414/394 416/416/1094 417/417/415
f 417/417/415 418/418/395 414/414/394
f 419/419/396 415/415/397 418/418/395
f 418/418/395 415/415/397 414/414/394
f 419/419/396 418/418/395 420/420/398
f 421/421/1102 419/419/396 420/420/398
f 422/422/399 423/423/400 424/424/401
f 422/422/399 424/424/401 425/425/408
f 426/426/402 427/427/407 428/428/404
f 429/429/403 420/420/398 428/428/404
f 424/424/401 428/428/404 430/430/405
f 430/430/405 428/428/404 427/427/407
f 431/431/406 430/430/405 427/427/407
f 432/432/412 431/431/406 427/427/407
f 428/428/404 424/424/401 429/429/403
f 424/424/401 423/423/400 429/429/403
f 433/433/418 429/429/403 423/423/400
f 430/430/405 425/425/408 424/424/401
f 431/431/406 432/432/412 434/434/409
f 431/431/406 434/434/409 435/435/410
f 430/430/405 431/431/406 435/435/410
f 430/430/405 435/435/410 425/425/408
f 425/425/408 435/435/410 436/436/411
f 437/437/451 425/425/408 436/436/411
f 426/426/402 418/418/395 438/438/416
f 432/432/412 427/427/407 438/438/416
f 438/438/416 439/439/417 432/432/412
f 439/439/417 440/440/413 432/432/412
f 417/417/415 416/416/1094 441/441/414
f 417/417/415 438/438/416 418/418/395
f 439/439/417 438/438/416 417/417/415
f 417/417/415 441/441/414 439/439/417
f 442/442/1170 440/440/413 439/439/417
f 426/426/402 420/420/398 418/418/395
f 426/426/402 438/438/416 427/427/407
f 426/426/402 428/428/404 420/420/398
f 433/433/418 421/421/1102 420/420/398
f 421/421/1102 433/433/418 443/443/432
f 429/429/403 433/433/418 420/420/398
f 444/444/419 434/434/409 432/432/412
f 440/440/413 444/444/419 432/432/412
f 435/435/410 434/434/409 445/445/423
f 446/446/422 445/445/423 434/434/409
f 444/444/419 446/446/422 434/434/409
f 447/447/426 445/445/423 446/446/422
f 439/439/417 441/441/414 442/442/1170
f 440/440/413 442/442/1170 448/448/420
f 448/448/420 444/444/419 440/440/413
f 448/448/420 449/449/421 444/444/419
f 449/449/421 446/446/422 444/444/419
f 449/449/421 450/450/427 446/446/422
f 435/435/410 445/445/423 436/436/411
f 445/445/423 451/451/425 436/436/411
f 452/452/424 437/437/451 436/436/411
f 451/451/425 452/452/424 436/436/411
f 449/449/421 453/453/1192 450/450/427
f 451/451/425 445/445/423 447/447/426
f 447/447/426 446/446/422 450/450/427
f 454/454/428 447/447/426 450/450/427
f 454/454/428 451/451/425 447/447/426
f 452/452/424 451/451/425 455/455/429
f 454/454/428 455/455/429 451/451/425
f 453/453/1192 454/454/428 450/450/427
f 456/456/430 454/454/428 453/453/1192
f 454/4778/428 457/457/431 455/4779/429
f 458/458/1197 457/457/431 454/4778/428
f 459/459/497 457/457/431 458/458/1197
f 443/443/432 460/460/1253 461/461/1103
f 422/422/399 462/462/444 423/423/400
f 463/463/433 464/464/448 465/465/436
f 423/423/400 462/462/444 433/433/418
f 464/464/448 463/463/433 466/466/434
f 466/466/434 463/463/433 467/467/435
f 466/466/434 467/467/435 462/462/444
f 468/468/437 465/465/436 469/469/447
f 465/465/436 468/468/437 470/470/439
f 468/4782/437 471/471/438 470/4783/439
f 463/463/433 465/465/436 472/472/440
f 472/472/440 465/465/436 470/470/439
f 473/473/460 470/4783/439 471/471/438
f 472/4784/440 470/4783/439 473/473/460
f 474/474/441 472/4784/440 473/473/460
f 475/475/467 472/4784/440 474/474/441
f 474/474/441 473/473/460 476/476/442
f 477/477/443 462/462/444 422/422/399
f 477/477/443 422/422/399 478/478/445
f 479/479/446 422/422/399 425/425/408
f 479/479/446 478/478/445 422/422/399
f 469/469/447 464/464/448 480/480/449
f 462/462/444 477/477/443 481/481/450
f 462/462/444 481/481/450 466/466/434
f 481/481/450 464/464/448 466/466/434
f 477/477/443 478/478/445 481/481/450
f 478/478/445 480/480/449 481/481/450
f 481/481/450 480/480/449 464/464/448
f 425/425/408 437/437/451 479/479/446
f 478/478/445 479/479/446 437/437/451
f 482/482/452 478/478/445 437/437/451
f 483/483/476 478/478/445 482/482/452
f 469/469/447 465/465/436 464/464/448
f 484/484/453 468/468/437 469/469/447
f 468/4782/437 484/4787/453 485/485/458
f 484/4787/453 486/486/456 485/485/458
f 471/471/438 468/4782/437 485/485/458
f 469/469/447 480/480/449 484/484/453
f 487/487/454 484/4787/453 480/4785/449
f 486/486/456 484/4787/453 487/487/454
f 488/488/455 486/486/456 487/487/454
f 486/486/456 489/489/457 485/485/458
f 489/489/457 486/486/456 488/488/455
f 471/471/438 485/485/458 490/490/459
f 489/489/457 490/490/459 485/485/458
f 473/473/460 471/471/438 490/490/459
f 490/490/459 489/489/457 491/491/461
f 473/473/460 490/490/459 492/492/472
f 492/492/472 476/476/442 473/473/460
f 491/491/461 492/492/472 490/490/459
f 489/489/457 493/493/481 491/491/461
f 492/492/472 491/491/461 493/493/481
f 462/462/444 494/494/462 433/433/418
f 443/443/432 433/433/418 494/494/462
f 495/495/464 494/494/462 467/467/435
f 467/467/435 494/494/462 462/462/444
f 495/495/464 467/467/435 463/463/433
f 443/443/432 494/494/462 496/496/463
f 497/497/1278 443/443/432 496/496/463
f 496/496/463 494/494/462 495/495/464
f 460/460/1253 443/443/432 497/497/1278
f 495/4788/464 463/4781/433 498/498/465
f 498/498/465 463/4781/433 472/4784/440
f 499/499/1254 475/475/467 500/500/469
f 472/4784/440 499/499/1254 498/498/465
f 499/499/1254 472/4784/440 475/475/467
f 474/474/441 501/501/466 475/475/467
f 502/502/468 474/474/441 476/476/442
f 501/501/466 474/474/441 502/502/468
f 500/500/469 475/475/467 501/501/466
f 496/4789/463 495/4788/464 498/498/465
f 497/4790/1278 496/4789/463 498/498/465
f 503/503/470 497/4790/1278 504/504/1283
f 497/4790/1278 498/498/465 504/504/1283
f 499/499/1254 504/504/1283 498/498/465
f 505/505/1261 499/499/1254 506/506/1263
f 506/506/1263 499/499/1254 500/500/469
f 507/507/474 508/508/471 500/500/469
f 476/476/442 492/492/472 502/502/468
f 507/507/474 501/501/466 502/502/468
f 509/509/473 502/502/468 492/492/472
f 502/502/468 509/509/473 510/510/503
f 500/500/469 501/501/466 507/507/474
f 508/508/471 507/507/474 511/511/1291
f 502/502/468 510/510/503 507/507/474
f 507/507/474 510/510/503 511/511/1291
f 480/4785/449 512/512/475 487/487/454
f 452/452/424 482/482/452 437/437/451
f 482/482/452 452/452/424 513/513/492
f 513/513/492 483/483/476 482/482/452
f 478/478/445 483/483/476 480/480/449
f 514/514/477 480/4785/449 483/4786/476
f 483/4786/476 515/515/496 514/514/477
f 513/4791/492 515/515/496 483/4786/476
f 515/515/496 516/516/485 514/514/477
f 516/516/485 517/517/483 514/514/477
f 514/514/477 517/517/483 480/4785/449
f 480/4785/449 517/517/483 512/512/475
f 518/518/487 519/519/478 512/512/479
f 489/489/457 488/488/455 520/520/480
f 520/520/480 488/488/455 487/487/454
f 520/520/480 487/487/454 512/512/479
f 512/512/479 519/519/478 520/520/480
f 493/493/481 489/489/457 520/520/480
f 521/521/482 492/492/472 493/493/481
f 521/521/482 493/493/481 520/520/480
f 520/520/480 519/519/478 518/518/487
f 520/520/480 518/518/487 521/521/482
f 522/522/507 523/523/488 524/524/484
f 517/517/483 524/524/484 512/512/475
f 512/512/475 524/524/484 525/525/490
f 516/516/485 524/524/484 517/517/483
f 522/522/507 524/524/484 516/516/485
f 512/512/479 526/526/486 518/518/487
f 523/523/488 525/525/490 524/524/484
f 523/523/488 527/527/489 525/525/490
f 528/528/491 526/526/486 512/512/479
f 512/512/479 525/525/490 528/528/491
f 525/525/490 527/527/489 528/528/491
f 455/455/429 513/513/492 452/452/424
f 513/4791/492 455/4779/429 529/529/493
f 530/530/494 513/4791/492 529/529/493
f 531/531/495 492/492/472 521/521/482
f 457/457/431 529/529/493 455/4779/429
f 532/532/499 530/530/494 529/529/493
f 532/532/499 533/533/498 530/530/494
f 513/4791/492 530/530/494 515/515/496
f 515/515/496 530/530/494 533/533/498
f 515/515/496 533/533/498 516/516/485
f 531/531/495 521/521/482 518/518/487
f 531/531/495 518/518/487 534/534/508
f 535/535/506 516/516/485 533/533/498
f 459/459/497 529/529/493 457/457/431
f 459/459/497 532/532/499 529/529/493
f 533/533/498 532/532/499 536/536/500
f 536/536/500 532/532/499 459/459/497
f 536/536/500 535/535/506 533/533/498
f 459/459/497 458/458/1197 537/537/501
f 459/459/497 537/537/501 536/536/500
f 509/509/473 492/492/472 531/531/495
f 509/509/473 531/531/495 534/534/508
f 534/534/508 538/538/504 509/509/473
f 510/510/503 509/509/473 538/538/504
f 539/539/502 510/510/503 538/538/504
f 538/538/504 534/534/508 540/540/505
f 540/540/505 539/539/502 538/538/504
f 535/535/506 522/522/507 516/516/485
f 518/518/487 526/526/486 534/534/508
f 528/528/491 541/541/509 526/526/486
f 542/542/510 534/534/508 526/526/486
f 542/542/510 526/526/486 541/541/509
f 522/522/507 543/543/1531 523/523/488
f 543/543/1531 527/527/489 523/523/488
f 544/544/511 528/528/491 527/527/489
f 528/528/491 544/544/511 541/541/509
f 543/543/1531 545/545/1533 527/527/489
f 527/527/489 545/545/1533 544/544/511
f 546/546/1296 535/535/506 536/536/500
f 547/547/1300 522/522/507 535/535/506
f 535/535/506 546/546/1296 547/547/1300
f 548/548/3297 549/549/512 550/550/1537
f 541/541/509 549/549/512 542/542/510
f 549/549/512 541/541/509 551/551/513
f 540/540/505 534/534/508 542/542/510
f 540/540/505 542/542/510 539/539/502
f 539/539/502 542/542/510 549/549/512
f 549/549/512 551/551/513 550/550/1537
f 552/552/514 553/553/554 554/554/515
f 552/552/514 555/555/523 556/556/516
f 556/556/516 557/557/553 552/552/514
f 554/554/515 553/553/554 558/558/543
f 559/559/517 554/554/515 558/4792/543
f 559/559/517 560/560/520 554/554/515
f 559/559/517 561/561/518 560/560/520
f 552/552/514 554/554/515 562/562/524
f 561/561/518 563/563/519 560/560/520
f 560/560/521 562/562/524 554/554/515
f 562/562/524 560/560/520 563/563/519
f 564/564/522 555/555/523 562/562/524
f 562/562/524 555/555/523 552/552/514
f 562/562/524 563/563/519 564/564/522
f 556/556/516 555/555/523 565/565/525
f 564/564/522 566/566/526 555/555/523
f 567/567/551 568/568/527 569/569/531
f 570/570/528 571/571/529 569/569/531
f 572/572/530 569/569/531 573/573/549
f 571/571/529 573/573/549 569/569/531
f 568/568/527 574/574/533 575/575/535
f 568/568/527 575/575/535 569/569/531
f 576/576/532 574/574/533 568/568/527
f 577/577/537 574/574/533 576/576/532
f 578/578/536 575/575/535 574/574/533
f 579/579/534 575/575/535 578/578/536
f 570/570/528 569/569/531 575/575/535
f 579/579/534 570/570/528 575/575/535
f 579/579/534 580/580/605 570/570/528
f 581/581/538 578/578/536 574/574/533
f 578/578/536 581/581/538 582/582/540
f 574/574/533 577/577/537 581/581/538
f 583/583/539 579/579/534 578/578/536
f 583/583/539 578/578/536 582/582/540
f 584/584/541 585/585/542 558/558/543
f 559/559/517 558/4792/543 586/586/544
f 586/586/544 558/4792/543 585/4794/542
f 587/587/545 585/4794/542 588/588/548
f 586/586/544 585/4794/542 587/587/545
f 587/587/545 589/589/547 586/586/544
f 590/590/561 586/586/544 589/589/547
f 591/591/546 590/590/561 589/589/547
f 592/592/576 587/587/545 588/588/548
f 567/4793/551 572/572/530 593/593/575
f 572/572/530 573/573/549 594/594/613
f 567/4793/551 569/569/531 572/572/530
f 594/594/613 595/595/550 593/593/575
f 596/596/552 567/4793/551 593/593/575
f 594/594/613 593/593/575 572/572/530
f 592/4795/576 597/597/563 567/4793/551
f 598/598/573 567/4793/551 596/596/552
f 553/553/554 584/584/541 558/558/543
f 552/552/514 557/557/553 553/553/554
f 584/584/541 553/553/554 557/557/553
f 584/584/541 599/599/566 600/600/562
f 600/600/562 585/585/542 584/584/541
f 601/601/557 576/576/532 602/602/571
f 603/603/555 601/601/557 602/602/571
f 604/604/556 584/584/541 557/557/553
f 599/599/566 584/584/541 604/604/556
f 605/605/558 577/577/537 601/601/557
f 603/603/555 606/606/559 601/601/557
f 601/601/557 577/577/537 576/576/532
f 605/605/558 601/601/557 606/606/559
f 561/561/518 559/559/517 586/586/544
f 561/561/518 586/586/544 590/590/561
f 590/590/561 563/563/519 561/561/518
f 607/607/560 563/563/519 590/590/561
f 585/4794/542 600/4798/562 588/588/548
f 588/588/548 600/4798/562 597/4796/563
f 600/4799/562 602/4801/571 597/597/563
f 588/588/548 597/4796/563 592/592/576
f 599/599/566 608/608/564 600/600/562
f 600/4800/562 608/4802/567 603/603/555
f 603/603/555 602/602/571 600/4800/562
f 609/609/565 599/599/566 604/604/556
f 563/563/519 607/607/560 564/564/522
f 610/610/569 603/603/555 608/4802/567
f 611/611/570 608/608/564 599/599/566
f 608/4802/567 611/4804/570 610/610/569
f 610/610/569 606/606/559 603/603/555
f 599/599/566 609/609/565 611/611/570
f 612/612/568 606/606/559 610/610/569
f 611/4804/570 612/612/568 610/610/569
f 576/576/532 568/568/527 567/567/551
f 602/602/571 576/576/532 567/567/551
f 577/577/537 605/605/558 581/581/538
f 597/597/563 602/4801/571 567/4793/551
f 589/589/547 587/587/545 592/592/576
f 589/589/547 613/613/581 591/591/546
f 613/613/581 589/589/547 592/592/576
f 614/614/582 591/591/546 613/613/581
f 615/615/572 598/598/573 596/596/552
f 616/616/574 596/596/552 593/593/575
f 616/616/574 593/593/575 595/595/550
f 595/595/550 617/617/619 616/616/574
f 615/615/572 596/596/552 616/616/574
f 616/616/574 618/618/577 615/615/572
f 616/616/574 617/617/619 618/618/577
f 598/598/573 592/4795/576 567/4793/551
f 592/592/576 598/4797/573 613/613/581
f 615/4805/572 613/613/581 598/4797/573
f 618/618/577 619/619/578 620/620/579
f 621/621/585 620/620/579 619/619/578
f 622/622/580 613/613/581 615/4805/572
f 622/622/580 614/614/582 613/613/581
f 618/618/577 623/623/583 615/615/572
f 622/622/580 615/4805/572 624/624/596
f 624/624/596 615/4805/572 623/4806/584
f 625/625/588 623/623/583 618/618/577
f 626/626/589 623/4806/584 625/4807/588
f 625/625/588 618/618/577 620/620/579
f 625/625/588 620/620/579 627/627/586
f 621/621/585 627/627/586 620/620/579
f 627/4808/586 628/628/587 625/4807/588
f 626/626/589 624/624/596 623/4806/584
f 626/626/589 625/4807/588 629/629/590
f 628/628/587 629/629/590 625/4807/588
f 607/607/560 590/590/561 591/591/546
f 607/607/560 566/566/526 564/564/522
f 630/630/591 566/566/526 607/607/560
f 631/631/598 591/591/546 614/614/582
f 631/631/598 607/607/560 591/591/546
f 632/632/592 627/627/586 621/621/585
f 628/4809/587 627/627/586 632/632/592
f 632/632/592 629/4810/590 628/4809/587
f 633/633/594 614/614/582 622/622/580
f 622/622/580 634/634/595 633/633/594
f 633/633/594 635/635/599 614/614/582
f 636/636/593 635/635/599 633/633/594
f 634/634/595 622/622/580 624/624/596
f 636/636/593 633/633/594 634/634/595
f 634/634/595 624/624/596 637/637/597
f 636/636/593 634/634/595 637/637/597
f 631/631/598 614/614/582 635/635/599
f 635/635/599 638/638/600 631/631/598
f 636/636/593 639/639/797 635/635/599
f 640/640/931 639/639/797 636/636/593
f 573/573/549 571/571/529 641/641/601
f 642/642/616 573/573/549 641/641/601
f 641/641/601 571/571/529 643/643/602
f 644/644/615 643/643/602 645/645/604
f 646/646/603 645/645/604 580/580/605
f 647/647/606 580/580/605 579/579/534
f 580/580/605 647/647/606 646/646/603
f 648/648/608 646/646/603 647/647/606
f 580/580/605 571/571/529 570/570/528
f 580/580/605 645/645/604 571/571/529
f 643/643/602 571/571/529 645/645/604
f 649/649/607 645/645/604 646/646/603
f 649/649/607 644/644/615 645/645/604
f 650/650/609 649/649/607 646/646/603
f 647/647/606 579/579/534 583/583/539
f 651/651/881 648/648/608 647/647/606
f 648/648/608 650/650/609 646/646/603
f 648/648/608 652/652/612 650/650/609
f 653/653/879 652/652/612 648/648/608
f 653/653/879 654/654/610 652/652/612
f 649/649/607 655/655/611 656/656/621
f 649/649/607 650/650/609 655/655/611
f 656/656/621 644/644/615 649/649/607
f 655/655/611 657/657/624 656/656/621
f 655/655/611 650/650/609 652/652/612
f 658/658/623 655/655/611 652/652/612
f 594/594/613 573/573/549 642/642/616
f 659/659/614 641/641/601 644/644/615
f 641/641/601 643/643/602 644/644/615
f 642/642/616 641/641/601 659/659/614
f 595/595/550 594/594/613 642/642/616
f 642/642/616 660/660/617 595/595/550
f 659/659/614 644/644/615 661/661/622
f 662/662/633 659/659/614 661/661/622
f 660/660/617 642/642/616 662/662/633
f 642/642/616 659/659/614 662/662/633
f 663/663/618 617/617/619 660/660/617
f 660/660/617 662/662/633 663/663/618
f 663/663/618 664/664/637 617/617/619
f 664/664/637 663/663/618 665/665/620
f 664/664/637 665/665/620 666/666/668
f 656/656/621 661/661/622 644/644/615
f 661/661/622 656/656/621 667/667/628
f 655/655/611 658/658/623 657/657/624
f 657/657/624 658/658/623 668/668/889
f 668/668/889 669/669/625 657/657/624
f 669/669/625 656/656/621 657/657/624
f 669/669/625 667/667/628 656/656/621
f 670/670/626 667/667/628 669/669/625
f 671/671/627 667/667/628 670/670/626
f 672/672/630 667/667/628 671/671/627
f 669/669/625 668/668/889 670/670/626
f 673/673/629 672/672/630 674/674/631
f 671/671/627 675/675/632 672/672/630
f 674/674/631 672/672/630 675/675/632
f 673/673/629 674/674/631 676/676/635
f 667/667/628 672/672/630 661/661/622
f 672/672/630 662/662/633 661/661/622
f 663/663/618 662/662/633 677/677/634
f 673/673/629 662/662/633 672/672/630
f 677/677/634 662/662/633 673/673/629
f 663/663/618 677/677/634 665/665/620
f 677/677/634 673/673/629 676/676/635
f 666/666/668 665/665/620 678/678/636
f 679/679/895 677/677/634 676/676/635
f 680/680/898 677/677/634 679/679/895
f 677/677/634 678/678/636 665/665/620
f 678/678/636 677/677/634 680/680/898
f 617/617/619 595/595/550 660/660/617
f 619/619/578 618/618/577 617/617/619
f 664/664/637 681/681/638 619/619/578
f 621/621/585 619/619/578 681/681/638
f 619/619/578 617/617/619 664/664/637
f 681/681/638 664/664/637 682/682/640
f 683/683/639 681/681/638 682/682/640
f 621/621/585 681/681/638 683/683/639
f 684/684/644 626/626/589 629/629/590
f 629/4810/590 621/621/585 685/685/648
f 686/686/641 629/4810/590 685/685/648
f 686/4811/641 684/684/644 629/629/590
f 683/683/639 685/685/648 621/621/585
f 685/685/648 683/683/639 682/682/640
f 664/664/637 666/666/668 682/682/640
f 685/685/648 682/682/640 687/687/642
f 629/4810/590 632/632/592 621/621/585
f 682/682/640 666/666/668 687/687/642
f 624/624/596 626/626/589 688/688/643
f 688/688/643 626/626/589 689/689/645
f 684/684/644 689/689/645 626/626/589
f 684/684/644 690/690/646 689/689/645
f 686/4811/641 690/690/646 684/684/644
f 624/624/596 688/688/643 637/637/597
f 691/691/647 686/686/641 685/685/648
f 688/688/643 689/689/645 692/692/654
f 690/690/646 693/693/664 689/689/645
f 693/693/664 692/692/654 689/689/645
f 690/690/646 686/4811/641 691/4812/647
f 690/690/646 691/4812/647 693/693/659
f 694/694/651 636/636/593 637/637/597
f 637/637/597 688/688/643 695/695/649
f 637/637/597 696/696/650 694/694/651
f 691/691/647 685/685/648 687/687/642
f 695/695/649 688/688/643 692/692/654
f 695/695/649 692/692/654 697/697/652
f 698/698/653 697/697/652 692/692/654
f 696/696/650 637/637/597 695/695/649
f 694/694/651 696/696/650 699/699/655
f 696/696/650 695/695/649 700/700/657
f 695/695/649 697/697/652 701/701/656
f 697/697/652 702/702/667 703/703/672
f 700/700/657 695/695/649 701/701/656
f 704/704/686 696/696/650 700/700/657
f 700/700/657 701/701/656 705/705/658
f 687/687/642 706/706/670 691/691/647
f 693/693/659 691/4812/647 706/4813/670
f 707/707/660 706/4813/670 708/708/674
f 708/708/674 709/709/661 707/707/660
f 708/708/674 710/710/662 709/709/661
f 711/711/663 692/692/654 693/693/664
f 711/711/663 693/693/664 712/712/666
f 712/712/665 693/693/659 706/4813/670
f 712/712/665 706/4813/670 707/707/660
f 711/711/663 698/698/653 692/692/654
f 707/707/660 709/709/661 712/712/666
f 709/709/661 711/711/663 712/712/666
f 709/709/661 702/702/667 698/698/653
f 698/698/653 711/711/663 709/709/661
f 702/702/667 697/697/652 698/698/653
f 710/710/662 702/702/667 709/709/661
f 713/713/669 687/687/642 666/666/668
f 706/706/670 687/687/642 713/713/669
f 713/713/669 714/714/902 706/706/670
f 706/706/670 714/714/902 715/715/677
f 714/714/902 716/716/671 715/715/677
f 701/701/656 697/697/652 703/703/672
f 701/701/656 717/717/682 705/705/658
f 708/708/674 706/4813/670 718/718/676
f 719/719/673 702/702/667 710/710/662
f 710/710/662 708/708/674 719/719/673
f 720/720/678 702/702/667 719/719/673
f 721/721/675 722/722/680 702/702/667
f 702/702/667 720/720/678 721/721/675
f 718/718/676 706/4813/670 715/4814/677
f 708/708/674 718/718/676 719/719/673
f 719/719/673 718/718/676 720/720/678
f 718/718/676 715/4814/677 720/720/678
f 703/703/672 702/702/667 722/722/680
f 703/703/672 717/717/682 701/701/656
f 721/721/675 720/720/678 723/723/919
f 724/724/921 721/721/675 723/723/919
f 722/722/680 725/725/681 703/703/672
f 726/726/679 722/722/680 721/721/675
f 726/726/679 725/725/681 722/722/680
f 717/717/682 703/703/672 725/725/681
f 727/727/683 725/725/681 728/728/703
f 725/725/681 726/726/679 728/728/703
f 726/726/679 721/721/675 724/724/921
f 699/699/655 696/696/650 704/704/686
f 640/640/931 636/636/593 694/694/651
f 640/640/931 694/694/651 699/699/655
f 640/640/931 729/729/684 730/730/685
f 640/640/931 699/699/655 729/729/684
f 700/700/657 705/705/658 704/704/686
f 729/729/684 699/699/655 704/704/686
f 731/731/687 729/729/684 704/704/686
f 730/730/685 729/729/684 731/731/687
f 705/705/658 732/732/688 704/704/686
f 731/731/687 704/704/686 732/732/688
f 732/732/688 733/733/690 731/731/687
f 705/705/658 717/717/682 734/734/689
f 717/717/682 725/725/681 727/727/683
f 734/734/689 717/717/682 727/727/683
f 734/734/689 727/727/683 735/735/704
f 733/733/690 705/705/658 734/734/689
f 733/733/690 734/734/689 735/735/704
f 705/705/658 733/733/690 732/732/688
f 731/731/687 733/733/690 736/736/938
f 737/737/693 726/726/679 724/724/921
f 726/726/679 737/737/693 728/728/703
f 738/738/691 739/739/692 740/740/697
f 739/739/692 738/738/691 741/741/699
f 737/737/693 724/724/921 742/742/695
f 743/743/694 737/737/693 742/742/695
f 743/743/694 744/744/705 737/737/693
f 740/740/697 745/745/696 738/738/691
f 746/746/978 745/745/696 747/747/972
f 747/747/972 740/740/697 743/743/694
f 747/747/972 745/745/696 740/740/697
f 738/738/691 748/748/977 749/749/701
f 738/738/691 745/745/696 748/748/977
f 741/741/699 738/738/691 750/750/700
f 751/751/698 741/741/699 750/750/700
f 750/750/700 738/738/691 749/749/701
f 728/728/703 737/737/693 744/744/705
f 728/728/703 744/744/705 752/752/702
f 735/735/704 727/727/683 728/728/703
f 735/735/704 728/728/703 752/752/702
f 752/752/702 744/744/705 739/739/692
f 739/739/692 744/744/705 740/740/697
f 740/740/697 744/744/705 743/743/694
f 753/753/706 754/754/707 735/735/704
f 735/735/704 752/752/702 753/753/706
f 752/752/702 739/739/692 753/753/706
f 753/753/706 739/739/692 741/741/699
f 755/755/1011 753/753/706 741/741/699
f 733/733/690 735/735/704 754/754/707
f 755/755/1011 756/756/708 753/753/706
f 754/754/707 753/753/706 756/756/708
f 757/757/1007 756/756/708 758/758/1013
f 736/736/938 733/733/690 754/754/707
f 757/757/1007 754/754/707 756/756/708
f 751/751/698 755/755/1011 741/741/699
f 755/755/1011 758/758/1013 756/756/708
f 555/555/523 759/759/709 565/565/525
f 566/566/526 759/759/709 555/555/523
f 759/759/709 566/566/526 630/630/591
f 556/556/516 565/565/525 760/760/713
f 760/760/713 565/565/525 759/759/709
f 761/761/727 760/760/713 759/759/709
f 605/605/558 582/582/540 581/581/538
f 582/582/540 762/762/718 583/583/539
f 557/557/553 556/556/516 604/604/556
f 556/556/516 763/763/710 604/604/556
f 606/606/559 764/764/712 605/605/558
f 765/765/711 764/764/712 606/606/559
f 760/760/713 763/763/710 556/556/516
f 609/609/565 604/604/556 763/763/710
f 612/612/568 765/765/711 606/606/559
f 766/766/725 763/763/710 760/760/713
f 767/767/714 763/763/710 766/766/725
f 764/764/712 582/582/540 605/605/558
f 768/768/716 762/762/718 582/582/540
f 764/764/712 768/768/716 582/582/540
f 764/764/712 769/769/715 768/768/716
f 770/770/717 762/762/718 768/768/716
f 771/771/883 762/762/718 770/770/717
f 768/768/716 772/772/885 770/770/717
f 770/770/717 772/772/885 771/771/883
f 765/765/711 769/769/715 764/764/712
f 769/769/715 772/772/885 768/768/716
f 765/765/711 773/773/739 769/769/715
f 765/765/711 774/774/719 773/773/739
f 775/775/720 769/769/715 773/773/739
f 775/775/720 772/772/885 769/769/715
f 776/776/721 759/759/709 630/630/591
f 630/630/591 777/777/752 776/776/721
f 778/778/722 761/761/727 759/759/709
f 779/779/723 760/760/713 761/761/727
f 780/780/724 766/766/725 760/760/713
f 779/779/723 780/780/724 760/760/713
f 778/778/722 781/781/726 761/761/727
f 759/759/709 776/776/721 778/778/722
f 782/782/728 778/778/722 776/776/721
f 778/778/722 783/783/729 784/784/730
f 782/782/728 776/776/721 777/777/752
f 783/783/729 778/778/722 782/782/728
f 777/777/752 783/783/729 782/782/728
f 783/783/729 777/777/752 785/785/731
f 785/785/731 777/777/752 786/786/753
f 787/787/732 612/612/568 611/4804/570
f 787/787/732 611/4804/570 609/4803/565
f 787/787/732 609/4803/565 788/788/734
f 788/788/734 609/4803/565 767/4815/714
f 789/789/736 612/612/568 787/787/732
f 789/789/736 787/787/732 790/790/733
f 612/612/568 789/789/736 774/774/719
f 790/790/733 787/787/732 788/788/734
f 788/788/734 791/791/735 790/790/733
f 791/791/735 789/789/736 790/790/733
f 609/609/565 763/763/710 767/767/714
f 766/766/725 792/792/744 767/767/714
f 788/788/734 767/4815/714 792/4816/744
f 793/793/737 789/789/736 791/791/735
f 777/777/752 630/630/591 607/607/560
f 631/631/598 777/777/752 607/607/560
f 792/4816/744 794/794/738 788/788/734
f 795/795/742 793/793/737 791/791/735
f 795/795/742 791/791/735 788/788/734
f 794/794/738 795/795/742 788/788/734
f 774/774/719 765/765/711 612/612/568
f 773/773/739 774/774/719 796/796/740
f 774/774/719 789/789/736 793/793/737
f 796/796/740 793/793/737 797/797/741
f 792/792/744 766/766/725 798/798/754
f 798/798/754 766/766/725 780/780/724
f 795/795/742 797/797/741 793/793/737
f 795/795/742 794/794/738 799/799/743
f 800/800/747 795/795/742 799/799/743
f 794/794/738 792/4816/744 801/801/745
f 801/801/745 799/799/743 794/794/738
f 802/802/746 799/799/743 801/801/745
f 802/802/746 803/803/748 799/799/743
f 799/799/743 803/803/748 800/800/747
f 804/804/784 802/802/746 801/801/745
f 800/800/747 797/797/741 795/795/742
f 797/797/741 800/800/747 803/803/748
f 805/805/749 797/797/741 803/803/748
f 806/806/750 797/797/741 805/805/749
f 773/773/739 796/796/740 807/807/751
f 793/793/737 796/796/740 774/774/719
f 796/796/740 797/797/741 807/807/751
f 775/775/720 773/773/739 808/808/910
f 773/773/739 807/807/751 808/808/910
f 807/807/751 797/797/741 809/809/909
f 638/638/600 777/777/752 631/631/598
f 804/804/784 803/803/748 802/802/746
f 638/638/600 786/786/753 777/777/752
f 781/781/726 779/779/723 761/761/727
f 781/781/726 780/780/724 779/779/723
f 798/798/754 780/780/724 810/810/755
f 784/784/730 781/781/726 778/778/722
f 811/811/756 781/781/726 784/784/730
f 812/812/769 781/781/726 811/811/756
f 780/780/724 813/813/757 810/810/755
f 781/781/726 813/813/757 780/780/724
f 814/814/761 810/810/755 813/813/757
f 812/812/769 815/815/758 781/781/726
f 815/815/758 813/813/757 781/781/726
f 814/814/761 813/813/757 816/816/759
f 817/817/760 814/814/761 816/816/759
f 783/783/729 811/811/756 784/784/730
f 811/811/756 783/783/729 785/785/731
f 818/818/765 819/819/790 820/820/763
f 818/4818/765 821/821/762 819/4819/791
f 822/822/768 811/811/756 785/785/731
f 820/820/763 823/823/780 824/824/764
f 820/820/763 824/824/764 825/825/766
f 813/813/757 815/815/758 826/826/812
f 818/818/765 820/820/763 825/825/766
f 818/818/765 825/825/766 827/827/767
f 827/827/767 825/825/766 828/828/777
f 815/815/758 812/812/769 826/826/812
f 829/829/834 826/826/812 812/812/769
f 822/822/768 812/812/769 811/811/756
f 830/830/770 821/821/771 831/831/772
f 831/831/773 821/821/762 818/4818/765
f 818/818/765 827/827/767 831/4821/773
f 830/830/770 831/831/772 827/4820/774
f 832/832/775 830/830/770 827/4820/774
f 828/828/777 832/4822/775 827/827/774
f 833/833/776 832/4822/775 828/828/777
f 833/833/776 828/828/777 834/834/810
f 829/829/834 812/812/769 822/822/768
f 792/792/744 798/798/754 835/835/778
f 836/836/779 798/798/754 810/810/755
f 801/4817/745 792/792/744 835/835/778
f 801/4817/745 823/823/780 837/837/783
f 835/835/778 798/798/754 836/836/779
f 823/823/780 835/835/778 836/836/779
f 823/823/780 801/4817/745 835/835/778
f 838/838/781 823/823/780 836/836/779
f 797/797/741 839/839/782 809/809/909
f 797/797/741 806/806/750 839/839/782
f 838/838/781 836/836/779 810/810/755
f 823/823/780 838/838/781 824/824/764
f 838/838/781 810/810/755 814/814/761
f 817/817/760 838/838/781 814/814/761
f 824/824/764 838/838/781 817/817/760
f 801/801/745 837/4824/783 804/804/784
f 803/803/748 840/840/787 805/805/749
f 837/4824/783 840/840/785 804/804/784
f 803/803/748 804/804/784 840/840/785
f 841/841/788 840/840/785 837/4824/783
f 842/842/786 805/805/749 840/840/787
f 840/840/787 841/841/788 842/842/786
f 841/841/788 837/4824/783 843/843/789
f 819/819/790 837/837/783 823/823/780
f 837/4824/783 819/4819/790 843/843/789
f 842/842/786 841/841/788 843/843/789
f 842/842/786 843/843/789 819/4819/791
f 821/821/771 805/805/749 842/842/786
f 819/4819/791 821/821/762 842/842/786
f 819/819/790 823/823/780 820/820/763
f 844/844/792 805/805/749 832/832/793
f 830/830/770 832/832/793 805/805/749
f 844/844/792 806/806/750 805/805/749
f 844/844/792 845/845/794 806/806/750
f 830/830/770 805/805/749 821/821/771
f 806/806/750 845/845/794 839/839/782
f 846/846/795 635/635/599 639/639/797
f 846/846/795 786/786/753 638/638/600
f 846/846/795 638/638/600 635/635/599
f 847/847/796 786/786/753 846/846/795
f 847/847/796 846/846/795 848/848/801
f 639/639/797 848/848/801 846/846/795
f 639/639/797 849/849/798 848/848/801
f 639/639/797 850/850/942 849/849/798
f 851/851/799 785/785/731 786/786/753
f 851/851/799 786/786/753 847/847/796
f 851/851/799 822/822/768 785/785/731
f 852/852/800 822/822/768 851/851/799
f 851/851/799 847/847/796 852/852/800
f 853/853/804 852/852/800 847/847/796
f 854/854/803 848/848/801 849/849/798
f 849/849/798 850/850/942 855/855/802
f 854/854/803 849/849/798 855/855/802
f 854/854/803 855/855/802 856/856/806
f 854/854/803 857/857/805 848/848/801
f 853/853/804 847/847/796 848/848/801
f 853/853/804 848/848/801 857/857/805
f 854/854/803 856/856/806 857/857/805
f 856/856/806 858/858/807 859/859/808
f 859/859/808 857/857/805 856/856/806
f 860/860/809 857/857/805 859/859/808
f 816/816/759 813/813/757 826/826/812
f 825/825/766 824/824/764 861/861/814
f 825/825/766 834/834/810 828/828/777
f 862/862/811 816/816/759 826/826/812
f 862/862/811 817/817/760 816/816/759
f 863/863/813 861/861/814 817/817/760
f 834/834/810 825/825/766 861/861/814
f 834/834/810 861/861/814 863/863/813
f 834/834/810 864/864/815 833/833/776
f 865/865/816 834/834/810 863/863/813
f 864/864/815 834/834/810 865/865/817
f 865/865/817 866/866/818 864/864/815
f 862/862/811 863/863/813 817/817/760
f 826/826/812 867/867/822 862/862/811
f 867/867/822 868/868/819 862/862/811
f 868/868/819 869/869/820 862/862/811
f 863/863/813 862/862/811 869/869/820
f 829/829/834 870/870/821 871/871/824
f 871/871/824 826/826/812 829/829/834
f 872/872/853 866/866/818 865/865/817
f 871/871/824 867/867/822 826/826/812
f 873/873/823 867/867/822 871/871/824
f 873/873/823 874/874/831 867/867/822
f 867/867/822 875/875/826 868/868/819
f 872/872/825 863/863/813 869/869/820
f 867/867/822 874/874/831 875/875/826
f 869/869/820 876/876/854 872/872/825
f 875/875/826 876/876/832 868/868/819
f 869/869/820 868/868/819 876/876/832
f 863/863/813 872/872/825 865/865/816
f 861/861/814 824/824/764 817/817/760
f 844/844/792 832/832/793 833/4823/827
f 833/4823/827 864/4826/828 844/844/792
f 844/844/792 864/4826/828 866/4827/818
f 845/845/794 844/844/792 866/4827/818
f 877/877/829 875/875/826 874/874/831
f 876/876/832 875/875/826 877/877/829
f 878/878/830 877/877/829 874/874/831
f 876/876/832 877/877/829 879/879/833
f 829/829/834 822/822/768 880/880/838
f 870/870/821 829/829/834 880/880/838
f 881/881/835 882/882/837 883/883/840
f 881/881/835 884/884/836 882/882/837
f 884/884/836 871/871/824 870/870/821
f 871/871/824 884/884/836 873/873/823
f 882/882/837 870/870/821 880/880/838
f 852/852/800 882/882/837 880/880/838
f 882/882/837 884/884/836 870/870/821
f 852/852/800 880/880/838 822/822/768
f 853/853/804 885/885/839 852/852/800
f 885/885/839 853/853/804 886/886/844
f 883/883/840 887/887/841 888/888/849
f 888/888/849 887/887/841 889/889/867
f 882/882/837 852/852/800 883/883/840
f 885/885/839 887/887/841 852/852/800
f 852/852/800 887/887/841 883/883/840
f 886/886/844 887/887/841 885/885/839
f 890/890/842 889/889/867 887/887/841
f 887/887/841 886/886/844 890/890/842
f 889/889/867 890/890/842 891/891/1032
f 860/860/809 886/886/844 853/853/804
f 860/860/809 892/892/843 886/886/844
f 860/860/809 853/853/804 857/857/805
f 892/892/843 860/860/809 859/859/808
f 886/886/844 892/892/843 893/893/845
f 890/890/842 886/886/844 893/893/845
f 881/881/835 873/873/823 884/884/836
f 873/873/823 881/881/835 894/894/848
f 873/873/823 894/894/848 895/895/846
f 896/896/847 894/894/848 881/881/835
f 896/896/847 881/881/835 888/888/849
f 881/881/835 883/883/840 888/888/849
f 897/897/850 896/896/847 888/888/849
f 898/898/851 894/894/848 896/896/847
f 897/897/850 898/898/851 896/896/847
f 899/899/852 866/866/818 872/872/853
f 873/873/823 878/878/830 874/874/831
f 877/877/829 878/878/830 900/900/857
f 873/873/823 895/895/846 878/878/830
f 899/899/852 872/872/853 901/901/862
f 901/901/862 872/872/825 876/876/854
f 902/902/855 900/900/857 895/895/846
f 895/895/846 894/894/848 902/902/855
f 898/898/851 902/902/855 894/894/848
f 903/903/869 904/904/856 898/898/851
f 900/900/857 902/902/855 905/905/859
f 900/900/857 905/905/859 906/906/858
f 904/904/856 902/902/855 898/898/851
f 904/904/856 905/905/859 902/902/855
f 877/877/829 900/900/857 879/879/833
f 895/895/846 900/900/857 878/878/830
f 876/876/832 879/879/833 907/907/860
f 901/901/862 876/876/854 907/907/860
f 907/907/860 908/908/861 901/901/862
f 899/899/852 901/901/862 908/908/861
f 909/909/864 879/879/833 900/900/857
f 909/909/864 900/900/857 910/910/863
f 909/909/864 910/910/863 911/911/866
f 907/907/860 879/879/833 909/909/864
f 907/907/860 909/909/864 908/908/861
f 912/912/865 845/4825/794 899/899/852
f 908/908/861 909/909/864 911/911/866
f 899/899/852 908/908/861 912/912/865
f 889/889/867 897/897/850 888/888/849
f 913/913/870 898/898/851 897/897/850
f 889/889/867 914/914/868 897/897/850
f 914/914/868 913/913/870 897/897/850
f 889/889/867 891/891/1032 914/914/868
f 903/903/869 898/898/851 913/913/870
f 915/915/874 916/916/871 913/913/870
f 916/916/871 903/903/869 913/913/870
f 904/904/856 903/903/869 916/916/871
f 913/913/870 914/914/868 915/915/874
f 917/917/873 916/916/871 915/915/874
f 918/918/872 917/917/873 915/915/874
f 866/866/818 899/899/852 845/4825/794
f 839/839/782 845/845/794 919/919/875
f 839/839/782 919/919/875 920/920/1569
f 920/920/1569 921/921/876 839/839/782
f 922/922/1580 923/923/929 924/924/877
f 924/924/877 921/921/876 925/925/878
f 925/925/878 921/921/876 920/920/1569
f 647/647/606 583/583/539 651/651/881
f 651/651/881 653/653/879 648/648/608
f 583/583/539 762/762/718 651/651/881
f 762/762/718 926/926/880 651/651/881
f 651/651/881 926/926/880 653/653/879
f 653/653/879 927/927/882 654/654/610
f 771/771/883 926/926/880 762/762/718
f 928/928/884 926/926/880 771/771/883
f 772/772/885 928/928/884 771/771/883
f 927/927/882 653/653/879 926/926/880
f 927/927/882 926/926/880 928/928/884
f 927/927/882 928/928/884 929/929/887
f 929/929/887 930/930/886 927/927/882
f 929/929/887 928/928/884 772/772/885
f 658/658/623 652/652/612 654/654/610
f 658/658/623 654/654/610 930/930/886
f 654/654/610 927/927/882 930/930/886
f 658/658/623 930/930/886 668/668/889
f 775/775/720 929/929/887 772/772/885
f 775/775/720 808/808/910 929/929/887
f 929/929/887 808/808/910 931/931/888
f 929/929/887 932/932/912 930/930/886
f 668/668/889 930/930/886 933/933/890
f 932/932/912 933/933/890 930/930/886
f 933/933/890 934/934/891 668/668/889
f 933/933/890 932/932/912 935/935/892
f 933/933/890 935/935/892 936/936/893
f 936/936/893 934/934/891 933/933/890
f 937/937/1080 934/934/891 936/936/893
f 938/938/904 937/937/1080 936/936/893
f 936/936/893 939/939/915 938/938/904
f 940/940/894 675/675/632 941/941/907
f 940/940/894 942/942/1070 675/675/632
f 671/671/627 941/941/907 675/675/632
f 941/941/907 671/671/627 670/670/626
f 943/943/899 676/676/635 674/674/631
f 675/675/632 942/942/1070 674/674/631
f 943/943/899 674/674/631 942/942/1070
f 676/676/635 943/943/899 679/679/895
f 668/668/889 941/941/907 670/670/626
f 666/666/668 678/678/636 944/944/896
f 713/713/669 666/666/668 944/944/896
f 945/945/897 680/680/898 679/679/895
f 680/680/898 945/945/897 678/678/636
f 945/945/897 943/943/899 946/946/900
f 943/943/899 942/942/1070 946/946/900
f 679/679/895 943/943/899 945/945/897
f 947/947/901 945/945/897 946/946/900
f 947/947/901 678/678/636 945/945/897
f 948/948/956 714/714/902 949/949/903
f 949/949/903 714/714/902 713/713/669
f 938/938/904 950/950/905 951/951/906
f 941/941/907 668/668/889 952/952/908
f 934/934/891 952/952/908 668/668/889
f 807/807/751 809/809/909 808/808/910
f 809/809/909 931/931/888 808/808/910
f 929/929/887 953/953/911 932/932/912
f 929/929/887 931/931/888 953/953/911
f 954/954/913 953/953/911 931/931/888
f 953/953/911 954/954/913 955/955/927
f 956/956/914 935/935/892 932/932/912
f 955/955/927 932/932/912 953/953/911
f 932/932/912 955/955/927 956/956/914
f 956/956/914 936/936/893 935/935/892
f 956/956/914 939/939/915 936/936/893
f 957/957/916 956/956/914 955/955/927
f 957/957/916 939/939/915 956/956/914
f 958/958/930 957/957/916 955/955/927
f 957/957/916 958/958/930 959/959/917
f 959/959/917 939/939/915 957/957/916
f 959/959/917 938/938/904 939/939/915
f 960/960/918 715/715/677 716/716/671
f 720/720/678 715/4814/677 960/4829/918
f 723/723/919 720/720/678 960/4829/918
f 723/723/919 960/4829/918 961/961/924
f 962/962/920 723/723/919 961/961/924
f 724/724/921 723/723/919 962/962/920
f 963/963/922 960/4830/918 964/964/954
f 961/961/924 960/4829/918 963/4831/922
f 961/961/924 963/4831/922 965/965/923
f 962/962/920 961/961/924 966/966/967
f 962/962/920 966/966/967 967/967/925
f 965/965/923 966/966/967 961/961/924
f 968/968/973 724/724/921 962/962/920
f 809/809/909 839/839/782 931/931/888
f 969/969/926 955/955/927 954/954/913
f 921/921/876 954/954/913 931/931/888
f 954/954/913 921/921/876 969/969/926
f 839/839/782 921/921/876 931/931/888
f 921/921/876 924/924/877 969/969/926
f 970/970/928 955/955/927 969/969/926
f 955/955/927 970/970/928 958/958/930
f 924/924/877 970/970/928 969/969/926
f 970/970/928 923/923/929 958/958/930
f 938/938/904 959/959/917 950/950/905
f 959/959/917 958/958/930 950/950/905
f 850/850/942 639/639/797 640/640/931
f 850/850/942 640/640/931 730/730/685
f 730/730/685 971/971/932 850/850/942
f 971/971/932 730/730/685 731/731/687
f 972/972/934 971/971/932 973/973/933
f 972/972/934 850/850/942 971/971/932
f 972/972/934 973/973/933 974/974/940
f 974/974/940 975/975/936 972/972/934
f 976/976/935 975/975/936 974/974/940
f 976/976/935 974/974/940 977/977/950
f 976/976/935 977/977/950 975/975/936
f 731/731/687 978/978/937 973/973/933
f 978/978/937 731/731/687 736/736/938
f 971/971/932 731/731/687 973/973/933
f 978/978/937 736/736/938 979/979/939
f 974/974/940 973/973/933 978/978/937
f 978/978/937 980/980/1009 974/974/940
f 978/978/937 979/979/939 980/980/1009
f 972/972/934 981/981/941 850/850/942
f 981/981/941 855/855/802 850/850/942
f 981/981/941 972/972/934 975/975/936
f 975/975/936 982/982/943 981/981/941
f 982/982/943 855/855/802 981/981/941
f 855/855/802 982/982/943 856/856/806
f 858/858/807 856/856/806 982/982/943
f 983/983/944 984/984/945 858/858/807
f 975/975/936 985/985/946 982/982/943
f 983/983/944 982/982/943 985/985/946
f 975/975/936 977/977/950 985/985/946
f 983/983/944 985/985/946 977/977/950
f 983/983/944 858/858/807 982/982/943
f 977/977/950 984/984/945 983/983/944
f 986/986/947 858/858/807 984/984/945
f 984/984/945 987/987/949 986/986/947
f 987/987/949 984/984/945 988/988/948
f 988/988/948 989/989/952 987/987/949
f 977/977/950 974/974/940 980/980/1009
f 977/977/950 980/980/1009 990/990/951
f 984/984/945 977/977/950 988/988/948
f 990/990/951 988/988/948 977/977/950
f 989/989/952 988/988/948 990/990/951
f 991/991/953 990/990/951 992/992/1010
f 989/989/952 990/990/951 991/991/953
f 716/716/671 714/714/902 948/948/956
f 964/4832/954 716/716/671 993/993/955
f 948/948/956 994/994/957 716/716/671
f 995/995/958 996/996/959 997/997/960
f 998/998/962 964/4832/954 993/993/955
f 998/998/962 993/993/955 999/999/961
f 994/994/957 948/948/956 1000/1000/994
f 994/994/957 993/993/955 716/716/671
f 999/999/961 1001/1001/984 998/998/962
f 1001/1001/984 999/999/961 1002/1002/963
f 995/995/958 1002/1002/963 1003/1003/964
f 1002/1002/963 999/999/961 1003/1003/964
f 994/994/957 1000/1000/994 993/993/955
f 999/999/961 993/993/955 1000/1000/994
f 996/996/959 1003/1003/964 1004/1004/998
f 1003/1003/964 999/999/961 1000/1000/994
f 1003/1003/964 1000/1000/994 1004/1004/998
f 1005/1005/988 995/995/958 997/997/960
f 996/996/959 995/995/958 1003/1003/964
f 716/716/671 964/4832/954 960/960/918
f 964/964/954 1006/1006/965 963/963/922
f 1007/1007/966 963/963/922 1006/1006/965
f 1007/4834/966 965/965/923 963/4831/922
f 1007/4834/966 966/966/967 965/965/923
f 966/966/967 1007/4834/966 1008/1008/968
f 1007/1007/966 1006/1006/965 1009/1009/969
f 1009/4835/969 1008/1008/968 1007/4834/966
f 1008/1008/968 1009/4835/969 1010/1010/970
f 1008/1008/968 967/967/925 966/966/967
f 967/967/925 1008/1008/968 1010/1010/970
f 1010/1010/970 1009/4835/969 1011/1011/983
f 968/968/973 742/742/695 724/724/921
f 742/742/695 968/968/973 743/743/694
f 1012/1012/971 747/747/972 743/743/694
f 746/746/978 747/747/972 1012/1012/971
f 1012/1012/971 1013/1013/974 746/746/978
f 967/967/925 968/968/973 962/962/920
f 968/968/973 1012/1012/971 743/743/694
f 1013/1013/974 1012/1012/971 1014/1014/975
f 1014/1014/975 1012/1012/971 1015/1015/976
f 968/968/973 1015/1015/976 1012/1012/971
f 1016/1016/999 748/748/977 745/745/696
f 746/746/978 1013/1013/974 1005/1005/988
f 745/745/696 746/746/978 997/997/960
f 997/997/960 1016/1016/999 745/745/696
f 997/997/960 746/746/978 1005/1005/988
f 1006/4833/965 964/4832/954 1017/1017/979
f 1017/4836/980 1009/1009/969 1006/1006/965
f 1017/1017/979 964/4832/954 1018/1018/981
f 1018/1018/982 1011/1011/983 1009/4835/969
f 1018/1018/982 1009/4835/969 1017/1017/980
f 1018/1018/981 964/4832/954 998/998/962
f 998/998/962 1011/1011/983 1018/1018/982
f 1011/1011/983 998/998/962 1001/1001/984
f 1010/1010/970 1011/1011/983 1001/1001/984
f 1010/1010/970 1001/1001/984 1019/1019/985
f 1019/1019/985 1001/1001/984 1002/1002/963
f 1020/1020/986 1019/1019/985 1002/1002/963
f 967/967/925 1010/1010/970 1021/1021/987
f 1021/1021/987 1010/1010/970 1019/1019/985
f 968/968/973 967/967/925 1021/1021/987
f 1021/1021/987 1020/1020/986 1015/1015/976
f 1021/1021/987 1019/1019/985 1020/1020/986
f 1015/1015/976 1020/1020/986 1014/1014/975
f 1021/1021/987 1015/1015/976 968/968/973
f 1005/1005/988 1002/1002/963 995/995/958
f 1013/1013/974 1020/1020/986 1005/1005/988
f 1005/1005/988 1020/1020/986 1002/1002/963
f 1014/1014/975 1020/1020/986 1013/1013/974
f 1022/1022/989 748/748/977 1023/1023/990
f 997/997/960 996/996/959 1016/1016/999
f 1016/1016/999 1023/1023/990 748/748/977
f 1024/1024/992 1023/1023/990 1025/1025/991
f 1022/1022/989 1023/1023/990 1024/1024/992
f 1024/1024/992 1026/1026/1003 1022/1022/989
f 1027/1027/993 1028/1028/997 1000/1000/994
f 1027/1027/995 948/948/956 1029/1029/996
f 1027/1027/995 1000/1000/994 948/948/956
f 1028/1028/997 1027/1027/993 1030/1030/1000
f 1027/1027/993 1029/1029/996 1030/1030/1000
f 1000/1000/994 1028/1028/997 1004/1004/998
f 996/996/959 1004/1004/998 1028/1028/997
f 1016/1016/999 996/996/959 1028/1028/997
f 1016/1016/999 1028/1028/997 1030/1030/1000
f 1030/1030/1000 1031/1031/1075 1016/1016/999
f 1031/1031/1075 1023/1023/990 1016/1016/999
f 749/749/701 748/748/977 1022/1022/989
f 1032/1032/1001 1033/1033/1002 749/749/701
f 1022/1022/989 1032/1032/1001 749/749/701
f 1033/1033/1002 751/751/698 750/750/700
f 1033/1033/1002 750/750/700 749/749/701
f 751/751/698 1033/1033/1002 1034/1034/1012
f 1035/1035/1004 1033/1033/1002 1032/1032/1001
f 1034/1034/1012 1033/1033/1002 1035/1035/1004
f 1032/1032/1001 1022/1022/989 1026/1026/1003
f 1026/1026/1003 1035/1035/1004 1032/1032/1001
f 1034/1034/1012 1035/1035/1004 1036/1036/1005
f 1034/1034/1012 1036/1036/1005 1037/1037/1014
f 757/757/1007 736/736/938 754/754/707
f 1038/1038/1006 736/736/938 757/757/1007
f 736/736/938 1038/1038/1006 979/979/939
f 1039/1039/1008 979/979/939 1038/1038/1006
f 757/757/1007 1039/1039/1008 1038/1038/1006
f 758/758/1013 1039/1039/1008 757/757/1007
f 758/758/1013 1040/1040/1015 1039/1039/1008
f 980/980/1009 979/979/939 1039/1039/1008
f 992/992/1010 980/980/1009 1039/1039/1008
f 755/755/1011 751/751/698 1034/1034/1012
f 758/758/1013 755/755/1011 1034/1034/1012
f 758/758/1013 1034/1034/1012 1037/1037/1014
f 1037/1037/1014 1040/1040/1015 758/758/1013
f 1040/1040/1015 1037/1037/1014 1041/1041/1017
f 1041/1041/1017 1042/1042/1016 1040/1040/1015
f 1043/1043/1208 1037/1037/1014 1036/1036/1005
f 1043/1043/1208 1036/1036/1005 1044/1044/1209
f 1040/1040/1015 1042/1042/1016 1039/1039/1008
f 1039/1039/1008 1042/1042/1016 992/992/1010
f 1043/1043/1208 1041/1041/1017 1037/1037/1014
f 1045/1045/1019 1042/1042/1016 1041/1041/1017
f 990/990/951 980/980/1009 992/992/1010
f 991/991/953 992/992/1010 1046/1046/1018
f 1045/1045/1019 992/992/1010 1042/1042/1016
f 1046/1046/1018 992/992/1010 1045/1045/1019
f 1046/1046/1018 1045/1045/1019 1047/1047/1021
f 1048/1048/1020 1047/1047/1021 1045/1045/1019
f 1046/1046/1018 1047/1047/1021 1049/1049/1022
f 991/991/953 1046/1046/1018 1049/1049/1022
f 1049/1049/1022 1048/1048/1020 1050/1050/1023
f 1047/1047/1021 1048/1048/1020 1049/1049/1022
f 1051/1051/1223 1048/1048/1020 1045/1045/1019
f 923/923/929 970/970/928 924/924/877
f 958/958/930 923/923/929 922/922/1580
f 922/922/1580 1052/1052/1024 958/958/930
f 1052/1052/1024 950/950/905 958/958/930
f 951/951/906 950/950/905 1052/1052/1024
f 1053/1053/1025 991/991/953 1049/1049/1022
f 859/859/808 858/858/807 986/986/947
f 1054/1054/1027 891/891/1032 890/890/842
f 892/892/843 1055/1055/1028 893/893/845
f 1055/1055/1028 892/892/843 859/859/808
f 986/986/947 1056/1056/1026 859/859/808
f 859/859/808 1056/1056/1026 1055/1055/1028
f 1054/1054/1027 893/893/845 1055/1055/1028
f 1054/1054/1027 1055/1055/1028 1057/1057/1029
f 893/893/845 1054/1054/1027 890/890/842
f 1057/1057/1029 1058/1058/1031 1054/1054/1027
f 1058/1058/1031 1057/1057/1029 1059/1059/1030
f 1056/1056/1026 1060/1060/1046 1055/1055/1028
f 1057/1057/1029 1055/1055/1028 1060/1060/1046
f 1060/1060/1046 1059/1059/1030 1057/1057/1029
f 1059/1059/1030 1060/1060/1046 1061/1061/1041
f 1062/1062/1033 914/914/868 891/891/1032
f 1058/1058/1031 891/891/1032 1054/1054/1027
f 1058/1058/1031 1062/1062/1033 891/891/1032
f 915/915/874 914/914/868 1062/1062/1033
f 1058/1058/1031 1063/1063/1034 1062/1062/1033
f 1062/1062/1033 1063/1063/1034 1064/1064/1035
f 915/915/874 1065/1065/1037 918/918/872
f 1065/1065/1037 1066/1066/1036 918/918/872
f 1065/1065/1037 915/915/874 1062/1062/1033
f 1062/1062/1033 1064/1064/1035 1065/1065/1037
f 1067/1067/1038 1066/1066/1036 1065/1065/1037
f 1067/1067/1038 1065/1065/1037 1064/1064/1035
f 1063/1063/1034 1058/1058/1031 1059/1059/1030
f 1063/1063/1034 1059/1059/1030 1068/1068/1039
f 1063/1063/1034 1068/1068/1039 1064/1064/1035
f 1059/1059/1030 1069/1069/1040 1068/1068/1039
f 1069/1069/1040 1059/1059/1030 1061/1061/1041
f 1070/1070/1043 1069/1069/1040 1061/1061/1041
f 1067/1067/1038 1064/1064/1035 1068/1068/1039
f 1067/1067/1038 1068/1068/1039 1071/1071/1042
f 1071/1071/1042 1068/1068/1039 1072/1072/1044
f 1072/1072/1044 1068/1068/1039 1069/1069/1040
f 1070/1070/1043 1072/1072/1044 1069/1069/1040
f 1073/1073/1054 1072/1072/1044 1070/1070/1043
f 1056/1056/1026 986/986/947 987/987/949
f 1074/1074/1045 1056/1056/1026 987/987/949
f 1074/1074/1045 1060/1060/1046 1056/1056/1026
f 1074/1074/1045 987/987/949 989/989/952
f 1075/1075/1050 1060/1060/1046 1074/1074/1045
f 1075/1075/1050 1074/1074/1045 1076/1076/1052
f 989/989/952 1076/1076/1052 1074/1074/1045
f 1061/1061/1041 1060/1060/1046 1075/1075/1050
f 989/989/952 1077/1077/1047 1076/1076/1052
f 1078/1078/1048 1076/1076/1052 1077/1077/1047
f 1077/1077/1047 1079/1079/1049 1078/1078/1048
f 1079/1079/1049 1077/1077/1047 1053/1053/1025
f 1080/1080/1058 1079/1079/1049 1053/1053/1025
f 1075/1075/1050 1070/1070/1043 1061/1061/1041
f 1081/1081/1051 1070/1070/1043 1075/1075/1050
f 1081/1081/1051 1075/1075/1050 1076/1076/1052
f 1073/1073/1054 1070/1070/1043 1081/1081/1051
f 1081/1081/1051 1082/1082/1053 1073/1073/1054
f 1076/1076/1052 1083/1083/1055 1081/1081/1051
f 1082/1082/1053 1081/1081/1051 1083/1083/1055
f 1083/1083/1055 1084/1084/1823 1082/1082/1053
f 1083/1083/1055 1078/1078/1048 1085/1085/1056
f 1083/1083/1055 1076/1076/1052 1078/1078/1048
f 1078/1078/1048 1079/1079/1049 1085/1085/1056
f 1084/1084/1823 1083/1083/1055 1085/1085/1056
f 1085/1085/1056 1079/1079/1049 1080/1080/1058
f 1085/1085/1056 1086/1086/1057 1084/1084/1823
f 1086/1086/1057 1085/1085/1056 1080/1080/1058
f 1077/1077/1047 989/989/952 991/991/953
f 1077/1077/1047 991/991/953 1053/1053/1025
f 1053/1053/1025 1049/1049/1022 1050/1050/1023
f 1080/1080/1058 1053/1053/1025 1050/1050/1023
f 1080/1080/1058 1050/1050/1023 1087/1087/1061
f 1088/1088/1059 1087/1087/1061 1050/1050/1023
f 1089/1089/1060 1080/1080/1058 1087/1087/1061
f 1089/1089/1060 1090/1090/1062 1080/1080/1058
f 1088/1088/1059 1091/1091/1063 1087/1087/1061
f 1087/1087/1061 1092/1092/1064 1089/1089/1060
f 1091/1091/1063 1092/1092/1064 1087/1087/1061
f 1092/1092/1064 1091/1091/1063 1093/1093/1065
f 1094/1094/1236 1093/1093/1065 1091/1091/1063
f 1090/1090/1062 1089/1089/1060 1092/1092/1064
f 1093/1093/1065 1090/1090/1062 1092/1092/1064
f 946/946/900 942/942/1070 1095/1095/1066
f 946/946/900 1095/1095/1067 1096/1096/1068
f 947/947/901 946/946/900 1096/1096/1068
f 1096/1096/1068 1095/1095/1067 1097/1097/1074
f 1097/1097/1074 1098/1098/1069 1096/1096/1068
f 952/952/908 934/934/891 1099/1099/1159
f 942/942/1070 1100/1100/1073 1101/1101/1071
f 940/940/894 941/941/907 1102/1102/1157
f 1102/1102/1157 941/941/907 952/952/908
f 1095/1095/1066 942/942/1070 1101/1101/1071
f 1097/1097/1074 1095/1095/1067 1101/1101/1072
f 1100/1100/1073 1097/1097/1074 1101/1101/1072
f 1096/1096/1068 678/678/636 947/947/901
f 1098/1098/1069 678/678/636 1096/1096/1068
f 678/678/636 1098/1098/1069 944/944/896
f 1103/1103/1077 1104/1104/1088 1031/1031/1075
f 949/949/903 1029/1029/996 948/948/956
f 1105/1105/1083 1031/1031/1075 1030/1030/1000
f 1029/1029/996 1105/1105/1083 1030/1030/1000
f 1105/1105/1083 1103/1103/1077 1031/1031/1075
f 1106/1106/1076 1103/1103/1077 1107/1107/1081
f 1103/1103/1077 1106/1106/1076 1104/1104/1088
f 1108/1108/1127 1109/1109/1078 1110/1110/1079
f 934/934/891 937/937/1080 1099/1099/1159
f 949/949/903 1111/1111/1085 1029/1029/996
f 1105/1105/1083 1112/1112/1082 1103/1103/1077
f 1107/1107/1081 1103/1103/1077 1112/1112/1082
f 1105/1105/1083 1029/1029/996 1111/1111/1085
f 1111/1111/1085 1112/1112/1082 1105/1105/1083
f 1113/1113/1084 713/713/669 944/944/896
f 949/949/903 713/713/669 1114/1114/1086
f 1111/1111/1085 949/949/903 1114/1114/1086
f 713/713/669 1113/1113/1084 1114/1114/1086
f 1111/1111/1085 1114/1114/1086 1115/1115/1087
f 1115/1115/1087 1116/1116/1089 1111/1111/1085
f 1117/1117/1124 1116/1116/1089 1118/1118/1122
f 1116/1116/1089 1115/1115/1087 1118/1118/1131
f 1106/1106/1076 1107/1107/1081 1117/1117/1124
f 1104/1104/1088 1106/1106/1076 1119/1119/1123
f 1110/1110/1079 1109/1109/1078 1104/1104/1088
f 1116/1116/1089 1107/1107/1081 1112/1112/1082
f 1112/1112/1082 1111/1111/1085 1116/1116/1089
f 1116/1116/1089 1117/1117/1124 1107/1107/1081
f 940/940/894 1120/1120/1090 942/942/1070
f 942/942/1070 1120/1120/1090 1121/1121/1091
f 1121/1121/1091 1100/1100/1073 942/942/1070
f 1120/1120/1090 940/940/894 413/413/1092
f 1122/1122/1093 1121/1121/1091 1120/1120/1090
f 1123/1123/1096 1121/1121/1091 1122/1122/1093
f 1102/1102/1157 413/413/1092 940/940/894
f 1120/1120/1090 413/413/1092 415/415/397
f 415/415/397 1124/1124/1104 1120/1120/1090
f 414/414/394 413/413/1092 1102/1102/1157
f 414/414/394 1102/1102/1157 416/416/1094
f 1122/1122/1093 1120/1120/1090 1124/1124/1104
f 1123/1123/1096 1122/1122/1093 1124/1124/1104
f 1125/1125/1105 1126/1126/1095 1127/1127/1098
f 1125/1125/1105 1127/1127/1098 1123/1123/1096
f 1097/1097/1074 1100/1100/1073 1121/1121/1091
f 1121/1121/1091 1123/1123/1096 1097/1097/1074
f 1097/1097/1074 1123/1123/1096 1098/1098/1069
f 1123/1123/1096 1127/1127/1098 1098/1098/1069
f 944/944/896 1098/1098/1069 1127/1127/1098
f 1128/1128/1097 944/944/896 1127/1127/1098
f 1128/1128/1097 1129/1129/1099 944/944/896
f 1129/1129/1099 1113/1113/1084 944/944/896
f 1129/1129/1099 1128/1128/1097 1127/1127/1098
f 1129/1129/1099 1127/1127/1098 1126/1126/1095
f 1130/1130/1100 1129/1129/1099 1126/1126/1095
f 1129/1129/1099 1130/1130/1100 1113/1113/1084
f 1130/1130/1100 1131/1131/1149 1132/1132/1101
f 1124/1124/1104 415/415/397 419/419/396
f 421/421/1102 1124/1124/1104 419/419/396
f 461/461/1103 1124/1124/1104 421/421/1102
f 1124/1124/1104 461/461/1103 1123/1123/1096
f 1125/1125/1105 1123/1123/1096 461/461/1103
f 1133/1133/1107 1125/1125/1105 461/461/1103
f 1133/1133/1107 1126/1126/1095 1125/1125/1105
f 461/461/1103 1134/1134/1106 1133/1133/1107
f 1133/1133/1107 1134/1134/1106 1135/1135/1275
f 443/443/432 461/461/1103 421/421/1102
f 1134/1134/1106 461/461/1103 1136/1136/1252
f 1137/1137/1109 1138/1138/1111 1139/1139/1108
f 1140/1140/1117 1137/1137/1109 1141/1141/1110
f 1142/1142/1267 1138/1138/1111 1137/1137/1109
f 1130/1130/1100 1126/1126/1095 1143/1143/1112
f 1144/1144/1114 1145/1145/1116 1139/1139/1108
f 1146/1146/1113 1144/1144/1114 1147/1147/1115
f 1141/1141/1110 1139/1139/1108 1145/1145/1116
f 1148/1148/1118 1149/1149/1119 1140/1140/1117
f 1141/1141/1110 1137/1137/1109 1139/1139/1108
f 1148/1148/1118 1140/1140/1117 1141/1141/1110
f 1141/1141/1110 1150/1150/1181 1148/1148/1118
f 1150/1150/1181 1149/1149/1119 1148/1148/1118
f 1151/1151/1182 1141/1141/1110 1145/1145/1116
f 1144/1144/1114 1146/1146/1113 1145/1145/1116
f 1151/1151/1182 1145/1145/1116 1146/1146/1113
f 1152/1152/1120 1149/1149/1119 1150/1150/1181
f 1153/1153/1184 1150/1150/1181 1141/1141/1110
f 1141/1141/1110 1151/1151/1182 1153/1153/1184
f 1154/1154/1210 1108/1108/1127 1155/1155/1121
f 1114/1114/1086 1113/1113/1084 1156/1156/1130
f 1117/1117/1124 1118/1118/1122 1157/1157/1133
f 1119/1119/1123 1106/1106/1076 1117/1117/1124
f 1157/1157/1133 1158/1158/1125 1119/1119/1123
f 1158/1158/1125 1159/1159/1126 1119/1119/1123
f 1160/1160/1128 1108/1108/1127 1110/1110/1079
f 1108/1108/1127 1160/1160/1128 1161/1161/1141
f 1110/1110/1079 1119/1119/1123 1159/1159/1126
f 1110/1110/1079 1159/1159/1126 1160/1160/1128
f 1119/1119/1123 1117/1117/1124 1157/1157/1133
f 1115/1115/1087 1114/1114/1086 1156/1156/1130
f 1115/1115/1087 1156/1156/1130 1162/1162/1129
f 1162/1162/1129 1156/1156/1130 1163/1163/1134
f 1156/1156/1130 1113/1113/1084 1130/1130/1100
f 1118/1118/1131 1162/1162/1129 1163/1163/1134
f 1118/1118/1131 1115/1115/1087 1162/1162/1129
f 1118/1118/1122 1164/1164/1132 1157/1157/1133
f 1164/1164/1132 1118/1118/1131 1163/1163/1134
f 1163/1163/1134 1156/1156/1130 1130/1130/1100
f 1132/1132/1101 1163/1163/1134 1130/1130/1100
f 1165/1165/1137 1157/1157/1133 1164/1164/1132
f 1158/1158/1125 1157/1157/1133 1166/1166/1135
f 1165/1165/1137 1166/1166/1135 1157/1157/1133
f 1163/1163/1134 1132/1132/1101 1167/1167/1136
f 1167/1167/1136 1164/1164/1132 1163/1163/1134
f 1167/1167/1136 1165/1165/1137 1164/1164/1132
f 1168/1168/1138 1132/1132/1101 1131/1131/1149
f 1167/1167/1136 1132/1132/1101 1169/1169/1139
f 1169/1169/1139 1165/1165/1137 1167/1167/1136
f 1169/1169/1139 1132/1132/1101 1168/1168/1138
f 1165/1165/1137 1169/1169/1139 1170/1170/1140
f 1168/1168/1138 1170/1170/1140 1169/1169/1139
f 1104/1104/1088 1119/1119/1123 1110/1110/1079
f 1155/1155/1121 1108/1108/1127 1161/1161/1141
f 1171/1171/1156 1155/1155/1121 1172/1172/1143
f 1173/1173/1213 1155/1155/1121 1171/1171/1156
f 1139/1139/1108 1159/1159/1126 1158/1158/1125
f 1160/1160/1128 1159/1159/1126 1174/1174/1146
f 1160/1160/1128 1174/1174/1146 1161/1161/1141
f 1139/1139/1108 1174/1174/1146 1159/1159/1126
f 1161/1161/1141 1174/1174/1146 1175/1175/1142
f 1175/1175/1142 1172/1172/1143 1161/1161/1141
f 1172/1172/1143 1175/1175/1142 1176/1176/1145
f 1177/1177/1144 1172/1172/1143 1176/1176/1145
f 1175/1175/1142 1174/1174/1146 1138/1138/1111
f 1174/1174/1146 1139/1139/1108 1138/1138/1111
f 1178/1178/1147 1138/1138/1111 1142/1142/1267
f 1175/1175/1142 1138/1138/1111 1178/1178/1147
f 1179/1179/1148 1178/1178/1147 1142/1142/1267
f 1176/1176/1145 1175/1175/1142 1178/1178/1147
f 1179/1179/1148 1176/1176/1145 1178/1178/1147
f 1179/1179/1148 1177/1177/1144 1176/1176/1145
f 1144/1144/1114 1158/1158/1125 1166/1166/1135
f 1139/1139/1108 1158/1158/1125 1144/1144/1114
f 1168/1168/1138 1131/1131/1149 1180/1180/1150
f 1166/1166/1135 1165/1165/1137 1170/1170/1140
f 1144/1144/1114 1166/1166/1135 1147/1147/1115
f 1170/1170/1140 1147/1147/1115 1166/1166/1135
f 1180/1180/1151 1147/1147/1115 1168/1168/1138
f 1147/1147/1115 1170/1170/1140 1168/1168/1138
f 1147/1147/1115 1180/1180/1151 1146/1146/1113
f 1181/1181/1152 1182/1182/1153 1179/1179/1148
f 1182/1182/1153 1181/1181/1152 1183/1183/1154
f 1183/1183/1154 1184/1184/1155 1182/1182/1153
f 1155/1155/1121 1161/1161/1141 1172/1172/1143
f 1177/1177/1144 1171/1171/1156 1172/1172/1143
f 1179/1179/1148 1185/1185/1227 1177/1177/1144
f 1186/1186/1202 1185/1185/1227 1182/1182/1153
f 1185/1185/1227 1179/1179/1148 1182/1182/1153
f 952/952/908 1187/1187/1160 1102/1102/1157
f 937/937/1080 1188/1188/1158 1099/1099/1159
f 952/952/908 1099/1099/1159 1187/1187/1160
f 1189/1189/1161 1188/1188/1158 937/937/1080
f 1189/1189/1161 951/951/906 1190/1190/1162
f 938/938/904 1189/1189/1161 937/937/1080
f 951/951/906 1189/1189/1161 938/938/904
f 1190/1190/1162 951/951/906 1191/1191/1163
f 1192/1192/1164 416/416/1094 1102/1102/1157
f 1192/1192/1164 1102/1102/1157 1187/1187/1160
f 1192/1192/1164 1193/1193/1172 416/416/1094
f 1188/1188/1158 1187/1187/1160 1099/1099/1159
f 1192/1192/1164 1194/1194/1165 1193/1193/1172
f 1194/1194/1165 1192/1192/1164 1187/1187/1160
f 1187/1187/1160 1188/1188/1158 1194/1194/1165
f 1188/1188/1158 1195/1195/1167 1194/1194/1165
f 1195/1195/1167 1196/1196/1169 1194/1194/1165
f 1196/1196/1169 1197/1197/1166 1194/1194/1165
f 1189/1189/1161 1195/1195/1167 1188/1188/1158
f 1189/1189/1161 1198/1198/1168 1195/1195/1167
f 1190/1190/1162 1198/1198/1168 1189/1189/1161
f 1198/1198/1168 1196/1196/1169 1195/1195/1167
f 416/416/1094 1193/1193/1172 441/441/414
f 441/441/414 1193/1193/1172 442/442/1170
f 1199/1199/1176 1143/1143/1112 1200/1200/1171
f 442/442/1170 1193/1193/1172 1201/1201/1173
f 1201/1201/1173 448/448/420 442/442/1170
f 1201/1201/1173 1202/1202/1191 448/448/420
f 1201/1201/1173 1193/1193/1172 1194/1194/1165
f 1197/1197/1166 1201/1201/1173 1194/1194/1165
f 1203/1203/1174 1131/1131/1149 1204/1204/1175
f 1130/1130/1100 1143/1143/1112 1199/1199/1176
f 1131/1131/1149 1130/1130/1100 1199/1199/1176
f 1204/1204/1175 1131/1131/1149 1199/1199/1176
f 1204/1204/1175 1199/1199/1176 1205/1205/1177
f 1204/1204/1175 1146/1146/1113 1203/1203/1178
f 1146/1146/1113 1204/1204/1175 1205/1205/1177
f 1205/1205/1177 1199/1199/1176 1206/1206/1185
f 1207/1207/1179 1206/1206/1185 1199/1199/1176
f 1205/1205/1177 1206/1206/1185 1208/1208/1180
f 1150/1150/1181 1153/1153/1184 1209/1209/1270
f 1151/1151/1182 1208/1208/1183 1153/1153/1184
f 1206/1206/1185 1153/1153/1184 1208/1208/1183
f 1153/1153/1184 1206/4837/1185 1209/1209/1270
f 1210/1210/1186 1211/1211/1187 1196/1196/1169
f 1210/1210/1186 1196/1196/1169 1198/1198/1168
f 1212/1212/1189 1211/1211/1187 1210/1210/1186
f 1190/1190/1162 1213/1213/1188 1198/1198/1168
f 1191/1191/1163 1213/1213/1188 1190/1190/1162
f 1213/1213/1188 1210/1210/1186 1198/1198/1168
f 1213/1213/1188 1212/1212/1189 1210/1210/1186
f 1213/1213/1188 1214/1214/1190 1212/1212/1189
f 1214/1214/1190 1213/1213/1188 1191/1191/1163
f 1214/1214/1190 1215/1215/3098 1212/1212/1189
f 1216/1216/1195 1212/1212/1189 1215/1215/3098
f 1214/1214/1190 1191/1191/1163 1217/1217/3095
f 1197/1197/1166 1202/1202/1191 1201/1201/1173
f 1202/1202/1191 1197/1197/1166 1218/1218/1194
f 449/449/421 448/448/420 1202/1202/1191
f 449/449/421 1202/1202/1191 453/453/1192
f 456/456/430 453/453/1192 1202/1202/1191
f 1219/1219/1196 1202/1202/1191 1218/1218/1194
f 1197/1197/1166 1196/1196/1169 1211/1211/1187
f 1197/1197/1166 1220/1220/1193 1218/1218/1194
f 1197/1197/1166 1211/1211/1187 1220/1220/1193
f 1220/1220/1193 1211/1211/1187 1216/1216/1195
f 1218/1218/1194 1220/1220/1193 1216/1216/1195
f 1219/1219/1196 456/456/430 1202/1202/1191
f 1219/4839/1196 458/458/1197 456/4780/430
f 458/458/1197 454/4778/428 456/4780/430
f 458/458/1197 1219/4839/1196 1221/1221/1200
f 1222/1222/1198 1219/1219/1196 1218/1218/1194
f 1216/1216/1195 1223/1223/1201 1218/1218/1194
f 1223/1223/1201 1222/1222/1198 1218/1218/1194
f 1222/4840/1198 1221/1221/1200 1219/4839/1196
f 1222/4840/1198 1224/1224/1199 1221/1221/1200
f 1212/1212/1189 1216/1216/1195 1211/1211/1187
f 1216/1216/1195 1215/1215/3098 1223/1223/1201
f 1180/1180/1150 1131/1131/1149 1203/1203/1174
f 1180/1180/1151 1203/1203/1178 1146/1146/1113
f 1146/1146/1113 1205/1205/1177 1151/1151/1182
f 1208/1208/1183 1151/1151/1182 1205/1205/1177
f 1186/1186/1202 1182/1182/1153 1184/1184/1155
f 1184/1184/1155 1183/1183/1154 1225/1225/1204
f 1226/1226/1203 1184/1184/1155 1225/1225/1204
f 1227/1227/1243 1225/1225/1204 1228/1228/1305
f 1227/1227/1243 1226/1226/1203 1225/1225/1204
f 951/951/906 1217/1217/3095 1191/1191/1163
f 1025/1025/991 1229/1229/1205 1024/1024/992
f 1026/1026/1003 1024/1024/992 1229/1229/1205
f 1229/1229/1205 1230/1230/1206 1026/1026/1003
f 1023/1023/990 1031/1031/1075 1025/1025/991
f 1025/1025/991 1031/1031/1075 1104/1104/1088
f 1230/1230/1206 1229/1229/1205 1025/1025/991
f 1230/1230/1206 1025/1025/991 1109/1109/1078
f 1109/1109/1078 1025/1025/991 1104/1104/1088
f 1231/1231/1207 1230/1230/1206 1232/1232/1212
f 1035/1035/1004 1026/1026/1003 1231/1231/1207
f 1230/1230/1206 1231/1231/1207 1026/1026/1003
f 1036/1036/1005 1231/1231/1207 1233/1233/1211
f 1036/1036/1005 1035/1035/1004 1231/1231/1207
f 1044/1044/1209 1036/1036/1005 1233/1233/1211
f 1043/1043/1208 1044/1044/1209 1234/1234/1220
f 1230/1230/1206 1109/1109/1078 1232/1232/1212
f 1109/1109/1078 1108/1108/1127 1232/1232/1212
f 1231/1231/1207 1232/1232/1212 1233/1233/1211
f 1154/1154/1210 1233/1233/1211 1232/1232/1212
f 1232/1232/1212 1108/1108/1127 1154/1154/1210
f 1233/1233/1211 1154/1154/1210 1235/1235/1214
f 1173/1173/1213 1235/1235/1214 1154/1154/1210
f 1044/1044/1209 1233/1233/1211 1235/1235/1214
f 1234/1234/1220 1044/1044/1209 1236/1236/1215
f 1044/1044/1209 1235/1235/1214 1236/1236/1215
f 1237/1237/1216 1234/1234/1220 1236/1236/1215
f 1236/1236/1215 1235/1235/1214 1238/1238/1225
f 1235/1235/1214 1173/1173/1213 1238/1238/1225
f 1236/1236/1215 1238/1238/1225 1239/1239/1217
f 1236/1236/1215 1239/1239/1217 1237/1237/1216
f 1237/1237/1216 1239/1239/1217 1240/1240/1218
f 1241/1241/1219 1240/1240/1218 1239/1239/1217
f 1234/1234/1220 1041/1041/1017 1043/1043/1208
f 1234/1234/1220 1242/1242/1221 1041/1041/1017
f 1051/1051/1223 1045/1045/1019 1041/1041/1017
f 1051/1051/1223 1041/1041/1017 1242/1242/1221
f 1234/1234/1220 1237/1237/1216 1242/1242/1221
f 1243/1243/1222 1051/1051/1223 1242/1242/1221
f 1243/1243/1222 1244/1244/1224 1051/1051/1223
f 1048/1048/1020 1051/1051/1223 1244/1244/1224
f 1244/1244/1224 1050/1050/1023 1048/1048/1020
f 1243/1243/1222 1242/1242/1221 1237/1237/1216
f 1240/1240/1218 1243/1243/1222 1237/1237/1216
f 1244/1244/1224 1243/1243/1222 1240/1240/1218
f 1244/1244/1224 1240/1240/1218 1245/1245/1232
f 1155/1155/1121 1173/1173/1213 1154/1154/1210
f 1238/1238/1225 1173/1173/1213 1246/1246/1229
f 1173/1173/1213 1171/1171/1156 1246/1246/1229
f 1246/1246/1229 1171/1171/1156 1177/1177/1144
f 1247/1247/1226 1246/1246/1229 1177/1177/1144
f 1185/1185/1227 1248/1248/1231 1247/1247/1226
f 1249/1249/1228 1246/1246/1229 1247/1247/1226
f 1248/1248/1231 1249/1249/1228 1247/1247/1226
f 1238/1238/1225 1246/1246/1229 1249/1249/1228
f 1249/1249/1228 1239/1239/1217 1238/1238/1225
f 1250/1250/1230 1239/1239/1217 1249/1249/1228
f 1241/1241/1219 1239/1239/1217 1250/1250/1230
f 1249/1249/1228 1248/1248/1231 1250/1250/1230
f 1247/1247/1226 1177/1177/1144 1185/1185/1227
f 1248/1248/1231 1185/1185/1227 1186/1186/1202
f 1050/1050/1023 1244/1244/1224 1088/1088/1059
f 1244/1244/1224 1245/1245/1232 1088/1088/1059
f 1245/1245/1232 1251/1251/1237 1088/1088/1059
f 1252/1252/1235 1251/1251/1237 1245/1245/1232
f 1245/1245/1232 1240/1240/1218 1253/1253/1233
f 1241/1241/1219 1253/1253/1233 1240/1240/1218
f 1253/1253/1233 1241/1241/1219 1254/1254/1234
f 1253/1253/1233 1252/1252/1235 1245/1245/1232
f 1253/1253/1233 1254/1254/1234 1252/1252/1235
f 1094/1094/1236 1251/1251/1237 1255/1255/1238
f 1256/1256/1251 1252/1252/1235 1257/1257/1250
f 1255/1255/1238 1251/1251/1237 1252/1252/1235
f 1256/1256/1251 1255/1255/1238 1252/1252/1235
f 1248/1248/1231 1186/1186/1202 1258/1258/1239
f 1254/1254/1234 1241/1241/1219 1250/1250/1230
f 1248/1248/1231 1259/1259/1240 1250/1250/1230
f 1258/1258/1239 1259/1259/1240 1248/1248/1231
f 1250/1250/1230 1259/1259/1240 1254/1254/1234
f 1260/1260/1241 1254/1254/1234 1259/1259/1240
f 1186/1186/1202 1184/1184/1155 1258/1258/1239
f 1261/1261/1242 1258/1258/1239 1226/1226/1203
f 1258/1258/1239 1184/1184/1155 1226/1226/1203
f 1261/1261/1242 1259/1259/1240 1258/1258/1239
f 1261/1261/1242 1226/1226/1203 1227/1227/1243
f 1262/1262/1244 1227/1227/1243 1263/1263/1309
f 1262/1262/1244 1264/1264/1247 1227/1227/1243
f 1264/1264/1247 1262/1262/1244 1265/1265/1246
f 1262/1262/1244 1263/1263/1309 1266/1266/1245
f 1265/1265/1246 1262/1262/1244 1266/1266/1245
f 1261/1261/1242 1260/1260/1241 1259/1259/1240
f 1264/1264/1247 1260/1260/1241 1261/1261/1242
f 1227/1227/1243 1264/1264/1247 1261/1261/1242
f 1267/1267/3239 1264/1264/1247 1265/1265/1246
f 1260/1260/1241 1264/1264/1247 1267/1267/3239
f 1265/1265/1246 1268/1268/1248 1267/1267/3239
f 1257/1257/1250 1252/1252/1235 1254/1254/1234
f 1257/1257/1250 1254/1254/1234 1260/1260/1241
f 1269/1269/1249 1257/1257/1250 1260/1260/1241
f 1257/1257/1250 1269/1269/1249 1256/1256/1251
f 1269/1269/1249 1260/1260/1241 1267/1267/3239
f 1136/1136/1252 461/461/1103 460/460/1253
f 1136/1136/1252 1135/1135/1275 1134/1134/1106
f 1270/1270/1260 1271/1271/1257 499/499/1254
f 1272/1272/1280 1273/1273/1255 1271/1271/1257
f 1274/1274/1256 1272/1272/1280 1271/1271/1257
f 1272/1272/1280 1274/1274/1256 1275/1275/1259
f 1274/1274/1256 1276/1276/1258 1275/1275/1259
f 1277/1277/1262 1274/1274/1256 1271/1271/1257
f 1271/1271/1257 1270/1270/1260 1277/1277/1262
f 1278/1278/1269 1270/1270/1260 505/505/1261
f 1270/1270/1260 1278/1278/1269 1277/1277/1262
f 1270/1270/1260 499/499/1254 505/505/1261
f 506/506/1263 1278/1278/1269 505/505/1261
f 1137/1137/1109 1140/1140/1117 1279/1279/1264
f 1142/1142/1267 1137/1137/1109 1279/1279/1264
f 1142/1142/1267 1279/1279/1264 1280/1280/1265
f 1280/1280/1265 1281/1281/1266 1142/1142/1267
f 1279/1279/1264 1274/1274/1256 1277/1277/1262
f 1282/1282/1268 1279/1279/1264 1277/1277/1262
f 1282/1282/1268 1277/1277/1262 1278/1278/1269
f 1274/1274/1256 1149/1149/1119 1276/1276/1258
f 1152/1152/1120 1276/1276/1258 1149/1149/1119
f 1209/1209/1270 1276/1276/1258 1152/1152/1120
f 506/506/1263 1283/1283/1271 1278/1278/1269
f 1282/1282/1268 1278/1278/1269 1283/1283/1271
f 1284/1284/1272 1282/1282/1268 1283/1283/1271
f 1284/1284/1272 1283/1283/1271 1285/1285/1288
f 1140/1140/1117 1274/1274/1256 1279/1279/1264
f 1280/1280/1265 1279/1279/1264 1282/1282/1268
f 1282/1282/1268 1284/1284/1272 1280/1280/1265
f 1274/1274/1256 1140/1140/1117 1149/1149/1119
f 1281/1281/1266 1280/1280/1265 1284/1284/1272
f 1285/1285/1288 1281/1281/1266 1284/1284/1272
f 1150/1150/1181 1209/1209/1270 1152/1152/1120
f 1179/1179/1148 1142/1142/1267 1281/1281/1266
f 1281/1281/1266 1181/1181/1152 1179/1179/1148
f 1181/1181/1152 1281/1281/1266 1285/1285/1288
f 1286/1286/1273 1135/1135/1275 1136/1136/1252
f 1287/1287/1276 1135/1135/1275 1286/1286/1273
f 1288/1288/1274 1135/1135/1275 1287/1287/1276
f 1287/1287/1276 1289/1289/1277 1288/1288/1274
f 1289/1289/1277 1287/1287/1276 1290/1290/1279
f 1286/1286/1273 1136/1136/1252 460/460/1253
f 1286/1286/1273 460/460/1253 497/497/1278
f 497/497/1278 1273/4842/1255 1286/1286/1273
f 1273/1273/1255 503/503/470 1271/1271/1257
f 1273/1273/1255 497/4790/1278 503/503/470
f 1287/1287/1276 1286/1286/1273 1273/4842/1255
f 1290/4843/1279 1273/1273/1255 1272/1272/1280
f 1290/1290/1279 1287/1287/1276 1273/4842/1255
f 1290/4843/1279 1272/1272/1280 1291/1291/1281
f 1272/1272/1280 1275/1275/1259 1291/1291/1281
f 1199/1199/1176 1200/1200/1171 1288/1288/1274
f 1199/1199/1176 1288/1288/1274 1289/1289/1277
f 1289/1289/1277 1290/1290/1279 1291/4844/1281
f 1292/1292/1282 1199/1199/1176 1289/1289/1277
f 1275/1275/1259 1292/4845/1282 1291/1291/1281
f 1291/4844/1281 1292/1292/1282 1289/1289/1277
f 499/499/1254 1271/1271/1257 504/504/1283
f 504/504/1283 1271/1271/1257 503/503/470
f 506/506/1263 500/500/469 1293/1293/1284
f 1293/1293/1284 500/500/469 508/508/471
f 1283/1283/1271 506/506/1263 1293/1293/1284
f 1294/1294/1286 508/508/471 511/511/1291
f 1293/1293/1284 508/508/471 1295/1295/1285
f 1294/1294/1286 1295/1295/1285 508/508/471
f 1207/1207/1179 1199/1199/1176 1292/1292/1282
f 1296/1296/1287 1275/1275/1259 1209/1209/1270
f 1296/1296/1287 1207/4838/1179 1292/4845/1282
f 1296/1296/1287 1292/4845/1282 1275/1275/1259
f 1285/1285/1288 1283/1283/1271 1297/1297/1289
f 1209/1209/1270 1206/4837/1185 1296/1296/1287
f 1296/1296/1287 1206/4837/1185 1207/4838/1179
f 1297/1297/1289 1183/1183/1154 1285/1285/1288
f 1298/1298/1306 1183/1183/1154 1297/1297/1289
f 1293/1293/1284 1297/1297/1289 1283/1283/1271
f 1297/1297/1289 1293/1293/1284 1295/1295/1285
f 1298/1298/1306 1295/1295/1285 1299/1299/1290
f 1298/1298/1306 1297/1297/1289 1295/1295/1285
f 1295/1295/1285 1294/1294/1286 1299/1299/1290
f 511/511/1291 510/510/503 539/539/502
f 1300/1300/1292 511/511/1291 539/539/502
f 1301/1301/1302 1294/1294/1286 511/511/1291
f 511/511/1291 1300/1300/1292 1301/1301/1302
f 1302/1302/1293 1301/1301/1302 1300/1300/1292
f 537/537/501 458/458/1197 1221/1221/1200
f 536/536/500 537/537/501 1303/1303/1294
f 1303/1303/1294 537/537/501 1304/1304/1298
f 1303/1303/1294 1304/1304/1298 1305/1305/1295
f 536/536/500 1303/1303/1294 546/546/1296
f 1305/1305/1295 546/546/1296 1303/1303/1294
f 1221/1221/1200 1224/1224/1199 1306/1306/1297
f 1221/1221/1200 1306/1306/1297 537/537/501
f 537/537/501 1306/1306/1297 1304/1304/1298
f 1307/1307/1299 1306/1306/1297 1224/1224/1199
f 1305/1305/1295 547/547/1300 546/546/1296
f 547/547/1300 1305/1305/1295 1308/1308/3298
f 1305/1305/1295 1304/1304/1298 1308/1308/3298
f 1309/1309/1301 549/549/512 548/548/3297
f 539/539/502 549/549/512 1309/1309/1301
f 1300/1300/1292 539/539/502 1310/1310/1304
f 1310/1310/1304 539/539/502 1309/1309/1301
f 1311/1311/1307 1294/1294/1286 1301/1301/1302
f 1311/1311/1307 1301/1301/1302 1302/1302/1293
f 1299/1299/1290 1294/1294/1286 1311/1311/1307
f 1312/1312/1303 1302/1302/1293 1300/1300/1292
f 1302/1302/1293 1312/1312/1303 1311/1311/1307
f 1312/1312/1303 1300/1300/1292 1313/1313/3370
f 1313/1313/3370 1300/1300/1292 1310/1310/1304
f 1312/1312/1303 1314/1314/3373 1311/1311/1307
f 1181/1181/1152 1285/1285/1288 1183/1183/1154
f 1183/1183/1154 1228/1228/1305 1225/1225/1204
f 1228/1228/1305 1183/1183/1154 1298/1298/1306
f 1315/1315/1308 1228/1228/1305 1298/1298/1306
f 1298/1298/1306 1299/1299/1290 1311/1311/1307
f 1315/1315/1308 1298/1298/1306 1311/1311/1307
f 1311/1311/1307 1314/1314/3373 1315/1315/1308
f 1314/1314/3373 1312/1312/1303 1313/1313/3370
f 1315/1315/1308 1263/1263/1309 1228/1228/1305
f 1228/1228/1305 1263/1263/1309 1227/1227/1243
f 1315/1315/1308 1314/1314/3373 1316/1316/1310
f 1315/1315/1308 1316/1316/1310 1263/1263/1309
f 1251/1251/1237 1091/1091/1063 1088/1088/1059
f 1094/1094/1236 1091/1091/1063 1251/1251/1237
f 1126/1126/1095 1133/1133/1107 1143/1143/1112
f 1143/1143/1112 1133/1133/1107 1200/1200/1171
f 1133/1133/1107 1135/1135/1275 1200/1200/1171
f 1200/1200/1171 1135/1135/1275 1288/1288/1274
f 1276/1276/1258 1209/1209/1270 1275/1275/1259
f 286/286/263 290/290/267 287/287/1311
f 290/290/267 1317/1317/1387 287/287/1311
f 290/290/267 1318/1318/1312 1317/1317/1387
f 290/290/267 1319/1319/1314 1318/1318/1312
f 1319/1319/1314 290/290/267 291/291/269
f 1320/1320/1316 1319/1319/1314 291/291/269
f 1321/1321/1313 1318/1318/1312 1319/1319/1314
f 1319/1319/1314 1322/1322/1315 1321/1321/1313
f 1322/1322/1315 1319/1319/1314 1320/1320/1316
f 1320/1320/1316 291/291/269 266/266/1317
f 1323/1323/1319 1320/1320/1316 266/266/1317
f 1322/1322/1315 1320/1320/1316 1323/1323/1319
f 1324/1324/1318 1325/1325/1399 1326/1326/1368
f 1327/1327/1320 1322/1322/1315 1323/1323/1319
f 266/266/1317 1327/1327/1320 1323/1323/1319
f 1327/1327/1320 266/266/1317 310/310/285
f 1328/1328/1351 1329/1329/1330 1330/1330/1321
f 1331/1331/1322 1332/1332/1323 1333/1333/1324
f 1330/4849/1321 1333/4850/1324 1334/1334/1341
f 1330/1330/1321 1329/1329/1330 1333/1333/1324
f 1331/1331/1322 1335/1335/1325 1332/1332/1323
f 1336/1336/1363 1332/1332/1323 1335/1335/1325
f 1337/1337/1326 1331/1331/1322 1338/1338/1328
f 1331/1331/1322 1337/1337/1326 1339/1339/1327
f 1333/1333/1324 1329/1329/1330 1331/1331/1322
f 1331/1331/1322 1329/1329/1330 1338/1338/1328
f 1337/1337/1326 1338/1338/1328 1340/1340/1329
f 1339/1339/1327 1335/1335/1325 1331/1331/1322
f 1339/1339/1327 1337/1337/1326 1341/1341/1332
f 1339/1339/1327 1342/1342/1364 1335/1335/1325
f 1338/1338/1328 1329/1329/1330 1343/1343/1331
f 1341/1341/1332 1337/1337/1326 1340/1340/1329
f 1344/1344/1353 1328/4848/1351 1330/4849/1321
f 1345/1345/1333 1334/1334/1341 1333/4850/1324
f 1345/4851/1333 1333/1333/1324 1332/1332/1323
f 1334/1334/1341 1344/1344/1353 1330/4849/1321
f 1345/4851/1333 1332/1332/1323 1336/1336/1363
f 1334/1334/1341 1345/1345/1333 1346/1346/1342
f 1346/4852/1342 1345/4851/1333 1336/1336/1363
f 1347/1347/1343 1336/1336/1363 1348/1348/1374
f 1347/1347/1343 1348/1348/1374 1349/1349/1373
f 1350/1350/1344 1336/1336/1363 1347/1347/1343
f 1351/1351/1334 1347/1347/1343 1349/1349/1373
f 1352/1352/1348 1351/1351/1334 1353/1353/1335
f 1352/1352/1348 1353/1353/1335 1354/1354/1336
f 1353/1353/1335 1351/1351/1334 1349/1349/1373
f 1354/1354/1336 1353/1353/1335 1355/1355/1337
f 1354/1354/1336 1355/1355/1337 1356/1356/1338
f 1356/1356/1338 1355/1355/1337 1357/1357/1339
f 1358/1358/1340 1334/1334/1341 1346/1346/1342
f 1359/1359/4848 1344/1344/1353 1334/1334/1341
f 1347/1347/1343 1360/1360/1346 1350/1350/1344
f 1361/1361/1345 1347/1347/1343 1351/1351/1334
f 1361/1361/1345 1351/1351/1334 1352/1352/1348
f 1361/1361/1345 1360/1360/1346 1347/1347/1343
f 1360/1360/1346 1361/1361/1345 1362/1362/1349
f 1363/1363/1347 1361/1361/1345 1352/1352/1348
f 1361/1361/1345 1363/1363/1347 1362/1362/1349
f 1364/1364/1350 1336/1336/1363 1350/1350/1344
f 1360/1360/1346 1364/1364/1350 1350/1350/1344
f 1365/1365/4866 1364/1364/1350 1360/1360/1346
f 1362/1362/1349 1365/1365/4866 1360/1360/1346
f 1363/1363/1347 1352/1352/1348 1354/1354/1336
f 1362/1362/1349 1363/1363/1347 1366/1366/4868
f 1328/1328/1351 1343/1343/1331 1329/1329/1330
f 1343/1343/1331 1340/1340/1329 1338/1338/1328
f 1343/1343/1331 1328/1328/1351 1367/1367/1457
f 1368/1368/1352 1328/4848/1351 1344/1344/1353
f 1369/1369/1354 1344/1344/1353 1370/1370/4865
f 1344/1344/1353 1369/1369/1354 1368/1368/1352
f 1371/1371/1379 1356/1356/1338 1357/1357/1339
f 1372/1372/1355 1356/1356/1338 1371/1371/1379
f 1356/1356/1338 1373/1373/1356 1354/1354/1336
f 1372/1372/1355 1371/1371/1379 1374/1374/1381
f 1372/1372/1355 1373/1373/1356 1356/1356/1338
f 1372/1372/1355 1375/1375/1357 1373/1373/1356
f 1363/1363/1347 1376/1376/1358 1366/1366/4868
f 1363/1363/1347 1354/1354/1336 1376/1376/1358
f 1376/1376/1358 1354/1354/1336 1373/1373/1356
f 1377/1377/1362 1373/1373/1356 1375/1375/1357
f 1377/1377/1362 1376/1376/1358 1373/1373/1356
f 1378/1378/4870 1376/1376/1358 1377/1377/1362
f 1375/1375/1357 1372/1372/1355 1374/1374/1381
f 1375/1375/1357 1374/1374/1381 1379/1379/1359
f 1377/1377/1362 1375/1375/1357 1380/1380/1360
f 1380/1380/1360 1375/1375/1357 1379/1379/1359
f 1380/1380/1360 1381/1381/1361 1377/1377/1362
f 1382/1382/1367 1339/1339/1327 1341/1341/1332
f 1382/1382/1367 1342/1342/1364 1339/1339/1327
f 1336/1336/1363 1335/1335/1325 1342/1342/1364
f 1336/1336/1363 1342/1342/1364 1383/1383/1402
f 1384/1384/1366 1336/1336/1363 1383/1383/1402
f 1385/1385/1365 1336/1336/1363 1384/1384/1366
f 1326/1326/1368 1341/1341/1332 1324/1324/1318
f 1382/1382/1367 1341/1341/1332 1326/1326/1368
f 1383/1383/1402 1342/1342/1364 1382/1382/1367
f 1386/1386/1400 1383/1383/1402 1382/1382/1367
f 1326/1326/1368 1386/1386/1400 1382/1382/1367
f 1384/1384/1366 1383/1383/1402 1387/1387/1418
f 1384/1384/1366 1387/1387/1418 1388/1388/1369
f 1389/1389/1377 1384/1384/1366 1388/1388/1369
f 1390/1390/1371 1389/1389/1377 1388/1388/1369
f 1391/1391/1370 1390/1390/1371 1392/1392/1372
f 1353/1353/1335 1349/1349/1373 1393/1393/1376
f 1348/1348/1374 1393/1393/1376 1349/1349/1373
f 1394/1394/1375 1353/1353/1335 1393/1393/1376
f 1336/1336/1363 1385/1385/1365 1348/1348/1374
f 1393/1393/1376 1348/1348/1374 1385/1385/1365
f 1393/1393/1376 1385/1385/1365 1395/1395/1378
f 1394/1394/1375 1393/1393/1376 1395/1395/1378
f 1394/1394/1375 1355/1355/1337 1353/1353/1335
f 1357/1357/1339 1355/1355/1337 1394/1394/1375
f 1357/1357/1339 1394/1394/1375 1395/1395/1378
f 1395/1395/1378 1391/1391/1370 1357/1357/1339
f 1389/1389/1377 1385/1385/1365 1384/1384/1366
f 1385/1385/1365 1389/1389/1377 1395/1395/1378
f 1395/1395/1378 1389/1389/1377 1390/1390/1371
f 1371/1371/1379 1357/1357/1339 1391/1391/1370
f 1371/1371/1379 1391/1391/1370 1396/1396/1380
f 1396/1396/1380 1374/1374/1381 1371/1371/1379
f 1374/1374/1381 1396/1396/1380 1397/1397/1382
f 1396/1396/1380 1398/1398/1383 1397/1397/1382
f 1399/1399/1384 1379/1379/1359 1374/1374/1381
f 1380/1380/1360 1379/1379/1359 1399/1399/1384
f 1374/1374/1381 1397/1397/1382 1399/1399/1384
f 1399/1399/1384 1381/1381/1361 1380/1380/1360
f 1381/1381/1361 1399/1399/1384 1400/1400/4876
f 1400/1400/4876 1399/1399/1384 1401/1401/1385
f 1399/1399/1384 1397/1397/1382 1401/1401/1385
f 1400/1400/4876 1401/1401/1385 1402/1402/4996
f 1391/1391/1370 1395/1395/1378 1390/1390/1371
f 1403/1403/1386 1396/1396/1380 1391/1391/1370
f 1403/1403/1386 1391/1391/1370 1392/1392/1372
f 1396/1396/1380 1403/1403/1386 1398/1398/1383
f 1404/1404/1479 1397/1397/1382 1398/1398/1383
f 1398/1398/1383 1403/1403/1386 1392/1392/1372
f 280/280/260 287/287/1311 1405/1405/1389
f 287/287/1311 1317/1317/1387 1405/1405/1389
f 289/289/266 280/280/260 1406/1406/1388
f 1406/1406/1388 280/280/260 1405/1405/1389
f 1405/1405/1389 1407/1407/1390 1406/1406/1388
f 1405/1405/1389 1317/1317/1387 1407/1407/1390
f 1318/1318/1312 1407/1407/1390 1317/1317/1387
f 1408/1408/1391 1406/1406/1388 1407/1407/1390
f 366/366/338 289/289/266 1406/1406/1388
f 366/366/338 1406/1406/1388 1409/1409/1392
f 1408/1408/1391 1409/1409/1392 1406/1406/1388
f 366/366/338 288/288/265 289/289/266
f 365/365/1393 366/366/338 1410/1410/1394
f 1321/1321/1313 1407/1407/1390 1318/1318/1312
f 1407/4854/1390 1321/4846/1313 1408/4855/1391
f 1322/4847/1315 1408/4855/1391 1321/4846/1313
f 1411/1411/1395 366/366/338 1409/1409/1392
f 1412/1412/1397 1411/4858/1395 1409/4856/1392
f 1409/4856/1392 1408/4855/1391 1412/1412/1397
f 1410/4857/1394 1411/4858/1395 1412/1412/1397
f 1410/1410/1394 366/366/338 1411/1411/1395
f 1412/1412/1397 1408/4855/1391 1322/4847/1315
f 1413/1413/1396 364/364/339 365/365/1393
f 1413/1413/1396 365/365/1393 1410/1410/1394
f 1412/1412/1397 1413/4859/1396 1410/4857/1394
f 1412/1412/1397 368/368/1398 1413/4859/1396
f 364/364/339 1413/1413/1396 363/4770/342
f 1413/4859/1396 368/368/1398 363/363/342
f 368/368/1398 1412/1412/1397 1322/4847/1315
f 367/367/340 364/364/339 363/4770/342
f 1325/1325/1399 1386/1386/1400 1326/1326/1368
f 1324/1324/1318 1414/1414/1401 1325/1325/1399
f 1386/1386/1400 1325/1325/1399 1415/1415/1404
f 1383/1383/1402 1386/1386/1400 1416/1416/1403
f 1417/1417/1432 1383/1383/1402 1416/1416/1403
f 1415/1415/1404 1418/1418/1405 1386/1386/1400
f 1419/1419/1484 1420/1420/1406 1415/1415/1404
f 1420/1420/1406 1418/1418/1405 1415/1415/1404
f 1420/1420/1406 1421/1421/1407 1418/1418/1405
f 1386/1386/1400 1418/1418/1405 1416/1416/1403
f 1418/1418/1405 1417/1417/1432 1416/1416/1403
f 1417/1417/1432 1418/1418/1405 1421/1421/1407
f 1417/1417/1432 1421/1421/1407 1422/1422/1409
f 1420/1420/1406 1422/1422/1409 1421/1421/1407
f 1423/1423/1410 1420/1420/1406 1424/1424/1408
f 1422/1422/1409 1420/1420/1406 1423/1423/1410
f 1425/1425/1430 1417/1417/1432 1422/1422/1409
f 1425/1425/1430 1422/1422/1409 1423/1423/1410
f 1327/1327/1320 1426/1426/1411 1322/1322/1315
f 368/368/1398 1322/4847/1315 1426/4860/1411
f 380/380/355 368/368/1398 1426/4860/1411
f 1427/1427/1413 1426/1426/1411 1327/1327/1320
f 396/396/1412 1327/1327/1320 310/310/285
f 401/401/1415 1426/4860/1411 1427/4861/1413
f 1427/1427/1413 1327/1327/1320 396/396/1412
f 401/401/1415 380/380/355 1426/4860/1411
f 397/397/376 396/396/1412 395/395/374
f 1427/1427/1413 396/396/1412 1428/1428/1414
f 401/401/1415 1427/4861/1413 1428/4862/1414
f 1428/1428/1414 396/396/1412 397/397/376
f 1429/1429/1416 401/401/1415 1428/4862/1414
f 397/397/376 1429/4863/1416 1428/1428/1414
f 399/399/377 397/397/376 313/313/375
f 1429/4863/1416 397/397/376 399/399/377
f 1429/4863/1416 399/399/377 398/4775/378
f 401/401/1415 1429/1429/1416 402/402/1417
f 398/398/378 402/402/1417 1429/1429/1416
f 1383/1383/1402 1417/1417/1432 1387/1387/1418
f 1430/1430/1419 1431/1431/1420 1432/1432/1423
f 1431/1431/1420 1387/1387/1418 1432/1432/1423
f 1388/1388/1369 1387/1387/1418 1431/1431/1420
f 1388/1388/1369 1430/1430/1419 1390/1390/1371
f 1392/1392/1372 1390/1390/1371 1430/1430/1419
f 1430/1430/1419 1388/1388/1369 1431/1431/1420
f 1392/1392/1372 1430/1430/1419 1433/1433/1421
f 1433/1433/1421 1430/1430/1419 1434/1434/1422
f 1434/1434/1422 1430/1430/1419 1432/1432/1423
f 1435/1435/1424 1392/1392/1372 1433/1433/1421
f 1435/1435/1424 1433/1433/1421 1436/1436/1425
f 1432/1432/1423 1387/1387/1418 1437/1437/1426
f 1437/1437/1426 1387/1387/1418 1438/1438/1428
f 1438/1438/1428 1387/1387/1418 1417/1417/1432
f 1437/1437/1426 1439/1439/1427 1440/1440/1433
f 1437/1437/1426 1438/1438/1428 1441/1441/1429
f 1439/1439/1427 1437/1437/1426 1441/1441/1429
f 1425/1425/1430 1442/1442/1431 1417/1417/1432
f 1425/1425/1430 1423/1423/1410 1443/1443/1493
f 1441/1441/1429 1438/1438/1428 1417/1417/1432
f 1434/1434/1422 1432/1432/1423 1437/1437/1426
f 1444/1444/1443 1445/1445/1439 1441/1441/1429
f 1437/1437/1426 1440/1440/1433 1434/1434/1422
f 1433/1433/1421 1434/1434/1422 1440/1440/1433
f 1433/1433/1421 1440/1440/1433 1436/1436/1425
f 1440/1440/1433 1446/1446/1436 1436/1436/1425
f 1440/1440/1433 1439/1439/1427 1446/1446/1436
f 1441/1441/1429 1447/1447/1438 1439/1439/1427
f 1446/1446/1436 1439/1439/1427 1447/1447/1438
f 1448/1448/1434 1446/1446/1436 1447/1447/1438
f 1446/1446/1436 1448/1448/1434 1449/1449/1440
f 1450/1450/1495 1436/1436/1425 1446/1446/1436
f 1449/1449/1440 1451/1451/1435 1446/1446/1436
f 1452/1452/1437 1448/1448/1434 1447/1447/1438
f 1445/1445/1439 1447/1447/1438 1441/1441/1429
f 1452/1452/1437 1447/1447/1438 1445/1445/1439
f 1449/1449/1440 1448/1448/1434 1452/1452/1437
f 1449/1449/1440 1453/1453/1442 1454/1454/1441
f 1453/1453/1442 1449/1449/1440 1452/1452/1437
f 1444/1444/1443 1441/1441/1429 1417/1417/1432
f 1455/1455/1445 1452/1452/1437 1445/1445/1439
f 1456/1456/1444 1455/1455/1445 1445/1445/1439
f 1457/1457/1525 1455/1455/1445 1458/1458/1446
f 1453/1453/1442 1452/1452/1437 1455/1455/1445
f 1453/1453/1442 1455/1455/1445 1457/1457/1525
f 1425/1425/1430 1443/1443/1493 1459/1459/1449
f 1442/1442/1431 1425/1425/1430 1459/1459/1449
f 1459/1459/1449 1443/1443/1493 1460/1460/1447
f 1456/1456/1444 1445/1445/1439 1444/1444/1443
f 1444/1444/1443 1417/1417/1432 1442/1442/1431
f 1461/1461/5013 1444/1444/1443 1442/1442/1431
f 1456/1456/1444 1444/1444/1443 1461/1461/5013
f 1461/1461/5013 1442/1442/1431 1462/1462/1448
f 1462/1462/1448 1442/1442/1431 1459/1459/1449
f 1458/1458/1446 1455/1455/1445 1456/1456/1444
f 1463/1463/1450 1456/1456/1444 1461/1461/5013
f 1463/1463/1450 1458/1458/1446 1456/1456/1444
f 1458/1458/1446 1464/1464/1453 1465/1465/1451
f 1466/1466/1452 1465/1465/1451 1464/1464/1453
f 1467/1467/1454 1458/1458/1446 1463/1463/1450
f 1458/1458/1446 1467/1467/1454 1464/1464/1453
f 1467/1467/1454 1463/1463/1450 1461/1461/5013
f 1468/1468/1456 1462/1462/1448 1459/1459/1449
f 1468/1468/1456 1459/1459/1449 1460/1460/1447
f 1460/1460/1447 1469/1469/1494 1470/1470/1455
f 1460/1460/1447 1470/1470/1455 1468/1468/1456
f 1471/1471/1462 1472/1472/1471 1341/1341/1332
f 1340/1340/1329 1343/1343/1331 1367/1367/1457
f 1328/1328/1351 1368/4853/1352 1367/1367/1457
f 1340/1340/1329 1367/1367/1457 1473/1473/1460
f 1367/1367/1457 1368/4853/1352 1474/1474/1458
f 1474/1474/1458 1473/1473/1460 1367/1367/1457
f 1475/1475/1464 1473/1473/1460 1474/1474/1458
f 1340/1340/1329 1473/1473/1460 1471/1471/1462
f 1476/1476/1459 1473/1473/1460 1475/1475/1464
f 1477/1477/1461 1471/1471/1462 1473/1473/1460
f 1473/1473/1460 1476/1476/1459 1477/1477/1461
f 1369/1369/1354 1478/1478/1465 1368/1368/1352
f 1478/1478/1465 1474/1474/1458 1368/1368/1352
f 1479/1479/1463 1475/1475/1464 1474/1474/1458
f 1479/1479/1463 1474/1474/1458 1478/1478/1465
f 1480/1480/1469 1475/1475/1464 1479/1479/1463
f 1481/1481/4934 1478/1478/1465 1369/1369/1354
f 1481/1481/4934 1479/1479/1463 1478/1478/1465
f 1482/1482/1466 1480/1480/1469 1479/1479/1463
f 1482/1482/1466 1479/1479/1463 1481/1481/4934
f 1480/1480/1469 1476/1476/1459 1475/1475/1464
f 1471/1471/1462 1341/1341/1332 1340/1340/1329
f 1483/1483/1467 1477/1477/1461 1484/1484/1468
f 1484/1484/1468 1477/1477/1461 1476/1476/1459
f 1485/1485/1470 1484/1484/1468 1476/1476/1459
f 1480/1480/1469 1485/1485/1470 1476/1476/1459
f 1485/1485/1470 1483/1483/1467 1484/1484/1468
f 1486/1486/5034 1485/1485/1470 1480/1480/1469
f 1471/1471/1462 1477/1477/1461 1472/1472/1471
f 1486/1486/5034 1487/1487/1478 1485/1485/1470
f 1472/1472/1471 1324/1324/1318 1341/1341/1332
f 1472/1472/1471 1477/1477/1461 1488/1488/1472
f 1414/1414/1401 1324/1324/1318 1472/1472/1471
f 1483/1483/1467 1488/1488/1472 1477/1477/1461
f 1489/1489/1473 1488/1488/1472 1483/1483/1467
f 1490/1490/1498 1414/1414/1401 1472/1472/1471
f 1490/1490/1498 1472/1472/1471 1491/1491/1500
f 1472/1472/1471 1488/1488/1472 1492/1492/1474
f 1493/1493/1475 1492/1492/1474 1488/1488/1472
f 1489/1489/1473 1493/1493/1475 1488/1488/1472
f 1489/1489/1473 1487/1487/1478 1494/1494/1476
f 1494/1494/1476 1493/1493/1475 1489/1489/1473
f 1472/1472/1471 1492/1492/1474 1491/1491/1500
f 1493/1493/1475 1491/1491/1500 1492/1492/1474
f 1493/1493/1475 1494/1494/1476 1495/1495/1477
f 1487/1487/1478 1483/1483/1467 1485/1485/1470
f 1401/1401/1385 1397/1397/1382 1404/1404/1479
f 1404/1404/1479 1398/1398/1383 1496/1496/1481
f 1404/1404/1479 1497/1497/1480 1401/1401/1385
f 1497/1497/1480 1404/1404/1479 1496/1496/1481
f 1402/1402/4996 1401/1401/1385 1498/1498/1482
f 1487/1487/1478 1489/1489/1473 1483/1483/1467
f 1486/1486/5034 1494/1494/1476 1487/1487/1478
f 1499/1499/1483 1494/1494/1476 1486/1486/5034
f 1500/1500/5045 1499/1499/1483 1486/1486/5034
f 1415/1415/1404 1325/1325/1399 1414/1414/1401
f 1414/1414/1401 1419/1419/1484 1415/1415/1404
f 1419/1419/1484 1414/1414/1401 1501/1501/1485
f 1419/1419/1484 1424/1424/1408 1420/1420/1406
f 1424/1424/1408 1443/1443/1493 1423/1423/1410
f 1501/1501/1485 1424/1424/1408 1419/1419/1484
f 1502/1502/1488 1424/1424/1408 1501/1501/1485
f 1443/1443/1493 1424/1424/1408 1502/1502/1488
f 1501/1501/1485 1503/1503/1486 1502/1502/1488
f 1501/1501/1485 1504/1504/1507 1503/1503/1486
f 1503/1503/1486 1505/1505/1487 1502/1502/1488
f 1504/1504/1507 1501/1501/1485 1414/1414/1401
f 1435/1435/1424 1398/1398/1383 1392/1392/1372
f 1398/1398/1383 1435/1435/1424 1506/1506/1526
f 1507/1507/1489 1435/1435/1424 1436/1436/1425
f 1508/1508/1490 1509/1509/1491 1510/1510/1492
f 1443/1443/1493 1502/1502/1488 1505/1505/1487
f 1443/1443/1493 1505/1505/1487 1469/1469/1494
f 1507/1507/1489 1436/1436/1425 1450/1450/1495
f 1451/1451/1435 1450/1450/1495 1446/1446/1436
f 1451/1451/1435 1449/1449/1440 1511/1511/1496
f 1511/1511/1496 1512/1512/1497 1451/1451/1435
f 1414/1414/1401 1490/1490/1498 1504/1504/1507
f 1513/1513/1499 1491/1491/1500 1495/1495/1477
f 1514/1514/1501 1504/1504/1507 1490/1490/1498
f 1514/1514/1501 1515/1515/1508 1504/1504/1507
f 1514/1514/1501 1490/1490/1498 1491/1491/1500
f 1513/1513/1499 1514/1514/1501 1491/1491/1500
f 1513/1513/1499 1516/1516/1502 1514/1514/1501
f 1516/1516/1502 1515/1515/1508 1514/1514/1501
f 1517/1517/1512 1516/1516/1502 1513/1513/1499
f 1493/1493/1475 1495/1495/1477 1491/1491/1500
f 1494/1494/1476 1518/1518/1504 1495/1495/1477
f 1494/1494/1476 1499/1499/1483 1518/1518/1504
f 1518/1518/1504 1513/1513/1499 1495/1495/1477
f 1513/1513/1499 1518/1518/1504 1517/1517/1512
f 1519/1519/1503 1517/1517/1512 1518/1518/1504
f 1519/1519/1503 1518/1518/1504 1499/1499/1483
f 1505/1505/1487 1520/1520/1505 1469/1469/1494
f 1521/1521/1506 1503/1503/1486 1504/1504/1507
f 1521/1521/1506 1504/1504/1507 1515/1515/1508
f 1505/1505/1487 1503/1503/1486 1521/1521/1506
f 1521/1521/1506 1522/1522/1509 1505/1505/1487
f 1520/1520/1505 1505/1505/1487 1522/1522/1509
f 1521/1521/1506 1515/1515/1508 1523/1523/1510
f 1521/1521/1506 1523/1523/1510 1522/1522/1509
f 1523/1523/1510 1515/1515/1508 1516/1516/1502
f 1524/1524/1511 1522/1522/1509 1523/1523/1510
f 1523/1523/1510 1516/1516/1502 1517/1517/1512
f 1523/1523/1510 1517/1517/1512 1524/1524/1511
f 1525/1525/1515 1524/1524/1511 1517/1517/1512
f 1526/1526/1514 1522/1522/1509 1524/1524/1511
f 1520/1520/1505 1522/1522/1509 1526/1526/1514
f 1519/1519/1503 1525/1525/1515 1517/1517/1512
f 1524/1524/1511 1525/1525/1515 1526/4865/1514
f 1527/1527/1513 1526/4865/1514 1525/1525/1515
f 1526/1526/1514 1527/4866/1513 1520/1520/1505
f 1469/1469/1494 1520/1520/1505 1527/4866/1513
f 1398/1398/1383 1506/1506/1526 1496/1496/1481
f 1496/1496/1481 1506/1506/1526 1508/1508/1490
f 1496/1496/1481 1508/1508/1490 1497/1497/1480
f 1497/1497/1480 1508/1508/1490 1528/1528/1516
f 1528/1528/1516 1498/1498/1482 1497/1497/1480
f 1510/1510/1492 1528/1528/1516 1508/1508/1490
f 1529/1529/1517 1528/1528/1516 1510/1510/1492
f 1498/1498/1482 1401/1401/1385 1497/1497/1480
f 1530/1530/1518 1498/1498/1482 1528/1528/1516
f 1454/1454/1441 1511/1511/1496 1449/1449/1440
f 1454/1454/1441 1531/1531/1519 1511/1511/1496
f 1529/1529/1517 1510/1510/1492 1532/1532/1528
f 1511/1511/1496 1531/1531/1519 1533/1533/1520
f 1529/1529/1517 1533/1533/1520 1531/1531/1519
f 1534/1534/1521 1529/1529/1517 1531/1531/1519
f 1528/1528/1516 1529/1529/1517 1534/1534/1521
f 1530/1530/1518 1528/1528/1516 1534/1534/1521
f 1535/1535/1522 1530/1530/1518 1534/1534/1521
f 1535/1535/1522 1531/1531/1519 1536/1536/1529
f 1537/1537/5050 1535/1535/1522 1536/1536/1529
f 1538/1538/5049 1535/1535/1522 1537/1537/5050
f 1534/1534/1521 1531/1531/1519 1535/1535/1522
f 1539/1539/1523 1519/1519/1503 1499/1499/1483
f 1540/1540/1524 1527/1527/1513 1525/1525/1515
f 1525/1525/1515 1519/1519/1503 1540/1540/1524
f 1539/1539/1523 1540/1540/1524 1519/1519/1503
f 1460/1460/1447 1443/1443/1493 1469/1469/1494
f 1541/1541/5086 1469/1469/1494 1527/4866/1513
f 1527/1527/1513 1540/1540/1524 1541/4867/5086
f 1453/1453/1442 1457/1457/1525 1454/1454/1441
f 1457/1457/1525 1542/1542/1530 1454/1454/1441
f 1465/1465/1451 1542/1542/1530 1457/1457/1525
f 1465/1465/1451 1457/1457/1525 1458/1458/1446
f 1506/1506/1526 1435/1435/1424 1509/1509/1491
f 1508/1508/1490 1506/1506/1526 1509/1509/1491
f 1435/1435/1424 1507/1507/1489 1509/1509/1491
f 1509/1509/1491 1507/1507/1489 1543/1543/1527
f 1509/1509/1491 1543/1543/1527 1510/1510/1492
f 1543/1543/1527 1532/1532/1528 1510/1510/1492
f 1543/1543/1527 1450/1450/1495 1451/1451/1435
f 1543/1543/1527 1507/1507/1489 1450/1450/1495
f 1451/1451/1435 1512/1512/1497 1543/1543/1527
f 1532/1532/1528 1543/1543/1527 1512/1512/1497
f 1533/1533/1520 1532/1532/1528 1512/1512/1497
f 1533/1533/1520 1512/1512/1497 1511/1511/1496
f 1533/1533/1520 1529/1529/1517 1532/1532/1528
f 1454/1454/1441 1536/1536/1529 1531/1531/1519
f 1536/1536/1529 1454/1454/1441 1542/1542/1530
f 1537/1537/5050 1536/1536/1529 1542/1542/1530
f 1544/1544/5198 1537/1537/5050 1542/1542/1530
f 543/543/1531 1545/1545/1532 545/545/1533
f 522/522/507 547/547/1300 1546/1546/1534
f 543/543/1531 522/522/507 1546/1546/1534
f 544/544/511 545/545/1533 1545/1545/1532
f 543/543/1531 1547/1547/1535 1545/1545/1532
f 544/544/511 1548/1548/1536 541/541/509
f 550/550/1537 541/541/509 1548/1548/1536
f 1547/1547/1535 543/543/1531 1546/1546/1534
f 1549/1549/1538 544/544/511 1545/1545/1532
f 1548/1548/1536 544/544/511 1549/1549/1538
f 1545/1545/1532 1547/1547/1535 1550/1550/1539
f 1549/1549/1538 1545/1545/1532 1550/1550/3306
f 550/550/1537 551/551/513 541/541/509
f 1551/1551/1572 1552/1552/1618 1553/1553/1615
f 906/906/858 1554/1554/1540 900/900/857
f 1554/1554/1540 1555/1555/1541 1556/1556/1547
f 906/906/858 905/905/859 1557/1557/1542
f 906/906/858 1557/1557/1542 1554/1554/1540
f 1557/1557/1542 1555/1555/1541 1554/1554/1540
f 910/910/863 900/900/857 1554/1554/1540
f 1558/1558/1543 911/911/866 910/910/863
f 910/910/863 1559/1559/1544 1558/1558/1543
f 1558/1558/1543 1559/1559/1544 1560/1560/1570
f 1556/1556/1547 1552/1552/1618 1559/1559/1544
f 1556/1556/1547 910/910/863 1554/1554/1540
f 912/912/865 908/908/861 911/911/866
f 912/912/865 911/911/866 1558/1558/1543
f 912/912/865 1558/1558/1543 1561/1561/1545
f 1559/1559/1544 910/910/863 1556/1556/1547
f 1562/1562/1546 1556/1556/1547 1555/1555/1541
f 1562/1562/1546 1555/1555/1541 1563/1563/1562
f 1556/1556/1547 1562/1562/1546 1564/1564/1548
f 1565/1565/1564 1564/1564/1549 1562/1562/1546
f 1565/1565/1564 1562/1562/1546 1563/1563/1562
f 1566/1566/1550 1567/1567/1583 1564/1564/1549
f 1566/1566/1550 1564/1564/1549 1565/1565/1564
f 1564/1564/1548 1567/1567/1551 1556/1556/1547
f 1568/1568/1552 1556/1556/1547 1567/1567/1551
f 1567/1567/1583 1566/1566/1550 1569/1569/1553
f 1570/1570/1608 1569/1569/1585 1566/1566/1554
f 904/904/856 1571/1571/1557 905/905/859
f 1571/1571/1557 904/904/856 916/916/871
f 1572/1572/1555 1571/1571/1557 916/916/871
f 1573/1573/1556 905/905/859 1571/1571/1557
f 1574/1574/1558 1557/1557/1542 905/905/859
f 905/905/859 1573/1573/1556 1574/1574/1558
f 917/917/873 1572/1572/1555 916/916/871
f 1573/1573/1556 1571/1571/1557 1572/1572/1555
f 1575/1575/1700 1572/1572/1555 917/917/873
f 1576/1576/1559 1555/1555/1541 1557/1557/1542
f 1574/1574/1558 1576/1576/1559 1557/1557/1542
f 1577/1577/1561 1555/1555/1541 1576/1576/1559
f 1578/1578/1560 1577/1577/1561 1576/1576/1559
f 1577/1577/1561 1563/1563/1562 1555/1555/1541
f 1563/1563/1562 1579/1579/1606 1580/1580/1565
f 1579/1579/1606 1563/1563/1562 1577/1577/1561
f 1581/1581/1563 1574/1574/1558 1573/1573/1556
f 1582/1582/1688 1581/1581/1563 1573/1573/1556
f 1583/1583/1605 1576/1576/1559 1574/1574/1558
f 1583/1583/1605 1574/1574/1558 1581/1581/1563
f 1565/1565/1564 1580/1580/1565 1566/1566/1554
f 1580/1580/1565 1565/1565/1564 1563/1563/1562
f 1570/1570/1608 1566/1566/1554 1580/1580/1565
f 1579/1579/1606 1584/1584/1566 1580/1580/1565
f 1580/1580/1565 1584/1584/1566 1570/1570/1608
f 919/4828/875 845/4825/794 912/912/865
f 1561/1561/1545 1558/1558/1543 1585/1585/1567
f 1585/1585/1567 919/4828/875 912/912/865
f 1586/1586/1568 920/920/1569 919/919/875
f 1560/1560/1570 1559/1559/1544 1552/1552/1618
f 1585/1585/1567 1558/1558/1543 1560/1560/1570
f 1586/4872/1568 919/4828/875 1585/1585/1567
f 1585/1585/1567 1560/1560/1570 1587/1587/1571
f 1585/1585/1567 1587/1587/1571 1586/4872/1568
f 1587/1587/1571 1560/1560/1570 1588/1588/1573
f 1560/1560/1570 1552/1552/1618 1551/1551/1572
f 1560/1560/1570 1551/1551/1572 1588/1588/1573
f 1587/1587/1571 1588/1588/1573 1589/1589/1578
f 1589/1589/1574 1586/4872/1568 1587/1587/1571
f 1590/1590/1575 920/920/1569 1586/1586/1568
f 1585/1585/1567 912/912/865 1561/1561/1545
f 920/920/1569 1590/1590/1575 925/925/878
f 1589/4873/1574 1590/1590/1575 1586/1586/1568
f 1590/1590/1575 1589/4873/1574 1591/1591/1576
f 1588/1588/1573 1551/1551/1572 1592/1592/1577
f 1589/1589/1578 1588/1588/1573 1592/1592/1577
f 1591/4875/1590 1589/1589/1578 1592/1592/1577
f 922/922/1580 924/924/877 1593/1593/1601
f 1593/1593/1601 1594/1594/1579 922/922/1580
f 924/924/877 925/925/878 1590/1590/1575
f 924/924/877 1590/1590/1575 1595/1595/1581
f 1595/1595/1581 1593/1593/1601 924/924/877
f 1595/1595/1581 1596/1596/1582 1593/1593/1601
f 1597/1597/1631 1552/1552/1618 1556/1556/1547
f 1568/1568/1552 1597/1597/1631 1556/1556/1547
f 1598/1598/1587 1599/1599/1595 1567/4868/1583
f 1600/1600/1588 1567/1567/1583 1569/1569/1553
f 1601/1601/1584 1600/1600/1588 1569/1569/1585
f 1600/4878/1588 1601/4879/1584 1602/1602/1591
f 1603/1603/1586 1598/1598/1587 1600/4877/1588
f 1604/1604/1589 1603/4880/1586 1591/4874/1590
f 1598/1598/1587 1603/1603/1586 1604/4882/1589
f 1602/1602/1591 1603/4881/1586 1600/4878/1588
f 1602/1602/1591 1591/1591/1590 1603/4881/1586
f 1602/1602/1591 1605/1605/1592 1595/1595/1581
f 1605/1605/1592 1596/1596/1582 1595/1595/1581
f 1601/1601/1584 1569/1569/1585 1570/1570/1608
f 1600/4877/1588 1598/1598/1587 1567/4868/1583
f 1605/1605/1592 1602/1602/1591 1601/4879/1584
f 1606/1606/1614 1607/1607/1593 1592/1592/1577
f 1591/4875/1590 1592/1592/1577 1607/1607/1593
f 1591/4875/1590 1607/1607/1593 1604/4882/1589
f 1608/1608/1594 1607/1607/1593 1606/1606/1614
f 1608/1608/1594 1604/4882/1589 1607/1607/1593
f 1551/1551/1572 1606/1606/1614 1592/1592/1577
f 1599/1599/1595 1598/1598/1587 1604/4882/1589
f 1599/1599/1595 1608/1608/1594 1609/1609/1596
f 1599/1599/1595 1604/4882/1589 1608/1608/1594
f 1610/1610/1597 1568/4869/1552 1567/4868/1551
f 1599/1599/1595 1610/1610/1598 1567/4868/1583
f 1610/1610/1598 1599/1599/1595 1609/1609/1596
f 1568/4869/1552 1610/1610/1597 1611/1611/1599
f 1608/1608/1594 1606/1606/1614 1609/1609/1596
f 1610/1610/1598 1609/1609/1596 1611/1611/1646
f 1590/1590/1575 1591/1591/1576 1595/1595/1600
f 1595/1595/1581 1591/1591/1590 1602/1602/1591
f 1612/1612/1602 1596/1596/1582 1605/1605/1592
f 1593/1593/1601 1596/1596/1582 1612/1612/1602
f 1594/1594/1579 1593/1593/1601 1613/1613/1603
f 1593/1593/1601 1612/1612/1602 1613/1613/1603
f 1576/1576/1559 1614/1614/1604 1578/1578/1560
f 1583/1583/1605 1614/1614/1604 1576/1576/1559
f 1577/1577/1561 1578/1578/1560 1579/1579/1606
f 1578/1578/1560 1615/1615/1607 1579/1579/1606
f 1578/1578/1560 1614/1614/1604 1615/1615/1607
f 1579/1579/1606 1615/1615/1607 1584/1584/1566
f 1570/4870/1608 1584/4871/1566 1616/1616/1609
f 1570/4870/1608 1616/1616/1609 1617/1617/1610
f 1617/1617/1610 1601/4879/1584 1570/4870/1608
f 1601/4879/1584 1617/1617/1610 1605/1605/1592
f 1618/1618/1611 1605/1605/1592 1617/1617/1610
f 1612/1612/1602 1605/1605/1592 1618/1618/1611
f 1612/1612/1602 1618/1618/1611 1619/1619/1612
f 1613/1613/1603 1612/1612/1602 1620/1620/1797
f 1594/1594/1579 1613/1613/1603 1621/1621/3261
f 1620/1620/1797 1612/1612/1602 1619/1619/1612
f 1622/1622/3108 1623/1623/3111 1624/1624/1674
f 1551/1551/1572 1553/1553/1615 1625/1625/1613
f 1606/1606/1614 1551/1551/1572 1625/1625/1613
f 1626/1626/1616 1625/1625/1613 1553/1553/1615
f 1606/1606/1614 1625/1625/1613 1626/1626/1616
f 1627/1627/1617 1606/1606/1614 1626/1626/1616
f 1553/1553/1615 1552/1552/1618 1628/1628/1619
f 1626/1626/1616 1553/1553/1615 1628/1628/1619
f 1626/1626/1616 1628/1628/1619 1629/1629/1620
f 1628/1628/1619 1552/1552/1618 1630/1630/1621
f 1628/1628/1619 1630/1630/1621 1631/1631/1632
f 1632/1632/1622 1568/4869/1552 1611/1611/1599
f 1632/1632/1622 1633/1633/1627 1568/4869/1552
f 1633/1633/1627 1597/4876/1631 1568/4869/1552
f 1627/1627/1617 1634/1634/1623 1632/1632/1622
f 1634/1634/1623 1633/1633/1627 1632/1632/1622
f 1633/1633/1627 1635/1635/1628 1597/4876/1631
f 1627/1627/1617 1626/1626/1616 1629/1629/1620
f 1627/1627/1617 1629/1629/1620 1634/1634/1623
f 1634/1634/1623 1629/1629/1620 1636/1636/1624
f 1634/1634/1623 1637/1637/1625 1633/1633/1627
f 1637/1637/1625 1638/1638/1626 1633/1633/1627
f 1635/1635/1628 1633/1633/1627 1638/1638/1626
f 1638/1638/1629 1637/1637/1625 1636/1636/1624
f 1637/1637/1625 1634/1634/1623 1636/1636/1624
f 1639/1639/1652 1640/1640/1637 1641/1641/1630
f 1597/1597/1631 1630/1630/1621 1552/1552/1618
f 1628/1628/1619 1631/1631/1632 1629/1629/1620
f 1631/1631/1632 1630/1630/1621 1642/1642/1633
f 1631/1631/1632 1643/1643/1634 1629/1629/1620
f 1635/1635/1628 1641/4885/1630 1597/4876/1631
f 1635/1635/1628 1644/1644/1643 1641/4885/1630
f 1636/1636/1624 1629/1629/1620 1643/1643/1634
f 1638/1638/1626 1645/1645/1641 1635/1635/1628
f 1638/1638/1629 1636/1636/1624 1645/1645/1635
f 1646/1646/1638 1630/1630/1621 1597/1597/1631
f 1630/1630/1621 1646/1646/1647 1642/1642/1633
f 1642/1642/1633 1646/1646/1647 1647/1647/1636
f 1640/1640/1637 1646/1646/1638 1597/1597/1631
f 1631/1631/1632 1642/1642/1639 1643/1643/1634
f 1640/1640/1637 1597/1597/1631 1641/1641/1630
f 1643/1643/1634 1645/1645/1635 1636/1636/1624
f 1643/1643/1634 1642/1642/1639 1648/1648/1667
f 1648/1648/1667 1642/1642/1639 1647/1647/1640
f 1645/1645/1641 1644/1644/1643 1635/1635/1628
f 1643/1643/1634 1649/1649/1642 1645/1645/1635
f 1644/1644/1643 1645/1645/1641 1649/1649/1644
f 1643/1643/1634 1650/1650/1645 1649/1649/1642
f 1644/1644/1643 1649/1649/1644 1650/1650/1645
f 1609/1609/1596 1606/1606/1614 1627/1627/1617
f 1621/1621/3261 922/922/1580 1594/1594/1579
f 922/922/1580 1621/1621/3261 1052/1052/1024
f 1611/1611/1646 1609/1609/1596 1627/1627/1617
f 1632/1632/1622 1611/1611/1646 1627/1627/1617
f 1651/1651/1679 1621/1621/3261 1613/1613/1603
f 1647/1647/1636 1646/1646/1647 1652/1652/1666
f 1646/1646/1638 1640/1640/1637 1653/1653/1648
f 1652/1652/1666 1646/1646/1647 1653/1653/1648
f 1643/1643/1634 1652/1652/1666 1654/1654/1649
f 1653/1653/1648 1640/1640/1637 1655/1655/1650
f 1654/1654/1649 1653/1653/1648 1655/1655/1650
f 1652/1652/1666 1653/1653/1648 1654/1654/1649
f 1654/1654/1649 1655/1655/1650 1656/1656/1651
f 1657/1657/1655 1640/1640/1637 1639/1639/1652
f 1658/1658/1653 1657/1657/1655 1659/1659/1654
f 1657/1657/1655 1656/1656/1651 1655/1655/1650
f 1640/1640/1637 1657/1657/1655 1655/1655/1650
f 1656/1656/1651 1657/1657/1655 1658/1658/1653
f 1654/1654/1649 1656/1656/1651 1660/1660/1658
f 1654/1654/1649 1660/1660/1658 1661/1661/1661
f 1662/1662/1669 1654/1654/1649 1661/1661/1661
f 1656/1656/1651 1658/1658/1656 1660/1660/1658
f 1663/1663/1657 1661/1661/1661 1660/1660/1658
f 1644/1644/1643 1664/1664/1659 1639/4884/1652
f 1665/1665/1660 1662/1662/1669 1666/1666/1662
f 1661/1661/1661 1666/1666/1662 1662/1662/1669
f 1644/1644/1643 1665/1665/1660 1666/1666/1664
f 1664/1664/1659 1644/1644/1643 1667/1667/1663
f 1663/1663/1657 1666/1666/1662 1661/1661/1661
f 1666/1666/1664 1667/1667/1665 1644/1644/1643
f 1647/1647/1640 1652/1652/1666 1648/1648/1667
f 1643/1643/1634 1648/1648/1667 1652/1652/1666
f 1052/1052/1024 1621/1621/3261 1668/1668/1668
f 1644/1644/1643 1639/4884/1652 1641/4885/1630
f 1662/1662/1669 1650/1650/1645 1643/1643/1634
f 1654/1654/1649 1662/1662/1669 1643/1643/1634
f 1650/1650/1645 1665/1665/1660 1644/1644/1643
f 1662/1662/1669 1665/1665/1660 1650/1650/1645
f 1668/1668/1668 1669/1669/3238 1052/1052/1024
f 1658/1658/1656 1659/1659/1670 1660/1660/1658
f 1670/1670/1671 1659/1659/1654 1657/1657/1655
f 1657/1657/1655 1639/1639/1652 1670/1670/1671
f 1660/1660/1658 1659/1659/1670 1671/1671/1673
f 1671/1671/1673 1672/1672/1672 1660/1660/1658
f 1673/1673/3107 1670/1670/1671 1639/1639/1652
f 1671/1671/1673 1674/1674/1676 1672/1672/1672
f 1674/1674/1676 1671/1671/1673 1624/1624/1674
f 1672/1672/1672 1663/1663/1657 1660/1660/1658
f 1663/1663/1657 1672/1672/1672 1674/1674/1676
f 1674/1674/1676 1666/1666/1662 1663/1663/1657
f 1659/1659/1654 1670/1670/1671 1622/1622/3108
f 1659/1659/1670 1624/1624/1674 1671/1671/1673
f 1624/1624/1674 1675/1675/1675 1674/1674/1676
f 1659/1659/1670 1622/1622/3108 1624/1624/1674
f 1675/1675/1675 1624/1624/1674 1623/1623/3111
f 1651/1651/1679 1613/1613/1603 1676/1676/1677
f 1677/1677/1678 1651/1651/1679 1676/1676/1677
f 1678/1678/1680 1673/4886/3107 1639/4884/1652
f 1639/4884/1652 1664/1664/1659 1678/1678/1680
f 1667/1667/1663 1678/1678/1680 1664/1664/1659
f 1666/1666/1664 1674/1674/1676 1667/1667/1665
f 1679/1679/1682 1678/1678/1680 1667/1667/1663
f 1674/1674/1676 1679/1679/1681 1667/1667/1665
f 1679/1679/1681 1674/1674/1676 1675/1675/1675
f 1673/4886/3107 1678/1678/1680 1680/1680/1685
f 1679/1679/1682 1680/1680/1685 1678/1678/1680
f 1681/1681/1683 1675/1675/1675 1682/1682/3110
f 1681/1681/1684 1680/1680/1685 1679/1679/1682
f 1675/1675/1675 1681/1681/1683 1679/1679/1681
f 1680/1680/1685 1681/1681/1684 1683/1683/1686
f 1684/1684/3528 1651/1651/1679 1677/1677/1678
f 1685/1685/2954 1686/1686/2953 1687/1687/1687
f 1677/1677/1678 1685/1685/2954 1684/1684/3528
f 1684/1684/3528 1685/1685/2954 1687/1687/1687
f 1688/1688/3531 1686/1686/2953 1689/1689/3532
f 1687/1687/1687 1686/1686/2953 1688/1688/3531
f 1687/1687/1687 1688/1688/3531 1690/1690/3529
f 1691/1691/1703 1582/1582/1688 1572/1572/1555
f 1692/1692/1689 1581/1581/1563 1582/1582/1688
f 1582/1582/1688 1691/1691/1703 1692/1692/1689
f 1691/1691/1703 1693/1693/1695 1694/1694/1694
f 1694/1694/1694 1692/1692/1689 1691/1691/1703
f 1581/1581/1563 1692/1692/1689 1695/1695/1690
f 1695/1695/1690 1583/1583/1605 1581/1581/1563
f 1696/1696/1691 1695/1695/1690 1692/1692/1689
f 1694/1694/1694 1696/1696/1691 1692/1692/1689
f 1696/1696/1691 1697/1697/1692 1695/1695/1690
f 1698/1698/1693 1614/1614/1604 1583/1583/1605
f 1698/1698/1693 1583/1583/1605 1697/1697/1692
f 1698/1698/1693 1615/1615/1607 1614/1614/1604
f 1699/1699/1724 1615/1615/1607 1698/1698/1693
f 1697/1697/1692 1583/1583/1605 1695/1695/1690
f 1700/1700/1698 1697/1697/1692 1696/1696/1691
f 1697/1697/1692 1700/1700/1698 1701/1701/1731
f 1694/1694/1694 1700/1700/1698 1696/1696/1691
f 1702/1702/1699 1703/1703/1696 1694/1694/1694
f 1702/1702/1699 1694/1694/1694 1693/1693/1695
f 1703/1703/1696 1700/1700/1698 1694/1694/1694
f 1704/1704/1697 1700/1700/1698 1703/1703/1696
f 1705/1705/1744 1704/1704/1697 1703/1703/1696
f 1702/1702/1699 1705/1705/1744 1703/1703/1696
f 1575/1575/1700 917/917/873 918/918/872
f 1706/1706/1705 1572/1572/1555 1575/1575/1700
f 1707/1707/1702 1575/1575/1700 918/918/872
f 1707/1707/1702 918/918/872 1066/1066/1036
f 1708/1708/1701 1575/1575/1700 1707/1707/1702
f 1706/1706/1705 1575/1575/1700 1708/1708/1701
f 1067/1067/1038 1707/1707/1702 1066/1066/1036
f 1572/1572/1555 1582/1582/1688 1573/1573/1556
f 1691/1691/1703 1572/1572/1555 1706/1706/1705
f 1709/1709/1704 1706/1706/1705 1708/1708/1701
f 1709/1709/1704 1691/1691/1703 1706/1706/1705
f 1709/1709/1704 1693/1693/1695 1691/1691/1703
f 1707/1707/1702 1710/1710/1706 1708/1708/1701
f 1707/1707/1702 1067/1067/1038 1711/1711/1708
f 1711/1711/1708 1067/1067/1038 1712/1712/1709
f 1713/1713/1707 1711/1711/1708 1712/1712/1709
f 1709/1709/1704 1708/1708/1701 1710/1710/1706
f 1710/1710/1706 1707/1707/1702 1711/1711/1708
f 1714/1714/1710 1693/1693/1695 1709/1709/1704
f 1711/1711/1708 1715/1715/1712 1710/1710/1706
f 1714/1714/1710 1702/1702/1699 1693/1693/1695
f 1714/1714/1710 1709/1709/1704 1710/1710/1706
f 1714/1714/1710 1710/1710/1706 1715/1715/1712
f 1712/1712/1709 1067/1067/1038 1071/1071/1042
f 1712/1712/1709 1071/1071/1042 1072/1072/1044
f 1716/1716/1711 1702/1702/1699 1714/1714/1710
f 1715/1715/1712 1716/1716/1711 1714/1714/1710
f 1715/1715/1712 1711/1711/1708 1713/1713/1707
f 1717/1717/1715 1715/1715/1712 1713/1713/1707
f 1712/1712/1709 1072/1072/1044 1713/1713/1707
f 1713/1713/1707 1072/1072/1044 1718/1718/1714
f 1718/1718/1714 1072/1072/1044 1073/1073/1054
f 1719/1719/1713 1713/1713/1707 1718/1718/1714
f 1717/1717/1715 1713/1713/1707 1719/1719/1713
f 1719/1719/1713 1718/1718/1714 1720/1720/1722
f 1721/1721/1716 1720/1720/1722 1718/1718/1714
f 1722/1722/1801 1702/1702/1699 1716/1716/1711
f 1723/1723/1717 1716/1716/1711 1715/1715/1712
f 1715/1715/1712 1717/1717/1715 1723/1723/1717
f 1722/1722/1801 1716/1716/1711 1723/1723/1717
f 1702/1702/1699 1722/1722/1801 1705/1705/1744
f 1723/1723/1717 1717/1717/1715 1724/1724/1718
f 1725/1725/1719 1722/1722/1801 1723/1723/1717
f 1725/1725/1719 1723/1723/1717 1724/1724/1718
f 1724/1724/1718 1726/1726/1720 1725/1725/1719
f 1719/1719/1713 1727/1727/1721 1717/1717/1715
f 1717/1717/1715 1727/1727/1721 1724/1724/1718
f 1719/1719/1713 1720/1720/1722 1727/1727/1721
f 1720/1720/1722 1728/1728/1723 1727/1727/1721
f 1729/1729/1826 1728/1728/1723 1720/1720/1722
f 1727/1727/1721 1730/1730/1808 1724/1724/1718
f 1727/1727/1721 1728/1728/1723 1730/1730/1808
f 1699/4887/1724 1731/1731/1725 1615/4883/1607
f 1732/1732/1728 1699/1699/1724 1698/1698/1693
f 1732/1732/1728 1698/1698/1693 1697/1697/1692
f 1701/1701/1731 1732/1732/1728 1697/1697/1692
f 1732/1732/1728 1701/1701/1731 1733/1733/1726
f 1733/1733/1726 1734/1734/1727 1732/1732/1728
f 1734/1734/1727 1699/1699/1724 1732/1732/1728
f 1731/1731/1725 1699/4887/1724 1735/1735/1729
f 1699/4887/1724 1734/4888/1727 1735/1735/1729
f 1735/1735/1729 1734/4888/1727 1736/1736/1738
f 1731/1731/1725 1735/1735/1729 1737/1737/1799
f 1738/1738/1730 1701/1701/1731 1700/1700/1698
f 1704/1704/1697 1738/1738/1730 1700/1700/1698
f 1738/1738/1730 1733/1733/1726 1701/1701/1731
f 1738/1738/1730 1739/1739/1732 1733/1733/1726
f 1704/1704/1697 1739/1739/1732 1738/1738/1730
f 1740/1740/1734 1733/1733/1726 1739/1739/1732
f 1741/1741/1735 1734/1734/1727 1733/1733/1726
f 1734/1734/1727 1741/1741/1735 1742/1742/1741
f 1743/1743/1733 1740/1740/1734 1739/1739/1732
f 1739/1739/1732 1744/1744/1736 1743/1743/1733
f 1740/1740/1734 1741/1741/1735 1733/1733/1726
f 1740/1740/1734 1743/1743/1733 1744/1744/1736
f 1745/1745/1753 1740/1740/1734 1744/1744/1736
f 1746/1746/1749 1741/1741/1735 1740/1740/1734
f 1747/1747/1743 1739/1739/1732 1704/1704/1697
f 1744/1744/1736 1739/1739/1732 1747/1747/1743
f 1748/1748/1737 1736/1736/1738 1749/1749/1739
f 1742/4889/1741 1749/1749/1739 1736/1736/1738
f 1742/1742/1741 1741/1741/1735 1750/1750/1740
f 1751/1751/1755 1742/1742/1741 1750/1750/1740
f 1751/4890/1755 1749/1749/1739 1742/4889/1741
f 1752/1752/1762 1749/1749/1739 1751/4890/1755
f 1736/1736/1738 1737/1737/1799 1735/1735/1729
f 1736/1736/1738 1734/4888/1727 1742/4889/1741
f 1736/1736/1738 1748/1748/1737 1737/1737/1799
f 1753/1753/1868 1749/1749/1739 1752/1752/1762
f 1748/1748/1737 1749/1749/1739 1753/1753/1868
f 1754/1754/1742 1747/1747/1743 1704/1704/1697
f 1754/1754/1742 1704/1704/1697 1705/1705/1744
f 1754/1754/1742 1705/1705/1744 1755/1755/1802
f 1745/1745/1753 1744/1744/1736 1756/1756/1745
f 1757/1757/1746 1744/1744/1736 1747/1747/1743
f 1756/1756/1745 1744/1744/1736 1757/1757/1746
f 1757/1757/1746 1758/1758/1750 1756/1756/1745
f 1754/1754/1742 1759/1759/1788 1747/1747/1743
f 1757/1757/1746 1747/1747/1743 1759/1759/1788
f 1760/1760/1747 1757/1757/1746 1759/1759/1788
f 1760/1760/1747 1758/1758/1750 1757/1757/1746
f 1761/1761/1748 1759/1759/1788 1754/1754/1742
f 1759/1759/1788 1761/1761/1748 1762/1762/1804
f 1746/1746/1749 1740/1740/1734 1745/1745/1753
f 1746/1746/1749 1750/1750/1740 1741/1741/1735
f 1763/1763/1751 1745/1745/1753 1756/1756/1745
f 1756/1756/1745 1758/1758/1750 1763/1763/1751
f 1764/1764/1752 1745/1745/1753 1763/1763/1751
f 1765/1765/1754 1751/1751/1755 1750/1750/1740
f 1766/1766/1756 1750/1750/1740 1746/1746/1749
f 1745/1745/1753 1766/1766/1756 1746/1746/1749
f 1764/1764/1752 1766/1766/1756 1745/1745/1753
f 1763/1763/1751 1758/1758/1750 1767/1767/1757
f 1767/1767/1757 1764/1764/1752 1763/1763/1751
f 1764/1764/1752 1768/1768/1758 1766/1766/1756
f 1767/1767/1757 1768/1768/1758 1764/1764/1752
f 1768/1768/1758 1769/1769/1759 1766/1766/1756
f 1766/1766/1756 1770/1770/1760 1750/1750/1740
f 1771/1771/1761 1752/1752/1762 1751/4890/1755
f 1771/1771/1761 1753/1753/1868 1752/1752/1762
f 1765/4891/1754 1771/1771/1761 1751/4890/1755
f 1765/1765/1754 1750/1750/1740 1770/1770/1760
f 1772/1772/1766 1771/1771/1761 1765/4891/1754
f 1770/1770/1760 1772/4892/1766 1765/1765/1754
f 1771/1771/1761 1773/1773/1767 1753/1753/1868
f 1771/1771/1761 1772/1772/1766 1773/1773/1767
f 1774/1774/1869 1753/1753/1868 1773/1773/1767
f 1769/1769/1759 1770/1770/1760 1766/1766/1756
f 1775/1775/1763 1770/1770/1760 1769/1769/1759
f 1770/1770/1760 1775/1775/1763 1772/4892/1766
f 1776/1776/1764 1775/1775/1763 1769/1769/1759
f 1777/1777/1765 1772/4892/1766 1775/1775/1763
f 1778/1778/1768 1773/1773/1767 1772/1772/1766
f 1777/1777/1765 1778/4893/1768 1772/4892/1766
f 1773/1773/1767 1778/1778/1768 1779/1779/1769
f 1780/1780/1881 1778/4893/1768 1777/1777/1765
f 1781/1781/1770 1782/1782/1771 1783/1783/1782
f 1784/1784/1772 1783/1783/1773 1782/4894/1774
f 1783/1783/1773 1784/1784/1772 1785/1785/1775
f 1782/1782/1771 1781/1781/1770 1786/1786/1781
f 1784/4895/1776 1782/1782/1777 1786/1786/1781
f 1781/1781/1770 1787/1787/1783 1788/1788/1778
f 1781/1781/1770 1788/1788/1779 1786/1786/1781
f 1789/1789/1780 1784/4895/1776 1786/1786/1781
f 1789/1789/1780 1786/1786/1781 1788/1788/1779
f 1783/1783/1782 1787/1787/1783 1781/1781/1770
f 1785/1785/1784 1787/1787/1783 1783/1783/1782
f 1790/1790/1785 1787/1787/1783 1785/1785/1784
f 1791/1791/1906 1787/1787/1783 1790/1790/1785
f 1767/1767/1757 1758/1758/1750 1792/1792/1792
f 1758/1758/1750 1760/1760/1747 1792/1792/1792
f 1767/1767/1757 1792/1792/1792 1793/1793/1786
f 1794/1794/1787 1792/1792/1792 1760/1760/1747
f 1794/1794/1787 1759/1759/1788 1762/1762/1804
f 1759/1759/1788 1794/1794/1787 1760/1760/1747
f 1767/1767/1757 1793/1793/1786 1768/1768/1758
f 1776/1776/1764 1769/1769/1759 1768/1768/1758
f 1795/1795/1866 1775/1775/1763 1776/1776/1764
f 1777/1777/1765 1775/1775/1763 1796/1796/1789
f 1797/1797/1790 1776/1776/1764 1768/1768/1758
f 1797/1797/1790 1768/1768/1758 1793/1793/1786
f 1798/1798/1791 1795/1795/1866 1776/1776/1764
f 1796/1796/1789 1780/1780/1881 1777/1777/1765
f 1797/1797/1790 1793/1793/1786 1792/1792/1792
f 1794/1794/1787 1799/1799/1794 1792/1792/1792
f 1797/1797/1790 1798/1798/1791 1776/1776/1764
f 1800/1800/1793 1798/1798/1791 1797/1797/1790
f 1800/1800/1793 1797/1797/1790 1799/1799/1794
f 1797/1797/1790 1792/1792/1792 1799/1799/1794
f 1784/1784/1772 1790/1790/1796 1785/1785/1775
f 1784/1784/1772 1789/4896/1780 1790/1790/1796
f 1801/1801/1795 1790/1790/1796 1789/4896/1780
f 1731/1731/1725 1616/1616/1609 1615/4883/1607
f 1615/4883/1607 1616/1616/1609 1584/4871/1566
f 1731/1731/1725 1737/1737/1799 1616/1616/1609
f 1620/1620/1797 1619/1619/1612 1676/1676/1677
f 1620/1620/1797 1676/1676/1677 1613/1613/1603
f 1802/1802/1798 1617/1617/1610 1616/1616/1609
f 1618/1618/1611 1617/1617/1610 1802/1802/1798
f 1616/1616/1609 1737/1737/1799 1802/1802/1798
f 1755/1755/1802 1705/1705/1744 1722/1722/1801
f 1761/1761/1748 1754/1754/1742 1755/1755/1802
f 1803/1803/1800 1722/1722/1801 1725/1725/1719
f 1803/1803/1800 1755/1755/1802 1722/1722/1801
f 1755/1755/1802 1803/1803/1800 1761/1761/1748
f 1726/1726/1720 1803/1803/1800 1725/1725/1719
f 1729/1729/1826 1804/1804/1803 1728/1728/1723
f 1805/1805/1807 1794/1794/1787 1762/1762/1804
f 1805/1805/1807 1799/1799/1794 1794/1794/1787
f 1805/1805/1807 1762/1762/1804 1806/1806/1805
f 1806/1806/1805 1807/1807/1806 1805/1805/1807
f 1726/1726/1720 1724/1724/1718 1730/1730/1808
f 1803/1803/1800 1808/1808/1814 1762/1762/1804
f 1762/1762/1804 1761/1761/1748 1803/1803/1800
f 1803/1803/1800 1726/1726/1720 1808/1808/1814
f 1726/1726/1720 1809/1809/1809 1810/1810/1812
f 1810/1810/1812 1808/1808/1814 1726/1726/1720
f 1728/1728/1723 1804/1804/1803 1730/1730/1808
f 1730/1730/1808 1809/1809/1809 1726/1726/1720
f 1809/1809/1809 1730/1730/1808 1804/1804/1803
f 1804/1804/1803 1811/1811/1810 1809/1809/1809
f 1804/1804/1803 1812/1812/1829 1811/1811/1810
f 1810/1810/1812 1809/1809/1809 1811/1811/1810
f 1811/1811/1810 1813/1813/1811 1810/1810/1812
f 1814/1814/1813 1813/1813/1811 1811/1811/1810
f 1813/1813/1811 1815/1815/1816 1810/1810/1812
f 1814/1814/1813 1816/1816/1821 1813/1813/1811
f 1762/1762/1804 1808/1808/1814 1806/1806/1805
f 1817/1817/1815 1806/1806/1805 1808/1808/1814
f 1817/1817/1815 1808/1808/1814 1815/1815/1816
f 1808/1808/1814 1810/1810/1812 1815/1815/1816
f 1815/1815/1816 1818/1818/1818 1817/1817/1815
f 1807/1807/1806 1806/1806/1805 1819/1819/1817
f 1817/1817/1815 1819/1819/1817 1806/1806/1805
f 1819/1819/1817 1820/1820/1819 1807/1807/1806
f 1817/1817/1815 1820/1820/1819 1819/1819/1817
f 1820/1820/1819 1817/1817/1815 1818/1818/1818
f 1818/1818/1818 1821/1821/2505 1820/1820/1819
f 1815/1815/1816 1822/1822/1820 1818/1818/1818
f 1822/1822/1820 1815/1815/1816 1813/1813/1811
f 1813/1813/1811 1816/1816/1821 1822/1822/1820
f 1816/1816/1821 1823/1823/1822 1822/1822/1820
f 1818/1818/1818 1822/1822/1820 1821/1821/2505
f 1822/1822/1820 1824/1824/2516 1821/1821/2505
f 1824/1824/2516 1822/1822/1820 1823/1823/1822
f 1824/1824/2516 1823/1823/1822 1825/1825/2993
f 1721/1721/1716 1718/1718/1714 1073/1073/1054
f 1073/1073/1054 1082/1082/1053 1721/1721/1716
f 1826/1826/1824 1721/1721/1716 1082/1082/1053
f 1082/1082/1053 1084/1084/1823 1826/1826/1824
f 1826/1826/1824 1086/1086/1057 1827/1827/1825
f 1721/1721/1716 1826/1826/1824 1827/1827/1825
f 1729/1729/1826 1721/1721/1716 1827/1827/1825
f 1084/1084/1823 1086/1086/1057 1826/1826/1824
f 1828/1828/1827 1086/1086/1057 1080/1080/1058
f 1721/1721/1716 1729/1729/1826 1720/1720/1722
f 1729/1729/1826 1827/1827/1825 1086/1086/1057
f 1828/1828/1827 1829/1829/1828 1086/1086/1057
f 1086/1086/1057 1812/1812/1829 1729/1729/1826
f 1830/1830/1830 1090/1090/1062 1093/1093/1065
f 1830/1830/1830 1831/1831/1831 1090/1090/1062
f 1093/1093/1065 1832/1832/1832 1830/1830/1830
f 1833/1833/1833 1830/1830/1830 1832/1832/1832
f 1080/1080/1058 1090/1090/1062 1834/1834/1834
f 1831/1831/1831 1834/1834/1834 1090/1090/1062
f 1828/1828/1827 1080/1080/1058 1834/1834/1834
f 1830/1830/1830 1833/1833/1833 1831/1831/1831
f 1835/1835/1835 1836/1836/1836 1834/1834/1834
f 1837/1837/1837 1829/1829/1828 1828/1828/1827
f 1837/1837/1837 1828/1828/1827 1834/1834/1834
f 1834/1834/1834 1836/1836/1836 1837/1837/1837
f 1837/1837/1837 1838/1838/1838 1829/1829/1828
f 1839/1839/1841 1837/1837/1837 1836/1836/1836
f 1837/1837/1837 1839/1839/1841 1838/1838/1838
f 1836/1836/1836 1835/1835/1835 1840/1840/1840
f 1839/1839/1841 1836/1836/1836 1840/1840/1840
f 1835/1835/1835 1834/1834/1834 1831/1831/1831
f 1841/1841/1839 1835/1835/1835 1831/1831/1831
f 1833/1833/1833 1841/1841/1839 1831/1831/1831
f 1841/1841/1839 1833/1833/1833 1842/1842/3679
f 1841/1841/1839 1842/1842/3679 1840/1840/1840
f 1841/1841/1839 1840/1840/1840 1835/1835/1835
f 1843/1843/1843 1840/1840/1840 1842/1842/3679
f 1844/1844/1842 1838/1838/1838 1839/1839/1841
f 1843/1843/1843 1839/1839/1841 1840/1840/1840
f 1844/1844/1842 1839/1839/1841 1843/1843/1843
f 1844/1844/1842 1843/1843/1843 1845/1845/1850
f 1729/1729/1826 1812/1812/1829 1804/1804/1803
f 1812/1812/1829 1086/1086/1057 1829/1829/1828
f 1811/1811/1810 1812/1812/1829 1814/1814/1813
f 1814/1814/1813 1812/1812/1829 1846/1846/1845
f 1814/1814/1813 1846/1846/1845 1847/1847/1844
f 1814/1814/1813 1847/1847/1844 1816/1816/1821
f 1846/1846/1845 1812/1812/1829 1829/1829/1828
f 1846/1846/1845 1829/1829/1828 1838/1838/1838
f 1847/1847/1844 1823/1823/1822 1816/1816/1821
f 1848/1848/2996 1823/1823/1822 1847/1847/1844
f 1825/1825/2993 1823/1823/1822 1848/1848/2996
f 1847/1847/1844 1846/1846/1845 1849/1849/1846
f 1849/1849/1846 1850/1850/1847 1847/1847/1844
f 1848/1848/2996 1847/1847/1844 1850/1850/1847
f 1846/1846/1845 1838/1838/1838 1849/1849/1846
f 1838/1838/1838 1844/1844/1842 1849/1849/1846
f 1851/1851/1848 1849/1849/1846 1844/1844/1842
f 1849/1849/1846 1851/1851/1848 1850/1850/1847
f 1851/1851/1848 1844/1844/1842 1852/1852/1849
f 1852/1852/1849 1844/1844/1842 1845/1845/1850
f 1852/1852/1849 1853/1853/3043 1851/1851/1848
f 1802/1802/1798 1737/1737/1799 1854/1854/1851
f 1855/1855/1852 1802/1802/1798 1854/1854/1851
f 1856/1856/1856 1857/1857/1853 1858/1858/1854
f 1859/1859/1855 1857/1857/1853 1856/1856/1856
f 1860/1860/1950 1857/1857/1853 1861/1861/1858
f 1861/1861/1858 1862/1862/1859 1863/1863/1949
f 1861/1861/1858 1857/1857/1853 1864/1864/1857
f 1865/1865/1861 1861/1861/1858 1864/1864/1857
f 1859/1859/1855 1864/1864/1857 1857/1857/1853
f 1861/1861/1858 1865/1865/1861 1862/1862/1859
f 1865/1865/1861 1866/1866/1860 1862/1862/1859
f 1866/1866/1860 1867/1867/1952 1862/1862/1859
f 1866/1866/1860 1865/1865/1861 1868/1868/1862
f 1867/1867/1952 1866/1866/1860 1869/1869/1863
f 1869/1869/1863 1866/1866/1860 1870/1870/2327
f 1866/1866/1860 1868/1868/1862 1870/1870/2327
f 1871/1871/1938 1872/1872/1864 1873/1873/1867
f 1871/1871/1938 1874/1874/1934 1872/1872/1864
f 1875/1875/1865 1871/1871/1938 1873/1873/1867
f 1876/1876/1892 1877/1877/1890 1795/1795/1866
f 1878/1878/2380 1877/1877/1890 1876/1876/1892
f 1873/1873/1867 1753/1753/1868 1774/1774/1869
f 1753/1753/1868 1872/1872/1864 1748/1748/1737
f 1872/1872/1864 1753/1753/1868 1873/1873/1867
f 1774/1774/1869 1773/1773/1767 1779/1779/1769
f 1774/1774/1869 1779/1779/1769 1879/1879/1873
f 1779/1779/1769 1880/1880/1871 1879/1879/1873
f 1881/1881/1870 1880/1880/1871 1779/1779/1769
f 1881/1881/1870 1779/1779/1769 1778/1778/1768
f 1879/1879/1873 1873/1873/1867 1774/1774/1869
f 1882/1882/1872 1873/1873/1867 1879/1879/1873
f 1879/1879/1873 1883/1883/1874 1882/1882/1872
f 1883/1883/1874 1879/1879/1873 1880/1880/1871
f 1883/1883/1874 1884/1884/1925 1882/1882/1872
f 1885/1885/1883 1880/1880/1871 1881/1881/1870
f 1885/1885/1883 1883/1883/1874 1880/1880/1871
f 1886/1886/1897 1788/1788/1778 1787/1787/1783
f 1887/1887/1875 1748/1748/1737 1872/1872/1864
f 1737/1737/1799 1748/1748/1737 1888/1888/1876
f 1887/1887/1875 1888/1888/1876 1748/1748/1737
f 1737/1737/1799 1888/1888/1876 1854/1854/1851
f 1882/1882/1872 1875/1875/1865 1873/1873/1867
f 1796/1796/1789 1775/1775/1763 1889/1889/1877
f 1890/1890/1878 1778/4893/1768 1780/1780/1881
f 1890/4901/1878 1891/1891/1879 1778/1778/1768
f 1892/1892/1880 1890/1890/1878 1780/1780/1881
f 1881/1881/1870 1778/1778/1768 1891/1891/1879
f 1892/1892/1880 1780/1780/1881 1796/1796/1789
f 1890/4901/1878 1893/1893/1882 1891/1891/1879
f 1890/4902/1878 1892/4903/1880 1894/1894/1894
f 1894/4904/1894 1893/1893/1882 1890/4901/1878
f 1801/4898/1795 1894/1894/1894 1892/4903/1880
f 1885/1885/1883 1881/1881/1870 1891/1891/1879
f 1891/1891/1879 1893/1893/1882 1895/1895/1885
f 1896/1896/1884 1801/4898/1795 1892/4903/1880
f 1892/4903/1880 1796/4897/1789 1896/1896/1884
f 1885/1885/1883 1891/1891/1879 1895/1895/1885
f 1895/1895/1885 1897/1897/1886 1885/1885/1883
f 1898/1898/1887 1897/1897/1888 1895/1895/1889
f 1883/1883/1874 1885/1885/1883 1899/1899/1926
f 1885/1885/1883 1897/1897/1886 1899/1899/1926
f 1900/1900/1902 1901/1901/1905 1897/1897/1886
f 1897/1897/1886 1901/1901/1905 1899/1899/1926
f 1876/1876/1892 1795/1795/1866 1798/1798/1791
f 1775/1775/1763 1795/1795/1866 1877/1877/1890
f 1796/4897/1789 1889/4900/1877 1902/1902/1891
f 1798/1798/1791 1800/1800/1793 1876/1876/1892
f 1796/4897/1789 1902/1902/1891 1896/1896/1884
f 1877/1877/1890 1889/1889/1877 1775/1775/1763
f 1903/1903/1893 1889/4900/1877 1877/4899/1890
f 1889/4900/1877 1903/1903/1893 1902/1902/1891
f 1904/1904/1909 1896/1896/1884 1902/1902/1891
f 1894/4904/1894 1789/1789/1780 1788/1788/1779
f 1788/1788/1779 1886/1886/1895 1894/4904/1894
f 1893/1893/1882 1894/4904/1894 1886/1886/1895
f 1801/1801/1795 1789/4896/1780 1894/4905/1894
f 1905/1905/1898 1791/1791/1906 1790/1790/1785
f 1905/1905/1896 1790/1790/1796 1801/1801/1795
f 1886/1886/1895 1895/1895/1889 1893/1893/1882
f 1898/1898/1887 1895/1895/1889 1886/1886/1895
f 1900/1900/1902 1886/1886/1897 1787/1787/1783
f 1791/1791/1906 1900/1900/1902 1787/1787/1783
f 1801/4898/1795 1896/1896/1884 1906/1906/1908
f 1905/1905/1898 1907/1907/1899 1791/1791/1906
f 1908/1908/1900 1905/4906/1896 1906/1906/1908
f 1908/1908/1900 1907/4907/1899 1905/4906/1898
f 1791/1791/1906 1907/1907/1899 1909/1909/1901
f 1900/1900/1902 1898/1898/1903 1886/1886/1897
f 1897/1897/1886 1898/1898/1903 1900/1900/1902
f 1910/1910/1904 1901/1901/1905 1900/1900/1902
f 1900/1900/1902 1791/1791/1906 1910/1910/1904
f 1909/1909/1901 1910/1910/1904 1791/1791/1906
f 1911/1911/1928 1901/1901/1905 1910/1910/1904
f 1912/1912/1907 1907/4907/1899 1906/1906/1908
f 1906/1906/1908 1907/4907/1899 1908/1908/1900
f 1896/1896/1884 1904/1904/1909 1906/1906/1908
f 1907/1907/1899 1913/1913/1911 1909/1909/1901
f 1912/4908/1907 1913/1913/1911 1907/1907/1899
f 1914/1914/1910 1913/1913/1911 1912/4908/1907
f 1909/1909/1901 1913/1913/1911 1910/1910/1904
f 1915/1915/1912 1910/1910/1904 1913/1913/1911
f 1916/1916/1916 1913/1913/1911 1914/1914/1910
f 1917/1917/1913 1918/1918/1914 1914/1914/1910
f 1917/1917/1913 1914/1914/1910 1912/4908/1907
f 1913/1913/1911 1919/1919/1915 1915/1915/1912
f 1917/4910/1913 1912/1912/1907 1906/1906/1908
f 1920/1920/2488 1917/4910/1913 1906/1906/1908
f 1917/4910/1913 1916/4909/1916 1921/1921/1917
f 1916/1916/1916 1914/1914/1910 1921/4913/1917
f 1914/1914/1910 1918/1918/1918 1921/4913/1917
f 1918/4911/1919 1917/4910/1920 1921/1921/1921
f 1916/4909/1916 1917/4910/1913 1922/1922/1923
f 1916/1916/1916 1919/1919/1915 1913/1913/1911
f 1923/1923/1922 1922/1922/1923 1917/4910/1913
f 1922/1922/1923 1919/4912/1915 1916/4909/1916
f 1923/1923/1922 1919/4912/1915 1922/1922/1923
f 1920/1920/2488 1923/1923/1922 1917/4910/1913
f 1924/1924/1924 1882/1882/1872 1884/1884/1925
f 1925/1925/1929 1924/1924/1924 1884/1884/1925
f 1884/1884/1925 1883/1883/1874 1899/1899/1926
f 1899/1899/1926 1901/1901/1905 1884/1884/1925
f 1926/1926/1927 1901/1901/1905 1911/1911/1928
f 1875/1875/1865 1882/1882/1872 1924/1924/1924
f 1927/1927/1943 1924/1924/1924 1925/1925/1929
f 1884/1884/1925 1926/1926/1927 1925/1925/1929
f 1884/1884/1925 1901/1901/1905 1926/1926/1927
f 1925/1925/1929 1926/1926/1927 1927/1927/1943
f 1926/1926/1927 1928/1928/1955 1927/1927/1943
f 1911/1911/1928 1910/1910/1904 1929/1929/2423
f 1930/1930/1930 1926/1926/1927 1911/1911/1928
f 1929/1929/2423 1930/1930/1930 1911/1911/1928
f 1929/1929/2423 1915/1915/1912 1931/1931/1931
f 1929/1929/2423 1910/1910/1904 1915/1915/1912
f 1915/1915/1912 1919/1919/1915 1931/1931/1931
f 1930/1930/1930 1932/1932/1932 1926/1926/1927
f 1930/1930/1930 1929/1929/2423 1933/1933/1933
f 1934/1934/2444 1932/1932/1932 1930/1930/1930
f 1933/1933/1933 1934/1934/2444 1930/1930/1930
f 1872/1872/1864 1874/1874/1934 1887/1887/1875
f 1887/1887/1875 1874/1874/1934 1935/1935/1945
f 1936/1936/1936 1935/1935/1945 1874/1874/1934
f 1935/1935/1945 1936/1936/1936 1937/1937/1946
f 1874/1874/1934 1871/1871/1938 1936/1936/1936
f 1938/1938/1939 1939/1939/1935 1936/1936/1936
f 1860/1860/1950 1937/1937/1946 1858/1858/1854
f 1939/1939/1935 1858/1858/1854 1937/1937/1946
f 1860/1860/1950 1858/1858/1854 1857/1857/1853
f 1936/1936/1936 1939/1939/1935 1937/1937/1946
f 1940/1940/1937 1856/1856/1856 1939/1939/1935
f 1938/1938/1939 1940/1940/1937 1939/1939/1935
f 1858/1858/1854 1939/1939/1935 1856/1856/1856
f 1871/1871/1938 1938/1938/1939 1936/1936/1936
f 1941/1941/1940 1938/1938/1939 1871/1871/1938
f 1871/1871/1938 1875/1875/1865 1941/1941/1940
f 1942/1942/1941 1941/1941/1940 1875/1875/1865
f 1943/1943/1944 1942/1942/1941 1924/1924/1924
f 1944/1944/1942 1941/1941/1940 1942/1942/1941
f 1927/1927/1943 1945/1945/2342 1943/1943/1944
f 1946/1946/2341 1944/1944/1942 1942/1942/1941
f 1946/1946/2341 1942/1942/1941 1943/1943/1944
f 1888/1888/1876 1887/1887/1875 1947/1947/1947
f 1947/1947/1947 1887/1887/1875 1935/1935/1945
f 1888/1888/1876 1947/1947/1947 1854/1854/1851
f 1937/1937/1946 1860/1860/1950 1948/1948/1948
f 1863/1863/1949 1947/1947/1947 1948/1948/1948
f 1863/1863/1949 1948/1948/1948 1860/1860/1950
f 1935/1935/1945 1948/1948/1948 1947/1947/1947
f 1935/1935/1945 1937/1937/1946 1948/1948/1948
f 1863/1863/1949 1949/1949/1951 1947/1947/1947
f 1947/1947/1947 1949/1949/1951 1854/1854/1851
f 1854/1854/1851 1949/1949/1951 1867/1867/1952
f 1855/1855/1852 1854/1854/1851 1950/1950/2300
f 1861/1861/1858 1863/1863/1949 1860/1860/1950
f 1862/1862/1859 1949/1949/1951 1863/1863/1949
f 1862/1862/1859 1867/1867/1952 1949/1949/1951
f 1867/1867/1952 1950/1950/2300 1854/1854/1851
f 1950/1950/2300 1867/1867/1952 1951/1951/1953
f 1867/1867/1952 1869/1869/1863 1951/1951/1953
f 1951/1951/1953 1869/1869/1863 1952/1952/1954
f 1869/1869/1863 1870/1870/2327 1952/1952/1954
f 1953/1953/2345 1951/1951/1953 1952/1952/1954
f 1942/1942/1941 1875/1875/1865 1924/1924/1924
f 1943/1943/1944 1924/1924/1924 1927/1927/1943
f 1928/1928/1955 1926/1926/1927 1932/1932/1932
f 1954/1954/2450 1932/1932/1932 1934/1934/2444
f 1932/1932/1932 1955/1955/2452 1928/1928/1955
f 1928/1928/1955 1955/1955/2452 1945/1945/2342
f 1928/1928/1955 1945/1945/2342 1927/1927/1943
f 1618/1618/1611 1956/1956/1956 1619/1619/1612
f 1802/1802/1798 1956/1956/1956 1618/1618/1611
f 1855/1855/1852 1956/1956/1956 1802/1802/1798
f 1619/1619/1612 1956/1956/1956 1957/1957/1957
f 1677/1677/1678 1676/1676/1677 1958/1958/1959
f 1959/1959/1958 1958/1958/1959 1960/1960/1960
f 1958/1958/1959 1959/1959/1958 1677/1677/1678
f 1619/1619/1612 1961/1961/1961 1676/1676/1677
f 1962/1962/1962 1963/1963/1966 1964/1964/1963
f 1923/1923/1922 1964/4915/1963 1919/4912/1915
f 1965/1965/2466 1962/4914/1964 1964/4915/1965
f 1965/1965/2466 1964/4915/1963 1923/1923/1922
f 1963/1963/1966 1919/1919/1915 1964/1964/1963
f 1963/1963/1966 1962/1962/1962 1966/1966/1967
f 1962/4914/1964 1965/1965/2466 1966/4916/1971
f 1963/1963/1966 1966/1966/1967 1967/1967/1968
f 1963/1963/1966 1931/1931/1931 1919/1919/1915
f 1968/1968/1979 1931/1931/1931 1963/1963/1966
f 1967/1967/1968 1969/1969/1990 1968/1968/1979
f 1967/1967/1968 1968/1968/1979 1963/1963/1966
f 1970/1970/1969 1967/4917/1970 1966/4916/1971
f 1970/1970/1969 1966/4916/1971 1965/1965/2466
f 1971/1971/2425 1931/1931/1931 1968/1968/1979
f 1972/1972/1974 1973/1973/1972 1967/1967/1973
f 1972/4918/1974 1967/4917/1973 1970/1970/1975
f 1974/1974/1976 1975/1975/1978 1976/1976/1977
f 1975/4920/1978 1968/1968/1979 1976/4922/1977
f 1968/1968/1980 1969/1969/1981 1976/4922/1982
f 1969/1969/1981 1977/1977/1983 1976/4922/1982
f 1977/4923/1984 1973/1973/1985 1976/4921/1986
f 1973/1973/1985 1972/1972/1987 1976/4921/1986
f 1972/4918/1988 1974/1974/1976 1976/1976/1977
f 1978/1978/1989 1969/1969/1990 1967/1967/1968
f 1977/1977/1991 1969/1969/1990 1978/1978/1989
f 1967/1967/1973 1973/1973/1972 1978/1978/1992
f 1973/1973/1985 1977/4923/1984 1978/4924/1993
f 1970/1970/1975 1974/1974/1994 1972/4918/1974
f 1979/1979/2001 1975/4920/1978 1974/4919/1976
f 1980/1980/1995 1979/1979/2001 1974/4919/1976
f 1980/4925/1996 1974/1974/1994 1970/1970/1975
f 1980/1980/1996 1981/1981/1997 1979/1979/1998
f 1982/1982/1999 1983/1983/2000 1981/4926/1997
f 1981/4926/1997 1980/4925/1996 1982/1982/1999
f 1980/4925/1996 1970/1970/1975 1982/1982/1999
f 1975/4920/1978 1984/1984/2003 1968/1968/1979
f 1975/4920/1978 1979/1979/2001 1984/1984/2003
f 1985/1985/2467 1968/1968/1979 1984/1984/2003
f 1984/1984/2003 1979/1979/2001 1981/1981/2002
f 1984/1984/2003 1981/1981/2002 1986/1986/2004
f 1986/1986/2004 1981/1981/2002 1983/4927/2005
f 1986/4930/2004 1983/1983/2005 1987/1987/2006
f 1987/1987/2006 1988/1988/2007 1986/4930/2004
f 1970/1970/1975 1989/1989/2008 1982/1982/1999
f 1990/1990/2009 1991/1991/2010 1992/1992/2011
f 1991/4933/2010 1986/4929/2012 1992/4936/2011
f 1986/4930/2013 1988/1988/2014 1992/4935/2015
f 1988/4931/2014 1989/1989/2016 1992/4934/2015
f 1989/1989/2016 1970/1970/2017 1992/4934/2015
f 1970/1970/2018 1990/4932/2009 1992/4934/2011
f 1986/1986/2004 1993/1993/2019 1984/1984/2003
f 1994/1994/2020 1993/4937/2019 1986/4929/2004
f 1994/1994/2020 1986/4929/2004 1991/4933/2021
f 1982/1982/2022 1987/1987/2006 1983/1983/2023
f 1995/1995/2027 1987/1987/2006 1982/1982/2022
f 1988/1988/2007 1987/1987/2006 1996/1996/2026
f 1997/1997/2024 1998/1998/2025 1996/1996/2026
f 1997/1997/2024 1996/1996/2026 1995/1995/2027
f 1995/1995/2027 1996/1996/2026 1987/1987/2006
f 1982/1982/1999 1989/1989/2008 1999/1999/2034
f 1982/1982/1999 1999/1999/2034 1995/1995/2028
f 1999/1999/2029 1989/1989/2016 1988/4931/2014
f 1999/1999/2029 1988/4931/2014 1996/4938/2030
f 1991/1991/2010 1990/1990/2009 2000/2000/2031
f 1995/1995/2028 1999/1999/2034 1997/1997/2032
f 2001/2001/2033 1998/1998/2025 1997/1997/2024
f 1997/1997/2032 1999/1999/2034 2001/2001/2035
f 1998/4939/2025 2002/2002/2036 1996/4938/2026
f 1994/1994/2020 1991/4933/2021 2000/4940/2037
f 2002/2002/2038 1999/1999/2029 1996/4938/2030
f 2003/2003/2039 2004/2004/2056 2005/2005/2040
f 2002/2002/2036 1998/4939/2025 2001/4941/2033
f 2006/2006/2041 2007/2007/2051 2008/2008/2042
f 2009/2009/2043 2007/2007/2051 2006/2006/2044
f 1999/1999/2034 2002/2002/2045 2001/2001/2035
f 2010/2010/2046 2004/4943/2056 2003/4942/2039
f 2008/4946/2047 2010/2010/2064 2006/4945/2048
f 2006/4945/2048 2010/2010/2064 2009/4947/2049
f 2011/2011/2050 2007/2007/2051 2012/2012/2052
f 2011/2011/2050 2013/2013/2053 2007/2007/2051
f 2010/2010/2064 2012/4949/2054 2009/4947/2049
f 2009/2009/2043 2012/2012/2052 2007/2007/2051
f 2012/4949/2054 2010/2010/2064 2011/4948/2055
f 2005/2005/2040 2004/2004/2056 2014/2014/2310
f 2014/2014/2310 2004/2004/2056 2015/2015/2057
f 2008/2008/2042 2007/2007/2051 2015/2015/2057
f 2010/2010/2064 2008/4946/2047 2016/2016/2058
f 2008/2008/2059 2015/2015/2060 2016/4950/2061
f 2015/2015/2057 2004/2004/2056 2016/4950/2062
f 2004/4943/2056 2010/2010/2046 2016/2016/2062
f 2015/2015/2057 2017/2017/2088 2014/2014/2310
f 2018/2018/2063 2013/2013/2053 2011/2011/2050
f 2015/2015/2057 2007/2007/2051 2013/2013/2053
f 2011/4948/2055 2010/2010/2064 2018/4951/2065
f 2015/2015/2057 2013/2013/2053 2017/2017/2088
f 2019/2019/2485 2020/2020/2066 2010/2010/2064
f 2021/2021/2067 2022/2022/2068 2023/2023/2069
f 2022/4953/2068 2021/4952/2067 2024/2024/2164
f 2023/2023/2069 2022/2022/2068 2025/2025/2070
f 2025/4956/2070 2022/4953/2068 2026/2026/2071
f 2026/2026/2071 2022/4953/2068 2017/2017/2088
f 2027/2027/2072 2028/2028/2076 2029/2029/2073
f 2029/2029/2073 2030/2030/2074 2027/2027/2072
f 2031/2031/2075 2029/2029/2073 2028/2028/2076
f 2032/2032/2079 2030/2030/2077 2029/2029/2078
f 2032/4962/2079 2027/4958/2080 2030/4960/2077
f 2018/2018/2063 2031/4961/2081 2013/2013/2053
f 2032/2032/2079 2029/2029/2078 2031/2031/2082
f 2033/2033/2083 2032/4962/2079 2034/2034/2084
f 2032/2032/2079 2031/2031/2082 2034/4966/2084
f 2031/4961/2081 2018/2018/2063 2034/4965/2085
f 2018/4951/2063 2033/4963/2086 2034/4964/2085
f 2028/4959/2076 2027/4958/2072 2035/2035/2097
f 2027/4958/2080 2032/4962/2079 2035/2035/2087
f 2035/2035/2087 2032/4962/2079 2033/2033/2089
f 2031/4961/2075 2028/4959/2076 2017/2017/2088
f 2017/2017/2088 2013/2013/2053 2031/4961/2075
f 2018/4951/2065 2010/2010/2064 2033/4963/2089
f 2020/2020/2066 2033/4963/2089 2010/2010/2064
f 2036/2036/2090 2021/4952/2091 2023/4954/2092
f 2021/4952/2091 2036/2036/2090 2037/2037/2093
f 2021/4952/2091 2037/2037/2093 2024/2024/2172
f 2036/4968/2090 2023/2023/2092 2025/2025/2094
f 2037/2037/2093 2036/2036/2090 2038/2038/2095
f 2036/4968/2090 2025/2025/2094 2038/4972/2095
f 2025/2025/2094 2026/4957/2096 2038/4972/2095
f 2026/2026/2071 2028/4959/2076 2038/4971/2098
f 2028/4959/2076 2035/2035/2097 2038/4971/2098
f 2035/4967/2097 2037/4969/2099 2038/4970/2098
f 2017/2017/2088 2028/4959/2076 2026/2026/2071
f 2035/4967/2087 2033/4963/2089 2020/2020/2066
f 2035/4967/2087 2020/2020/2066 2037/4969/2093
f 2024/4955/2172 2037/4969/2093 2020/2020/2066
f 2039/2039/2100 2040/2040/2101 2041/2041/2102
f 2042/2042/2103 2040/2040/2101 2039/2039/2100
f 2041/2041/2102 2040/2040/2101 2043/2043/2104
f 2044/2044/2105 2045/2045/2106 2046/2046/2107
f 2046/4978/2108 2047/2047/2133 2044/4976/2132
f 2041/4974/2109 2048/2048/2110 2039/2039/2111
f 2039/2039/2111 2048/2048/2110 2042/2042/2112
f 2048/2048/2113 2041/4974/2114 2043/4975/2115
f 2042/2042/2116 2048/2048/2113 2043/4975/2115
f 2042/2042/2117 2043/4975/2118 2049/2049/2219
f 2050/2050/2135 2051/2051/2119 2052/2052/2120
f 2053/2053/2203 2051/2051/2200 2054/2054/2311
f 2043/2043/2104 2040/2040/2101 2055/2055/2121
f 2046/2046/2107 2045/2045/2106 2056/2056/2122
f 2056/2056/2122 2045/2045/2106 2057/2057/2123
f 2057/4986/2123 2045/4977/2106 2058/2058/2124
f 2046/4978/2125 2056/4985/2126 2047/2047/2133
f 2057/4986/2127 2047/2047/2133 2056/4985/2126
f 2047/2047/2133 2057/4986/2127 2058/2058/2139
f 2049/2049/2219 2043/4975/2118 2055/4982/2128
f 2049/2049/2129 2055/4982/2130 2059/2059/2131
f 2044/4976/2132 2047/2047/2133 2060/2060/2134
f 2050/2050/2135 2061/2061/2136 2051/2051/2119
f 2051/2051/2200 2061/2061/2137 2054/2054/2311
f 2062/2062/2313 2054/2054/2311 2061/2061/2137
f 2063/2063/2138 2058/2058/2124 2045/4977/2106
f 2063/2063/2138 2045/4977/2106 2062/4991/2313
f 2063/2063/2138 2062/4991/2313 2061/4990/2137
f 2060/2060/2134 2047/2047/2133 2064/2064/2141
f 2047/2047/2133 2058/2058/2139 2064/2064/2141
f 2058/2058/2139 2063/2063/2140 2064/2064/2141
f 2063/2063/2140 2061/4990/2142 2064/2064/2141
f 2061/2061/2136 2050/2050/2135 2064/4993/2143
f 2050/4979/2135 2060/4989/2144 2064/4992/2143
f 2065/2065/2145 2066/2066/2190 2067/2067/2146
f 2067/2067/2146 2066/2066/2190 2068/2068/2148
f 2067/2067/2146 2068/2068/2148 2069/2069/2147
f 2069/2069/2147 2068/2068/2148 2070/2070/2160
f 2071/2071/2149 2072/2072/2178 2073/2073/2157
f 2072/2072/2178 2071/2071/2150 2074/2074/2180
f 2073/5002/2151 2075/2075/2152 2071/5000/2153
f 2071/4999/2153 2075/5005/2152 2074/5004/2163
f 2065/4994/2154 2067/4996/2155 2076/2076/2195
f 2065/4994/2154 2076/2076/2195 2077/2077/2156
f 2073/2073/2157 2072/2072/2178 2078/2078/2158
f 2073/5003/2157 2078/5007/2158 2079/2079/2159
f 2079/2079/2159 2078/5007/2158 2072/5001/2178
f 2079/2079/2159 2072/5001/2178 2070/4998/2160
f 2079/2079/2159 2070/4998/2160 2080/2080/2161
f 2081/2081/2162 2074/5004/2163 2075/5005/2152
f 2024/2024/2164 2017/2017/2088 2022/4953/2068
f 2075/2075/2152 2073/5002/2151 2079/5008/2165
f 2081/2081/2162 2075/5005/2152 2082/2082/2166
f 2075/2075/2152 2079/5008/2165 2082/5012/2166
f 2079/5008/2165 2080/5009/2167 2082/5012/2166
f 2080/5010/2168 2017/2017/2169 2082/5011/2170
f 2017/2017/2088 2024/2024/2164 2082/5011/2171
f 2024/4955/2172 2081/2081/2162 2082/2082/2173
f 2083/2083/2174 2076/5006/2195 2084/2084/2175
f 2076/5006/2195 2067/4997/2155 2084/2084/2175
f 2067/2067/2155 2069/2069/2176 2084/5015/2175
f 2069/2069/2176 2070/2070/2177 2084/5015/2175
f 2070/2070/2160 2072/2072/2178 2084/5015/2179
f 2072/2072/2178 2074/2074/2180 2084/5015/2179
f 2074/5004/2180 2083/5013/2181 2084/5014/2179
f 2074/5004/2163 2081/2081/2162 2083/5013/2182
f 2085/2085/2192 2086/2086/2186 2087/2087/2183
f 2077/2077/2184 2066/4995/2190 2065/4994/2145
f 2077/2077/2156 2085/5016/2185 2087/5017/2187
f 2087/2087/2183 2086/2086/2186 2068/2068/2148
f 2077/2077/2156 2087/5017/2187 2088/2088/2188
f 2087/2087/2187 2068/2068/2189 2088/5018/2188
f 2068/2068/2148 2066/2066/2190 2088/5018/2191
f 2066/4995/2190 2077/2077/2184 2088/2088/2191
f 2070/2070/2160 2068/2068/2148 2086/2086/2186
f 2085/2085/2192 2089/2089/2193 2086/2086/2186
f 2089/5020/2193 2085/5016/2192 2090/2090/2194
f 2086/2086/2186 2089/2089/2193 2070/2070/2160
f 2076/2076/2195 2090/2090/2196 2077/2077/2156
f 2077/2077/2156 2090/2090/2196 2085/5016/2185
f 2076/2076/2195 2083/5013/2182 2090/2090/2196
f 2090/2090/2196 2083/5013/2182 2091/2091/2212
f 2070/2070/2160 2017/2017/2088 2080/5010/2161
f 2054/2054/2311 2070/2070/2160 2089/2089/2193
f 2091/2091/2212 2083/5013/2182 2081/2081/2162
f 2090/2090/2196 2091/2091/2212 2092/2092/2197
f 2020/2020/2066 2081/2081/2162 2024/4955/2172
f 2020/2020/2066 2093/2093/2198 2081/2081/2162
f 2093/2093/2198 2091/2091/2212 2081/2081/2162
f 2091/2091/2212 2093/2093/2198 2094/2094/2317
f 2053/2053/2203 2095/2095/2199 2051/2051/2200
f 2051/2051/2200 2095/2095/2199 2052/2052/2201
f 2092/2092/2202 2089/5020/2193 2090/2090/2194
f 2053/4981/2203 2092/2092/2204 2095/5022/2205
f 2052/4980/2206 2095/5022/2207 2092/2092/2197
f 2052/4980/2206 2092/2092/2197 2050/4979/2208
f 2092/2092/2204 2053/4981/2203 2096/2096/2209
f 2053/2053/2203 2054/2054/2311 2096/5024/2209
f 2054/2054/2311 2089/2089/2193 2096/5024/2210
f 2089/5019/2193 2092/5021/2202 2096/5023/2211
f 2091/2091/2212 2060/4989/2213 2092/2092/2197
f 2050/4979/2208 2092/2092/2197 2060/4989/2213
f 2097/2097/2214 2098/2098/2215 2099/2099/2216
f 2062/2062/2313 2099/2099/2216 2098/2098/2215
f 2040/2040/2101 2042/2042/2103 2100/2100/2217
f 2042/2042/2117 2049/2049/2219 2100/2100/2218
f 2100/2100/2218 2049/2049/2219 2101/2101/2220
f 2102/2102/2221 2040/2040/2101 2100/2100/2217
f 2055/2055/2121 2040/2040/2101 2103/2103/2225
f 2104/2104/2222 2105/2105/2223 2106/2106/2224
f 2103/5028/2225 2040/4973/2101 2062/2062/2226
f 2107/2107/2227 2101/2101/2220 2049/2049/2219
f 2049/2049/2219 2059/2059/2228 2107/2107/2227
f 2100/2100/2218 2101/2101/2220 2107/2107/2227
f 2100/2100/2218 2107/2107/2227 2102/2102/2229
f 2102/2102/2229 2107/2107/2227 2108/2108/2230
f 2107/5031/2231 2059/4987/2232 2055/4983/2233
f 2107/2107/2234 2055/4984/2235 2103/5027/2236
f 2107/2107/2234 2103/5027/2236 2108/2108/2237
f 2102/2102/2229 2108/2108/2230 2060/4988/2213
f 2060/4988/2238 2108/2108/2237 2109/2109/2239
f 2108/2108/2237 2103/5027/2236 2109/2109/2239
f 2103/5028/2225 2062/2062/2226 2109/5033/2240
f 2062/2062/2241 2045/2045/2106 2109/5033/2242
f 2045/2045/2106 2044/2044/2105 2109/5033/2242
f 2044/4976/2132 2060/2060/2134 2109/5032/2243
f 2102/2102/2229 2060/4988/2213 2110/2110/2244
f 2111/2111/2245 2112/2112/2257 2105/5030/2246
f 2105/5030/2246 2104/5029/2247 2111/2111/2245
f 2112/5036/2257 2111/5035/2245 2113/2113/2248
f 2106/2106/2249 2111/5035/2250 2104/2104/2251
f 2111/5035/2250 2106/2106/2249 2113/2113/2252
f 2113/2113/2252 2106/2106/2249 2110/5034/2244
f 2113/2113/2253 2097/5025/2254 2099/5026/2255
f 2105/5030/2246 2112/2112/2257 2114/2114/2256
f 2114/2114/2256 2112/2112/2257 2062/2062/2258
f 2106/2106/2224 2105/2105/2223 2114/5037/2259
f 2106/2106/2224 2114/5037/2259 2110/5034/2260
f 2040/2040/2101 2102/2102/2221 2110/2110/2261
f 2110/5034/2260 2114/5037/2259 2115/2115/2262
f 2114/2114/2263 2062/2062/2264 2115/5039/2265
f 2062/2062/2226 2040/4973/2101 2115/5039/2266
f 2040/2040/2101 2110/2110/2261 2115/5038/2266
f 2113/2113/2253 2099/5026/2255 2116/2116/2267
f 2099/2099/2255 2062/2062/2268 2116/5040/2267
f 2062/2062/2258 2112/2112/2257 2116/5040/2269
f 2112/5036/2257 2113/2113/2248 2116/2116/2270
f 2113/2113/2252 2110/5034/2244 2117/2117/2271
f 2118/2118/2272 2119/2119/2273 2098/2098/2215
f 2120/2120/2274 2118/2118/2275 2098/2098/2276
f 2120/2120/2277 2098/2098/2215 2097/2097/2214
f 2098/2098/2215 2119/2119/2273 2062/2062/2313
f 2121/2121/2278 2062/2062/2313 2119/2119/2273
f 2120/5042/2298 2117/2117/2271 2118/5041/2279
f 2122/2122/2291 2123/2123/2280 2124/2124/2281
f 2125/2125/2282 2123/2123/2280 2122/2122/2291
f 2124/5044/2283 2123/5043/2284 2126/2126/2285
f 2126/2126/2285 2127/2127/2286 2124/5044/2283
f 2125/5045/2287 2126/2126/2285 2123/5043/2288
f 2127/2127/2286 2126/2126/2285 2121/2121/2278
f 2127/5046/2289 2122/2122/2291 2124/2124/2290
f 2128/2128/2296 2122/2122/2291 2129/2129/2292
f 2122/2122/2291 2127/5046/2289 2129/2129/2292
f 2127/2127/2289 2121/2121/2293 2129/5047/2292
f 2121/2121/2278 2119/2119/2273 2129/5047/2294
f 2119/2119/2273 2118/2118/2272 2129/5047/2294
f 2118/5041/2279 2128/2128/2296 2129/2129/2295
f 2118/5041/2279 2117/2117/2271 2128/2128/2296
f 2125/2125/2282 2122/2122/2291 2128/2128/2296
f 2097/5025/2297 2113/2113/2252 2120/5042/2298
f 2117/2117/2271 2120/5042/2298 2113/2113/2252
f 1961/1961/1961 1619/1619/1612 1957/1957/1957
f 2130/2130/2299 1956/1956/1956 1855/1855/1852
f 2130/2130/2299 1957/1957/1957 1956/1956/1956
f 2131/2131/2301 1855/1855/1852 1950/1950/2300
f 1951/1951/1953 2131/2131/2301 1950/1950/2300
f 2130/2130/2299 1855/1855/1852 2131/2131/2301
f 2132/2132/2302 2130/2130/2299 2131/2131/2301
f 1957/1957/1957 2130/2130/2299 2132/2132/2302
f 1957/1957/1957 2132/2132/2302 1961/1961/1961
f 1958/1958/1959 1961/1961/1961 2132/2132/2302
f 1958/1958/1959 1676/1676/1677 1961/1961/1961
f 1958/1958/1959 2132/2132/2302 2133/2133/2303
f 2131/2131/2301 1951/1951/1953 2134/2134/2304
f 2134/2134/2304 2135/2135/2305 2131/2131/2301
f 2132/2132/2302 2131/2131/2301 2135/2135/2305
f 2135/2135/2305 2134/2134/2304 2136/2136/2307
f 2136/2136/2307 2134/2134/2304 2137/2137/2309
f 2138/2138/2306 2134/2134/2304 1951/1951/1953
f 1953/1953/2345 2138/2138/2306 1951/1951/1953
f 2138/2138/2306 1953/1953/2345 2139/2139/2365
f 2137/2137/2309 2134/2134/2304 2138/2138/2306
f 2140/2140/2366 2137/2137/2309 2138/2138/2306
f 2135/2135/2305 2133/2133/2303 2132/2132/2302
f 2136/2136/2307 2133/2133/2303 2135/2135/2305
f 1960/1960/1960 2133/2133/2303 2136/2136/2307
f 1960/1960/1960 1958/1958/1959 2133/2133/2303
f 2141/2141/2308 2136/2136/2307 2137/2137/2309
f 2140/2140/2366 2141/2141/2308 2137/2137/2309
f 1960/1960/1960 2136/2136/2307 2141/2141/2308
f 2142/2142/2536 2014/2014/2310 2017/2017/2088
f 2143/2143/2312 2142/2142/2536 2017/2017/2088
f 2054/2054/2311 2017/2017/2088 2070/2070/2160
f 2017/2017/2088 2054/2054/2311 2143/2143/2312
f 2062/2062/2313 2143/2143/2312 2054/2054/2311
f 2144/2144/2319 2142/2142/2536 2143/2143/2312
f 2117/2117/2271 2110/5034/2244 2060/4989/2213
f 2060/4989/2213 2145/2145/2314 2117/2117/2271
f 2146/2146/2316 2121/2121/2278 2126/2126/2285
f 2146/2146/2316 2143/2143/2312 2121/2121/2278
f 2143/2143/2312 2062/2062/2313 2121/2121/2278
f 2117/2117/2271 2147/2147/2315 2128/2128/2296
f 2148/2148/2701 2143/2143/2312 2146/2146/2316
f 2148/2148/2701 2149/2149/2730 2143/2143/2312
f 2060/4989/2213 2091/2091/2212 2145/2145/2314
f 2094/2094/2317 2145/2145/2314 2091/2091/2212
f 2094/2094/2317 2117/2117/2271 2145/2145/2314
f 2150/2150/2318 2147/2147/2315 2117/2117/2271
f 2094/2094/2317 2150/2150/2318 2117/2117/2271
f 2149/2149/2730 2144/2144/2319 2143/2143/2312
f 2151/2151/2372 2142/2142/2536 2149/2149/2730
f 2142/2142/2536 2144/2144/2319 2149/2149/2730
f 2152/2152/2371 2149/2149/2730 2153/2153/2727
f 2154/2154/2320 1856/1856/1856 2155/2155/2321
f 2154/2154/2320 1859/1859/1855 1856/1856/1856
f 2155/2155/2321 2156/2156/2332 2154/2154/2320
f 1859/1859/1855 2154/2154/2320 2157/2157/2325
f 2158/2158/2323 2154/2154/2320 2156/2156/2332
f 2156/2156/2332 2159/2159/2336 2158/2158/2323
f 2157/2157/2325 1865/1865/1861 1864/1864/1857
f 1864/1864/1857 1859/1859/1855 2157/2157/2325
f 2160/2160/2322 1868/1868/1862 1865/1865/1861
f 2157/2157/2325 2160/2160/2322 1865/1865/1861
f 2158/2158/2323 2157/2157/2325 2154/2154/2320
f 2161/2161/2324 2157/2157/2325 2158/2158/2323
f 2162/2162/2353 2160/2160/2322 2161/2161/2324
f 2160/2160/2322 2157/2157/2325 2161/2161/2324
f 1868/1868/1862 2160/2160/2322 1870/1870/2327
f 2160/2160/2322 2163/2163/2326 1870/1870/2327
f 2163/2163/2326 2160/2160/2322 2162/2162/2353
f 2158/2158/2323 2159/2159/2336 2164/2164/2328
f 2164/2164/2328 2161/2161/2324 2158/2158/2323
f 2161/2161/2324 2164/2164/2328 2165/2165/2329
f 2161/2161/2324 2165/2165/2329 2162/2162/2353
f 1940/1940/1937 2155/2155/2321 1856/1856/1856
f 1938/1938/1939 2166/2166/2330 1940/1940/1937
f 2166/2166/2330 2155/2155/2321 1940/1940/1937
f 2156/2156/2332 2155/2155/2321 2167/2167/2331
f 2168/2168/2335 2156/2156/2332 2167/2167/2331
f 2166/2166/2330 2167/2167/2331 2155/2155/2321
f 2167/2167/2331 2166/2166/2330 2169/2169/2339
f 2169/2169/2339 2168/2168/2335 2167/2167/2331
f 2170/2170/2333 2166/2166/2330 1938/1938/1939
f 2171/2171/2334 2166/2166/2330 2170/2170/2333
f 2171/2171/2334 2169/2169/2339 2166/2166/2330
f 2172/2172/2560 2171/2171/2334 2170/2170/2333
f 2172/2172/2560 2169/2169/2339 2171/2171/2334
f 2173/2173/2344 2168/2168/2335 2169/2169/2339
f 2168/2168/2335 2159/2159/2336 2156/2156/2332
f 2174/2174/2337 2159/2159/2336 2168/2168/2335
f 2173/2173/2344 2174/2174/2337 2168/2168/2335
f 2159/2159/2336 2174/2174/2337 2175/2175/2349
f 2176/2176/2338 2173/2173/2344 2169/2169/2339
f 2177/2177/2340 2174/2174/2337 2173/2173/2344
f 1941/1941/1940 2170/2170/2333 1938/1938/1939
f 2170/2170/2333 1941/1941/1940 1944/1944/1942
f 2176/2176/2338 2169/2169/2339 2172/2172/2560
f 1944/1944/1942 2172/2172/2560 2170/2170/2333
f 1944/1944/1942 1946/1946/2341 2172/2172/2560
f 1946/1946/2341 1943/1943/1944 1945/1945/2342
f 2178/2178/2343 2173/2173/2344 2176/2176/2338
f 2173/2173/2344 2179/2179/2566 2177/2177/2340
f 2179/2179/2566 2173/2173/2344 2178/2178/2343
f 2176/2176/2338 2172/2172/2560 2178/2178/2343
f 2179/2179/2566 2180/2180/2356 2177/2177/2340
f 2163/2163/2326 1952/1952/1954 1870/1870/2327
f 2163/2163/2326 2181/2181/2346 1952/1952/1954
f 1952/1952/1954 2181/2181/2346 1953/1953/2345
f 2182/2182/2348 1953/1953/2345 2181/2181/2346
f 2163/2163/2326 2162/2162/2353 2183/2183/2357
f 2181/2181/2346 2163/2163/2326 2183/2183/2357
f 2181/2181/2346 2184/2184/2347 2182/2182/2348
f 2159/2159/2336 2175/2175/2349 2164/2164/2328
f 2175/2175/2349 2185/2185/2350 2164/2164/2328
f 2186/2186/2351 2185/2185/2350 2175/2175/2349
f 2174/2174/2337 2186/2186/2351 2175/2175/2349
f 2177/2177/2340 2186/2186/2351 2174/2174/2337
f 2165/2165/2329 2187/2187/2352 2162/2162/2353
f 2185/2185/2350 2165/2165/2329 2164/2164/2328
f 2165/2165/2329 2185/2185/2350 2188/2188/2354
f 2187/2187/2352 2165/2165/2329 2188/2188/2354
f 2186/2186/2351 2189/2189/2355 2185/2185/2350
f 2189/2189/2355 2188/2188/2354 2185/2185/2350
f 2180/2180/2356 2186/2186/2351 2177/2177/2340
f 2180/2180/2356 2189/2189/2355 2186/2186/2351
f 2190/2190/2359 2188/2188/2354 2189/2189/2355
f 2190/2190/2359 2189/2189/2355 2180/2180/2356
f 2183/2183/2357 2162/2162/2353 2187/2187/2352
f 2187/2187/2352 2184/2184/2347 2183/2183/2357
f 2184/2184/2347 2187/2187/2352 2188/2188/2354
f 2184/2184/2347 2181/2181/2346 2183/2183/2357
f 2182/2182/2348 2184/2184/2347 2191/2191/2358
f 2191/2191/2358 2192/2192/2361 2182/2182/2348
f 2193/2193/2360 2184/2184/2347 2188/2188/2354
f 2188/2188/2354 2190/2190/2359 2193/2193/2360
f 2194/2194/2363 2193/2193/2360 2190/2190/2359
f 2193/2193/2360 2191/2191/2358 2184/2184/2347
f 2191/2191/2358 2193/2193/2360 2192/2192/2361
f 2194/2194/2363 2192/2192/2361 2193/2193/2360
f 2195/2195/2362 2190/2190/2359 2180/2180/2356
f 2196/2196/2567 2180/2180/2356 2179/2179/2566
f 2196/2196/2567 2195/2195/2362 2180/2180/2356
f 2195/2195/2362 2194/2194/2363 2190/2190/2359
f 2197/2197/2364 2198/2198/2374 2194/2194/2363
f 2195/2195/2362 2197/2197/2364 2194/2194/2363
f 2139/2139/2365 2199/2199/2368 2140/2140/2366
f 2199/2199/2368 2141/2141/2308 2140/2140/2366
f 2139/2139/2365 2200/2200/2370 2201/2201/2367
f 2201/2201/2367 2199/2199/2368 2139/2139/2365
f 2200/2200/2370 2202/2202/2955 2203/2203/2369
f 1953/1953/2345 2182/2182/2348 2139/2139/2365
f 2140/2140/2366 2138/2138/2306 2139/2139/2365
f 2182/2182/2348 2192/2192/2361 2139/2139/2365
f 2192/2192/2361 2194/2194/2363 2198/2198/2374
f 2200/2200/2370 2139/2139/2365 2192/2192/2361
f 2152/2152/2371 2151/2151/2372 2149/2149/2730
f 2204/2204/2595 2151/2151/2372 2205/2205/2373
f 2152/2152/2371 2206/2206/2958 2205/2205/2373
f 2205/2205/2373 2151/2151/2372 2152/2152/2371
f 2207/2207/2597 2204/2204/2595 2205/2205/2373
f 2202/2202/2955 2192/2192/2361 2198/2198/2374
f 2198/2198/2374 2208/2208/2375 2202/2202/2955
f 2208/2208/2375 2198/2198/2374 2197/2197/2364
f 2195/2195/2362 2208/2208/2375 2197/2197/2364
f 2209/2209/2376 2208/2208/2375 2195/2195/2362
f 2202/2202/2955 2200/2200/2370 2192/2192/2361
f 2210/2210/2613 2209/2209/2376 2195/2195/2362
f 2211/2211/2377 2208/2208/2375 2209/2209/2376
f 2211/2211/2377 2202/2202/2955 2208/2208/2375
f 2210/2210/2613 2211/2211/2377 2209/2209/2376
f 2212/2212/2379 1876/1876/1892 2213/2213/2378
f 2212/2212/2379 1878/1878/2380 1876/1876/1892
f 2214/2214/2385 1878/1878/2380 2212/2212/2379
f 2215/2215/2381 2212/2212/2379 2216/2216/2382
f 2216/2216/2382 2212/2212/2379 2213/2213/2378
f 2214/2214/2385 1877/1877/1890 1878/1878/2380
f 2215/2215/2381 2214/2214/2385 2212/2212/2379
f 2217/2217/2383 1877/1877/1890 2214/2214/2385
f 2218/2218/2384 2214/2214/2385 2215/2215/2381
f 2218/2218/2384 2219/2219/2386 2214/2214/2385
f 2219/2219/2386 2217/2217/2383 2214/2214/2385
f 2220/2220/2387 2219/2219/2386 2218/2218/2384
f 2215/2215/2381 2221/2221/2388 2218/2218/2384
f 2218/2218/2384 2221/2221/2388 2220/2220/2387
f 2222/2222/2390 1877/4899/1890 2217/5049/2383
f 2223/2223/2389 2217/2217/2383 2219/2219/2386
f 2217/5049/2383 2223/5050/2389 2222/2222/2390
f 2224/2224/2416 2222/2222/2390 2223/5050/2389
f 2224/2224/2416 2223/5050/2389 2225/2225/2398
f 2226/2226/2392 2219/2219/2386 2220/2220/2387
f 2226/2226/2392 2220/2220/2387 2221/2221/2388
f 2227/2227/2391 2223/2223/2389 2219/2219/2386
f 2227/2227/2391 2219/2219/2386 2226/2226/2392
f 2221/2221/2388 2228/2228/2434 2226/2226/2392
f 2223/2223/2389 2227/2227/2391 2229/2229/2393
f 2225/2225/2398 2223/5050/2389 2229/5051/2393
f 2225/2225/2398 2230/2230/2419 2224/2224/2416
f 2231/2231/2394 2227/2227/2391 2226/2226/2392
f 2231/2231/2394 2226/2226/2392 2228/2228/2434
f 2232/2232/2395 2229/2229/2396 2231/2231/2394
f 2231/2231/2394 2229/2229/2396 2227/2227/2391
f 2232/2232/2397 2225/2225/2398 2229/5051/2393
f 2231/2231/2394 2233/2233/2400 2232/2232/2395
f 2233/2233/2400 2231/2231/2394 2228/2228/2434
f 2232/2232/2397 2233/2233/2400 2225/2225/2398
f 2234/2234/2436 2230/2230/2419 2225/2225/2398
f 2234/2234/2436 2225/2225/2398 2233/2233/2400
f 2235/2235/2399 2233/2233/2400 2228/2228/2434
f 2233/2233/2400 2235/2235/2399 2234/2234/2436
f 2236/2236/2401 1800/1800/1793 1799/1799/1794
f 2213/2213/2378 1876/1876/1892 2236/2236/2401
f 2236/2236/2401 1876/1876/1892 1800/1800/1793
f 2237/2237/2403 2213/2213/2378 2236/2236/2401
f 2236/2236/2401 1799/1799/1794 2238/2238/2402
f 2236/2236/2401 2238/2238/2402 2239/2239/2405
f 2239/2239/2405 2237/2237/2403 2236/2236/2401
f 1902/1902/1891 1903/1903/1893 1904/1904/1909
f 2216/2216/2382 2213/2213/2378 2240/2240/2404
f 2240/2240/2404 2213/2213/2378 2237/2237/2403
f 2215/2215/2381 2216/2216/2382 2240/2240/2404
f 2241/2241/2408 2240/2240/2404 2237/2237/2403
f 2239/2239/2405 2238/2238/2402 2242/2242/2406
f 2215/2215/2381 2240/2240/2404 2221/2221/2388
f 2221/2221/2388 2240/2240/2404 2241/2241/2408
f 2241/2241/2408 2237/2237/2403 2243/2243/2409
f 2239/2239/2405 2242/2242/2406 2244/2244/2415
f 2244/2244/2415 2237/2237/2403 2239/2239/2405
f 2243/2243/2409 2237/2237/2403 2244/2244/2415
f 2245/2245/2407 2241/2241/2408 2243/2243/2409
f 2243/2243/2409 2246/2246/2435 2245/2245/2407
f 2243/2243/2409 2247/2247/2410 2246/2246/2435
f 2248/2248/2418 1906/1906/1908 1904/1904/1909
f 1799/1799/1794 1805/1805/1807 2238/2238/2402
f 1805/1805/1807 1807/1807/1806 2238/2238/2402
f 2249/2249/2411 2242/2242/2406 2238/2238/2402
f 2249/2249/2411 2238/2238/2402 2250/2250/2413
f 2250/2250/2413 2251/2251/2412 2249/2249/2411
f 2250/2250/2413 2238/2238/2402 1807/1807/1806
f 2251/2251/2412 2250/2250/2413 2252/2252/2414
f 2249/2249/2411 2244/2244/2415 2242/2242/2406
f 2243/2243/2409 2244/2244/2415 2247/2247/2410
f 2247/2247/2410 2244/2244/2415 2249/2249/2411
f 2247/2247/2410 2249/2249/2411 2251/2251/2412
f 2222/2222/2390 1903/1903/1893 1877/4899/1890
f 2253/2253/2417 1904/1904/1909 1903/1903/1893
f 2222/2222/2390 2253/2253/2417 1903/1903/1893
f 2224/2224/2416 2253/2253/2417 2222/2222/2390
f 2254/2254/2421 1904/1904/1909 2253/2253/2417
f 2254/2254/2421 2248/2248/2418 1904/1904/1909
f 2221/2221/2388 2241/2241/2408 2245/2245/2407
f 2246/2246/2435 2221/2221/2388 2245/2245/2407
f 2230/2230/2419 2253/2253/2417 2224/2224/2416
f 2230/2230/2419 2255/2255/2420 2253/2253/2417
f 2253/2253/2417 2255/2255/2420 2254/2254/2421
f 1920/1920/2488 1906/1906/1908 2248/2248/2418
f 1965/1965/2466 1923/1923/1922 1920/1920/2488
f 2256/2256/2422 1965/1965/2466 1920/1920/2488
f 1929/1929/2423 1931/1931/1931 2257/2257/2424
f 2257/2257/2424 1931/1931/1931 1971/1971/2425
f 2257/2257/2424 1933/1933/1933 1929/1929/2423
f 2257/2257/2424 2258/2258/2426 1933/1933/1933
f 1933/1933/1933 2259/2259/2428 1934/1934/2444
f 1933/1933/1933 2258/2258/2426 2259/2259/2428
f 2258/2258/2426 2257/2257/2424 1971/1971/2425
f 2260/2260/2427 2258/2258/2426 1971/1971/2425
f 2260/2260/2427 2259/2259/2428 2258/2258/2426
f 2261/2261/2429 1920/1920/2488 2254/2254/2421
f 2262/2262/2430 2246/2246/2435 2247/2247/2410
f 2250/2250/2413 1807/1807/1806 2252/2252/2414
f 2262/2262/2430 2247/2247/2410 2251/2251/2412
f 2262/2262/2430 2263/2263/2438 2246/2246/2435
f 2264/2264/2431 2263/2263/2438 2262/2262/2430
f 2264/2264/2431 2265/2265/2432 2263/2263/2438
f 2264/2264/2431 2262/2262/2430 2251/2251/2412
f 2265/2265/2432 2264/2264/2431 2266/2266/2433
f 2228/2228/2434 2221/2221/2388 2246/2246/2435
f 2246/2246/2435 2235/2235/2399 2228/2228/2434
f 2267/2267/2437 2230/2230/2419 2234/2234/2436
f 2234/2234/2436 2235/2235/2399 2267/2267/2437
f 2235/2235/2399 2246/2246/2435 2263/2263/2438
f 2235/2235/2399 2263/2263/2438 2265/2265/2432
f 2267/2267/2437 2255/2255/2420 2230/2230/2419
f 2235/2235/2399 2268/2268/2439 2267/2267/2437
f 2268/2268/2439 2255/2255/2420 2267/2267/2437
f 2255/2255/2420 2269/2269/2440 2254/2254/2421
f 2254/2254/2421 2269/2269/2440 2261/2261/2429
f 2270/2270/2443 2255/2255/2420 2268/2268/2439
f 2255/2255/2420 2270/2270/2443 2269/2269/2440
f 2265/2265/2432 2271/2271/2441 2235/2235/2399
f 2235/2235/2399 2271/2271/2441 2272/2272/2510
f 2271/2271/2441 2265/2265/2432 2266/2266/2433
f 2268/2268/2439 2273/2273/2442 2270/2270/2443
f 2235/2235/2399 2273/2273/2442 2268/2268/2439
f 2273/2273/2442 2235/2235/2399 2272/2272/2510
f 2274/2274/2455 1954/1954/2450 1934/1934/2444
f 1934/1934/2444 2259/2259/2428 2274/2274/2455
f 2275/2275/2445 2274/2274/2455 2259/2259/2428
f 2276/2276/2446 2259/2259/2428 2260/2260/2427
f 2277/2277/2447 2276/2276/2446 2260/2260/2427
f 2275/2275/2445 2259/2259/2428 2276/2276/2446
f 2278/2278/2448 2275/2275/2445 2276/2276/2446
f 2275/2275/2445 2278/2278/2448 2274/2274/2455
f 2279/2279/2530 2278/2278/2448 2276/2276/2446
f 2280/2280/2458 2274/2274/2455 2278/2278/2448
f 1954/1954/2450 2274/2274/2455 2281/2281/2449
f 1932/1932/1932 1954/1954/2450 2282/2282/2451
f 2283/2283/2563 1955/1955/2452 1932/1932/1932
f 2282/2282/2451 2283/2283/2563 1932/1932/1932
f 2281/2281/2449 2282/2282/2451 1954/1954/2450
f 2281/2281/2449 2284/2284/2453 2282/2282/2451
f 2282/2282/2451 2284/2284/2453 2283/2283/2563
f 2285/2285/2461 2284/2284/2453 2281/2281/2449
f 2278/2278/2448 2279/2279/2530 2280/2280/2458
f 2286/2286/2459 2279/5054/2530 2287/2287/2454
f 2274/2274/2455 2288/2288/2457 2281/2281/2449
f 2288/2288/2457 2274/2274/2455 2280/2280/2458
f 2280/2280/2458 2289/2289/2456 2288/2288/2457
f 2281/2281/2449 2288/2288/2457 2290/2290/2460
f 2290/2290/2460 2288/2288/2457 2289/2289/2456
f 2289/5056/2456 2280/5055/2458 2286/2286/2459
f 2279/5054/2530 2286/2286/2459 2280/5055/2458
f 2281/2281/2449 2290/2290/2460 2285/2285/2461
f 2291/2291/2464 2285/2285/2461 2290/2290/2460
f 2290/2290/2460 2289/2289/2456 2291/2291/2464
f 2289/5056/2456 2286/2286/2459 2292/2292/2462
f 2292/2292/2462 2286/2286/2459 2287/2287/2454
f 2291/5057/2464 2289/5056/2456 2292/2292/2462
f 2293/2293/2463 2285/2285/2461 2291/2291/2464
f 2294/2294/2465 1970/1970/1969 1965/1965/2466
f 2294/2294/2465 1965/1965/2466 2256/2256/2422
f 1968/1968/1979 1985/1985/2467 1971/1971/2425
f 2256/2256/2422 2019/2019/2485 2294/2294/2465
f 1970/1970/1969 2294/2294/2465 1990/4932/2468
f 2295/2295/2469 1993/4937/2470 2294/2294/2471
f 1994/1994/2472 2294/2294/2465 1993/4937/2473
f 2295/2295/2474 2296/2296/2475 2297/2297/2476
f 2296/5059/2475 1984/4928/2003 2297/5061/2476
f 1984/1984/2003 1993/1993/2019 2297/5060/2477
f 1993/4937/2478 2295/2295/2479 2297/2297/2480
f 2296/2296/2475 2295/2295/2474 2298/2298/2486
f 2295/2295/2481 2294/2294/2465 2298/2298/2486
f 1971/1971/2425 1985/1985/2467 2260/2260/2427
f 2260/2260/2427 1985/1985/2467 2299/2299/2483
f 2299/5062/2483 2300/2300/2487 2260/5052/2427
f 2301/2301/2489 2302/2302/2482 2256/2256/2422
f 2299/2299/2483 1985/1985/2467 1984/1984/2003
f 2299/5062/2483 1984/4928/2003 2303/2303/2484
f 2296/5059/2475 2014/2014/2310 1984/4928/2003
f 2294/2294/2465 2019/2019/2485 2298/2298/2486
f 2299/5062/2483 2303/2303/2484 2300/2300/2487
f 2014/2014/2310 2303/2303/2484 1984/4928/2003
f 2304/2304/2529 2303/2303/2484 2014/2014/2310
f 2256/2256/2422 2302/2302/2482 2019/2019/2485
f 2256/2256/2422 1920/1920/2488 2301/2301/2489
f 1920/1920/2488 2305/2305/2490 2301/2301/2489
f 1920/1920/2488 2261/2261/2429 2305/2305/2490
f 1990/4932/2468 2294/2294/2465 2000/4940/2491
f 2000/4940/2491 2294/2294/2465 1994/1994/2472
f 2019/2019/2485 2003/4942/2492 2005/4944/2493
f 2003/4942/2492 2019/2019/2485 2010/2010/2064
f 2019/2019/2485 2005/4944/2493 2306/2306/2494
f 2005/2005/2495 2014/2014/2496 2306/5063/2497
f 2014/2014/2310 2296/5059/2475 2306/5063/2498
f 2296/2296/2475 2298/2298/2486 2306/2306/2499
f 2298/2298/2486 2019/2019/2485 2306/2306/2499
f 2302/2302/2482 2020/2020/2066 2019/2019/2485
f 2307/2307/2500 2252/2252/2414 1807/1807/1806
f 2307/2307/2500 1807/1807/1806 1820/1820/1819
f 2252/2252/2414 2307/2307/2500 2308/2308/2501
f 2252/2252/2414 2264/2264/2431 2251/2251/2412
f 2252/2252/2414 2308/2308/2501 2264/2264/2431
f 2264/2264/2431 2308/2308/2501 2266/2266/2433
f 2266/2266/2433 2308/2308/2501 2309/2309/2502
f 2309/2309/2502 2308/2308/2501 2310/2310/2503
f 2310/2310/2503 2308/2308/2501 2307/2307/2500
f 1820/1820/1819 2311/2311/2506 2307/2307/2500
f 1820/1820/1819 1821/1821/2505 2311/2311/2506
f 2310/2310/2503 2307/2307/2500 2312/2312/2508
f 2312/2312/2508 2307/2307/2500 2311/2311/2506
f 2313/2313/2504 2311/2311/2506 1821/1821/2505
f 2311/2311/2506 2314/2314/2507 2312/2312/2508
f 2314/2314/2507 2311/2311/2506 2313/2313/2504
f 2312/2312/2508 2309/2309/2502 2310/2310/2503
f 2309/2309/2502 2312/2312/2508 2314/2314/2507
f 2271/2271/2441 2266/2266/2433 2309/2309/2502
f 2309/2309/2502 2315/2315/2509 2271/2271/2441
f 2272/2272/2510 2271/2271/2441 2316/2316/2511
f 2316/2316/2511 2271/2271/2441 2317/2317/2515
f 2315/2315/2509 2317/2317/2515 2271/2271/2441
f 2318/2318/2543 2316/2316/2511 2317/2317/2515
f 2315/2315/2509 2309/2309/2502 2314/2314/2507
f 2319/2319/2512 2317/2317/2515 2315/2315/2509
f 2315/2315/2509 2314/2314/2507 2319/2319/2512
f 2320/2320/2514 2319/2319/2512 2314/2314/2507
f 2321/2321/2513 2319/2319/2512 2320/2320/2514
f 2321/2321/2513 2320/2320/2514 2322/2322/2525
f 2317/2317/2515 2319/2319/2512 2321/2321/2513
f 2093/2093/2198 2020/2020/2066 2094/2094/2317
f 2302/2302/2482 2094/2094/2317 2020/2020/2066
f 1821/1821/2505 1824/1824/2516 2313/2313/2504
f 2313/2313/2504 2323/2323/2517 2314/2314/2507
f 2320/2320/2514 2314/2314/2507 2323/2323/2517
f 2323/2323/2517 2313/2313/2504 2324/2324/2518
f 2320/2320/2514 2323/2323/2517 2324/2324/2518
f 2324/2324/2518 2325/2325/2520 2320/2320/2514
f 2325/2325/2520 2322/2322/2525 2320/2320/2514
f 2313/2313/2504 1824/1824/2516 2326/2326/2522
f 1825/1825/2993 2326/2326/2522 1824/1824/2516
f 2324/2324/2518 2313/2313/2504 2326/2326/2522
f 2327/2327/2519 2325/2325/2520 2328/2328/2521
f 2328/2328/2521 2325/2325/2520 2324/2324/2518
f 2326/2326/2522 2329/2329/2998 2324/2324/2518
f 2324/2324/2518 2329/2329/2998 2328/2328/2521
f 2328/2328/2521 2329/2329/2998 2330/2330/2523
f 2327/2327/2519 2322/2322/2525 2325/2325/2520
f 2331/2331/2524 2322/2322/2525 2327/2327/2519
f 2330/2330/2523 2327/2327/2519 2328/2328/2521
f 2332/2332/2526 2327/2327/2519 2330/2330/2523
f 2260/5052/2427 2300/2300/2487 2277/5053/2447
f 2279/2279/2530 2276/2276/2446 2277/2277/2447
f 2333/2333/2527 2277/5053/2447 2300/2300/2487
f 2277/5053/2447 2334/2334/2528 2279/5054/2530
f 2333/2333/2527 2334/2334/2528 2277/5053/2447
f 2304/2304/2529 2300/2300/2487 2303/2303/2484
f 2333/2333/2527 2300/2300/2487 2304/2304/2529
f 2335/2335/2531 2333/2333/2527 2142/2142/2536
f 2279/5054/2530 2334/2334/2528 2336/2336/2532
f 2337/2337/2535 2287/2287/2454 2279/5054/2530
f 2337/2337/2535 2279/5054/2530 2336/2336/2532
f 2334/2334/2528 2335/2335/2531 2336/2336/2532
f 2334/2334/2528 2333/2333/2527 2335/2335/2531
f 2142/2142/2536 2336/2336/2532 2335/2335/2531
f 2014/2014/2310 2142/2142/2536 2304/2304/2529
f 2333/2333/2527 2304/2304/2529 2142/2142/2536
f 2338/2338/2533 2301/2301/2489 2339/2339/2540
f 2340/2340/2534 2302/2302/2482 2301/2301/2489
f 2301/2301/2489 2338/2338/2533 2340/2340/2534
f 2337/2337/2535 2336/2336/2532 2142/2142/2536
f 2337/2337/2535 2142/2142/2536 2341/2341/2594
f 2342/2342/2537 2287/2287/2454 2337/2337/2535
f 2292/2292/2462 2287/2287/2454 2342/2342/2537
f 2341/2341/2594 2342/2342/2537 2337/2337/2535
f 2343/2343/2592 2292/2292/2462 2342/2342/2537
f 2342/2342/2537 2341/2341/2594 2343/2343/2592
f 2341/2341/2594 2142/2142/2536 2151/2151/2372
f 2151/2151/2372 2204/2204/2595 2341/2341/2594
f 2339/2339/2540 2261/2261/2429 2269/2269/2440
f 2270/2270/2443 2344/2344/2539 2269/2269/2440
f 2339/2339/2540 2269/2269/2440 2344/2344/2539
f 2339/2339/2540 2305/2305/2490 2261/2261/2429
f 2270/2270/2443 2273/2273/2442 2345/2345/2538
f 2273/2273/2442 2272/2272/2510 2345/2345/2538
f 2316/2316/2511 2345/2345/2538 2272/2272/2510
f 2345/2345/2538 2344/2344/2539 2270/2270/2443
f 2345/2345/2538 2346/2346/2541 2344/2344/2539
f 2346/2346/2541 2339/2339/2540 2344/2344/2539
f 2345/2345/2538 2316/2316/2511 2346/2346/2541
f 2346/2346/2541 2316/2316/2511 2318/2318/2543
f 2305/2305/2490 2339/2339/2540 2301/2301/2489
f 2347/2347/2542 2338/2338/2533 2339/2339/2540
f 2318/2318/2543 2348/2348/2557 2346/2346/2541
f 2347/2347/2542 2339/2339/2540 2346/2346/2541
f 2347/2347/2542 2346/2346/2541 2349/2349/2544
f 2348/2348/2557 2350/2350/2552 2346/2346/2541
f 2346/2346/2541 2350/2350/2552 2349/2349/2544
f 2340/2340/2534 2094/2094/2317 2302/2302/2482
f 2351/2351/2724 2094/2094/2317 2340/2340/2534
f 2340/2340/2534 2352/2352/2545 2351/2351/2724
f 2351/2351/2724 2352/2352/2545 2353/2353/2546
f 2347/2347/2542 2354/2354/2548 2338/2338/2533
f 2347/2347/2542 2355/2355/2547 2354/2354/2548
f 2352/2352/2545 2340/2340/2534 2338/2338/2533
f 2338/2338/2533 2354/2354/2548 2352/2352/2545
f 2355/2355/2547 2347/2347/2542 2349/2349/2544
f 2355/2355/2547 2349/2349/2544 2350/2350/2552
f 2356/2356/2549 2354/2354/2548 2355/2355/2547
f 2353/2353/2546 2352/2352/2545 2354/2354/2548
f 2356/2356/2549 2353/2353/2546 2354/2354/2548
f 2357/2357/2550 2358/2358/2551 2350/2350/2552
f 2355/2355/2547 2358/2358/2551 2356/2356/2549
f 2350/2350/2552 2358/2358/2551 2355/2355/2547
f 2356/2356/2549 2358/2358/2551 2359/2359/2553
f 2360/2360/2554 2358/2358/2551 2357/2357/2550
f 2317/2317/2515 2361/2361/2555 2318/2318/2543
f 2321/2321/2513 2361/2361/2555 2317/2317/2515
f 2361/2361/2555 2321/2321/2513 2322/2322/2525
f 2361/2361/2555 2322/2322/2525 2331/2331/2524
f 2331/2331/2524 2362/2362/2556 2361/2361/2555
f 2362/2362/2556 2331/2331/2524 2363/2363/2558
f 2327/2327/2519 2332/2332/2526 2331/2331/2524
f 2363/2363/2558 2331/2331/2524 2332/2332/2526
f 2348/2348/2557 2318/2318/2543 2361/2361/2555
f 2348/2348/2557 2361/2361/2555 2362/2362/2556
f 2362/2362/2556 2350/2350/2552 2348/2348/2557
f 2350/2350/2552 2362/2362/2556 2357/2357/2550
f 2357/2357/2550 2362/2362/2556 2363/2363/2558
f 2364/2364/2561 1945/1945/2342 1955/1955/2452
f 1945/1945/2342 2365/2365/2559 1946/1946/2341
f 1946/1946/2341 2365/2365/2559 2172/2172/2560
f 1945/1945/2342 2364/2364/2561 2365/2365/2559
f 2172/2172/2560 2365/2365/2559 2178/2178/2343
f 2365/2365/2559 2364/2364/2561 2178/2178/2343
f 2366/2366/2572 2178/2178/2343 2364/2364/2561
f 2367/2367/2562 2368/2368/2569 2283/2283/2563
f 2367/2367/2562 2283/2283/2563 2284/2284/2453
f 2368/2368/2569 1955/1955/2452 2283/2283/2563
f 2369/2369/2564 2291/5057/2464 2292/2292/2462
f 2179/2179/2566 2178/2178/2343 2366/2366/2572
f 2370/2370/2565 2364/2364/2561 1955/1955/2452
f 2364/2364/2561 2370/2370/2565 2366/2366/2572
f 2371/2371/2574 2179/2179/2566 2366/2366/2572
f 2371/2371/2574 2196/2196/2567 2179/2179/2566
f 2372/2372/2568 2367/2367/2562 2284/2284/2453
f 2372/2372/2568 2284/2284/2453 2285/2285/2461
f 2370/2370/2565 1955/1955/2452 2368/2368/2569
f 2372/2372/2568 2285/2285/2461 2373/2373/2576
f 2374/2374/2570 2370/2370/2565 2368/2368/2569
f 2291/5057/2464 2369/2369/2564 2293/5058/2463
f 2293/2293/2463 2373/2373/2576 2285/2285/2461
f 2293/5058/2463 2369/2369/2564 2375/2375/2571
f 2370/2370/2565 2374/2374/2570 2376/2376/2573
f 2366/2366/2572 2370/2370/2565 2376/2376/2573
f 2366/2366/2572 2376/2376/2573 2371/2371/2574
f 2377/2377/2578 2371/2371/2574 2376/2376/2573
f 2371/2371/2574 2377/2377/2578 2196/2196/2567
f 2374/2374/2570 2368/2368/2569 2378/2378/2579
f 2378/2378/2579 2368/2368/2569 2367/2367/2562
f 2373/5066/2576 2293/5058/2463 2379/2379/2600
f 2293/5058/2463 2375/2375/2571 2379/2379/2600
f 2380/2380/2575 2372/5065/2568 2373/5066/2576
f 2380/2380/2575 2373/5066/2576 2379/2379/2600
f 2380/2380/2575 2381/2381/2577 2372/5065/2568
f 2381/2381/2577 2367/5064/2562 2372/5065/2568
f 2374/2374/2570 2382/2382/2580 2376/2376/2573
f 2376/2376/2573 2382/2382/2580 2377/2377/2578
f 2378/2378/2579 2382/2382/2580 2374/2374/2570
f 2382/2382/2580 2383/2383/2587 2377/2377/2578
f 2378/2378/2579 2367/2367/2562 2384/2384/2585
f 2385/2385/2581 2377/2377/2578 2383/2383/2587
f 2377/2377/2578 2210/2210/2613 2196/2196/2567
f 2385/2385/2581 2210/2210/2613 2377/2377/2578
f 2381/2381/2577 2384/5067/2585 2367/5064/2562
f 2386/2386/2582 2384/5067/2585 2381/2381/2577
f 2379/2379/2600 2387/2387/2583 2380/2380/2575
f 2381/2381/2577 2380/2380/2575 2387/2387/2583
f 2387/2387/2583 2386/2386/2582 2381/2381/2577
f 2387/2387/2583 2388/2388/2590 2386/2386/2582
f 2388/2388/2590 2387/2387/2583 2389/2389/2602
f 2390/2390/2601 2389/2389/2602 2387/2387/2583
f 2391/2391/2584 2382/2382/2580 2378/2378/2579
f 2382/2382/2580 2391/2391/2584 2383/2383/2587
f 2391/2391/2584 2378/2378/2579 2384/2384/2585
f 2391/5068/2584 2384/5067/2585 2386/2386/2582
f 2391/5068/2584 2386/2386/2582 2392/2392/2586
f 2392/2392/2586 2383/2383/2587 2391/2391/2584
f 2392/2392/2586 2385/2385/2581 2383/2383/2587
f 2393/2393/2588 2385/2385/2581 2392/2392/2586
f 2388/2388/2590 2392/2392/2586 2386/2386/2582
f 2394/2394/2589 2392/2392/2586 2388/2388/2590
f 2394/2394/2589 2393/2393/2591 2392/2392/2586
f 2369/2369/2564 2292/2292/2462 2343/2343/2592
f 2395/2395/2596 2369/2369/2564 2343/2343/2592
f 2396/2396/2593 2343/2343/2592 2341/2341/2594
f 2395/2395/2596 2343/2343/2592 2396/2396/2593
f 2396/2396/2593 2341/2341/2594 2204/2204/2595
f 2375/2375/2571 2369/2369/2564 2395/2395/2596
f 2204/2204/2595 2207/2207/2597 2396/2396/2593
f 2395/2395/2596 2396/2396/2593 2207/2207/2597
f 2375/2375/2571 2397/2397/2598 2398/2398/2599
f 2195/2195/2362 2196/2196/2567 2210/2210/2613
f 2379/2379/2600 2375/2375/2571 2398/2398/2599
f 2379/2379/2600 2390/2390/2601 2387/2387/2583
f 2390/2390/2601 2379/2379/2600 2398/2398/2599
f 2390/2390/2601 2398/2398/2599 2399/2399/2606
f 2399/2399/2606 2400/2400/2603 2390/2390/2601
f 2389/2389/2602 2394/2394/2589 2388/2388/2590
f 2394/2394/2589 2389/2389/2602 2400/2400/2603
f 2400/2400/2603 2389/2389/2602 2390/2390/2601
f 2401/2401/2605 2393/2393/2591 2394/2394/2589
f 2401/2401/2604 2385/2385/2581 2393/2393/2588
f 2394/2394/2589 2400/2400/2603 2402/2402/2610
f 2401/2401/2605 2394/2394/2589 2402/2402/2610
f 2402/2402/2610 2400/2400/2603 2403/2403/2608
f 2399/2399/2606 2398/2398/2599 2404/2404/2607
f 2403/2403/2608 2399/2399/2606 2404/2404/2607
f 2404/2404/2607 2398/2398/2599 2397/2397/2598
f 2399/2399/2606 2403/2403/2608 2400/2400/2603
f 2405/2405/2609 2210/2210/2613 2385/2385/2581
f 2385/2385/2581 2401/2401/2604 2405/2405/2609
f 2402/2402/2610 2405/2405/2609 2401/2401/2605
f 2406/2406/2611 2407/2407/2612 2405/2405/2609
f 2405/2405/2609 2402/2402/2610 2406/2406/2611
f 2405/2405/2609 2407/2407/2612 2210/2210/2613
f 2403/2403/2608 2404/2404/2607 2408/2408/2614
f 2408/2408/2614 2404/2404/2607 2397/2397/2598
f 2409/2409/2615 2402/2402/2610 2403/2403/2608
f 2402/2402/2610 2409/2409/2615 2406/2406/2611
f 2410/2410/2616 2411/2411/2802 2412/2412/2617
f 2412/2412/2617 2411/2411/2802 2413/2413/2618
f 2410/2410/2619 2414/2414/2620 2411/2411/2802
f 2411/2411/2802 2414/2414/2620 2415/2415/2863
f 2416/2416/2621 2414/2414/2622 2410/2410/2623
f 2417/2417/2624 2418/2418/2703 2419/2419/2625
f 2420/2420/2626 2418/2418/2703 2417/2417/2624
f 2421/2421/2627 2422/2422/2643 2423/2423/2715
f 2424/2424/2628 2425/2425/2629 2426/2426/2630
f 2426/2426/2631 2425/2425/2632 2422/2422/2643
f 2423/2423/2715 2422/2422/2643 2427/2427/2633
f 2428/2428/2656 2424/5078/2634 2429/2429/2635
f 2424/5078/2634 2426/5079/2636 2429/2429/2635
f 2426/2426/2631 2422/2422/2643 2429/5080/2637
f 2422/2422/2643 2421/2421/2627 2429/5080/2638
f 2421/5076/2639 2428/2428/2656 2429/2429/2640
f 2424/2424/2628 2430/2430/2641 2425/2425/2629
f 2431/2431/2642 2422/2422/2643 2425/2425/2632
f 2432/2432/2644 2425/2425/2629 2430/2430/2641
f 2432/2432/2644 2431/2431/2646 2425/2425/2629
f 2432/2432/2644 2433/2433/2645 2431/2431/2646
f 2434/2434/2647 2435/2435/2648 2433/2433/2645
f 2435/2435/2648 2434/2434/2647 2436/2436/2682
f 2437/2437/2649 2434/5084/2650 2433/5083/2651
f 2437/2437/2652 2433/5083/2645 2432/5082/2644
f 2437/2437/2657 2436/5085/2684 2434/5084/2653
f 2430/5081/2654 2424/5078/2634 2432/5082/2655
f 2432/5082/2655 2424/5078/2634 2428/2428/2656
f 2432/5082/2655 2428/2428/2656 2437/2437/2657
f 2435/2435/2648 2431/2431/2646 2433/2433/2645
f 2422/2422/2643 2431/2431/2642 2435/2435/2648
f 2437/2437/2657 2428/2428/2656 2438/2438/2700
f 2439/2439/2735 2440/2440/2658 2441/2441/2659
f 2442/2442/2660 2443/2443/2662 2444/2444/2672
f 2445/2445/2661 2443/2443/2662 2442/2442/2660
f 2446/2446/2663 2442/2442/2664 2444/2444/2665
f 2442/2442/2666 2446/5088/2667 2445/2445/2668
f 2444/2444/2665 2447/2447/2669 2446/2446/2663
f 2445/2445/2668 2446/5088/2667 2447/5089/2670
f 2445/2445/2668 2447/5089/2670 2448/2448/2693
f 2443/2443/2662 2449/2449/2671 2444/2444/2672
f 2450/2450/2673 2449/2449/2698 2451/2451/2683
f 2452/2452/2674 2447/5090/2670 2450/5092/2675
f 2452/5093/2674 2450/2450/2675 2451/2451/2683
f 2447/2447/2669 2444/2444/2665 2453/2453/2676
f 2444/2444/2672 2449/2449/2671 2453/2453/2677
f 2449/2449/2678 2450/2450/2679 2453/2453/2680
f 2450/5092/2679 2447/5090/2681 2453/5094/2680
f 2436/2436/2682 2451/2451/2683 2435/2435/2648
f 2436/2436/2682 2452/5093/2674 2451/2451/2683
f 2436/5085/2684 2437/2437/2657 2454/2454/2685
f 2436/5085/2684 2454/2454/2685 2452/2452/2674
f 2438/2438/2700 2454/2454/2685 2437/2437/2657
f 2447/5090/2670 2452/2452/2674 2454/2454/2685
f 2447/5090/2670 2454/2454/2685 2448/5091/2693
f 2443/2443/2662 2445/2445/2661 2448/2448/2686
f 2455/2455/2687 2449/2449/2671 2443/2443/2662
f 2456/2456/2688 2449/2449/2671 2455/2455/2687
f 2455/2455/2689 2443/2443/2690 2448/2448/2693
f 2457/2457/2691 2456/5095/2692 2448/5091/2693
f 2448/2448/2693 2456/2456/2692 2455/2455/2689
f 2454/2454/2685 2457/2457/2691 2448/5091/2693
f 2456/2456/2694 2441/2441/2659 2440/2440/2658
f 2456/2456/2694 2440/2440/2658 2449/2449/2695
f 2456/5095/2692 2457/2457/2691 2441/5087/2696
f 2441/5087/2696 2457/2457/2691 2458/2458/2733
f 2451/2451/2683 2449/2449/2698 2148/2148/2701
f 2459/2459/2697 2148/2148/2701 2449/2449/2698
f 2451/2451/2683 2422/2422/2643 2435/2435/2648
f 2148/2148/2701 2422/2422/2643 2451/2451/2683
f 2460/2460/2699 2454/2454/2685 2438/2438/2700
f 2461/2461/2725 2462/2462/2789 2457/2457/2691
f 2454/2454/2685 2461/2461/2725 2457/2457/2691
f 2461/2461/2725 2463/2463/2726 2462/2462/2789
f 2464/2464/2702 2465/2465/2729 2148/2148/2701
f 2459/2459/2697 2464/2464/2702 2148/2148/2701
f 2466/2466/2961 2465/2465/2729 2464/2464/2702
f 2419/5074/2625 2418/5072/2703 2146/5048/2316
f 2467/2467/2704 2419/5074/2705 2146/5048/2706
f 2467/5097/2707 2146/2146/2316 2126/2126/2285
f 2467/5097/2707 2126/2126/2285 2125/5045/2287
f 2468/2468/2710 2419/5073/2708 2467/5096/2709
f 2419/5073/2708 2468/2468/2710 2417/5071/2711
f 2420/2420/2626 2469/2469/2712 2418/2418/2703
f 2146/2146/2316 2418/2418/2703 2427/2427/2633
f 2427/2427/2633 2418/2418/2703 2469/2469/2713
f 2420/2420/2714 2423/2423/2715 2427/2427/2633
f 2420/2420/2716 2427/2427/2717 2469/2469/2718
f 2420/5075/2719 2417/5071/2711 2468/2468/2710
f 2125/2125/2282 2128/2128/2296 2467/5096/2709
f 2467/5096/2709 2128/2128/2296 2468/2468/2710
f 2470/2470/2722 2421/5076/2639 2423/5077/2720
f 2470/2470/2721 2423/5077/2715 2420/5075/2714
f 2420/5075/2719 2468/2468/2710 2470/2470/2722
f 2421/5076/2639 2470/2470/2722 2428/2428/2656
f 2438/2438/2700 2428/2428/2656 2470/2470/2722
f 2422/2422/2643 2146/2146/2316 2427/2427/2633
f 2438/2438/2700 2470/2470/2722 2128/2128/2296
f 2128/2128/2296 2470/2470/2722 2468/2468/2710
f 2128/2128/2296 2147/2147/2315 2438/2438/2700
f 2438/2438/2700 2147/2147/2315 2150/2150/2318
f 2471/2471/2723 2438/2438/2700 2150/2150/2318
f 2146/2146/2316 2422/2422/2643 2148/2148/2701
f 2471/2471/2723 2460/2460/2699 2438/2438/2700
f 2351/2351/2724 2471/2471/2723 2150/2150/2318
f 2460/2460/2699 2471/2471/2723 2454/2454/2685
f 2471/2471/2723 2461/2461/2725 2454/2454/2685
f 2471/2471/2723 2351/2351/2724 2461/2461/2725
f 2472/2472/2847 2461/2461/2725 2351/2351/2724
f 2461/2461/2725 2472/2472/2847 2463/2463/2726
f 2153/2153/2727 2473/2473/2728 2465/2465/2729
f 2148/2148/2701 2473/2473/2728 2149/2149/2730
f 2153/2153/2727 2149/2149/2730 2473/2473/2728
f 2465/2465/2729 2473/2473/2728 2148/2148/2701
f 2153/2153/2727 2465/2465/2729 2474/2474/2731
f 2475/2475/2734 2476/2476/2742 2440/2440/2658
f 2459/2459/2697 2440/2440/2732 2476/2476/2742
f 2458/2458/2733 2475/5098/2734 2439/5086/2735
f 2439/2439/2735 2475/2475/2734 2440/2440/2658
f 2476/2476/2742 2477/2477/2736 2459/2459/2697
f 2478/2478/2737 2479/2479/2738 2480/2480/2739
f 2481/2481/2740 2479/5102/2738 2478/5101/2737
f 2479/2479/2738 2477/2477/2736 2480/2480/2739
f 2482/2482/2741 2476/5100/2742 2475/5098/2734
f 2480/5103/2743 2482/2482/2744 2478/5101/2745
f 2478/5101/2746 2482/2482/2747 2483/2483/2773
f 2482/2482/2744 2480/5103/2743 2484/2484/2748
f 2480/2480/2743 2477/2477/2749 2484/5106/2748
f 2477/2477/2736 2476/2476/2742 2484/5106/2750
f 2476/5099/2742 2482/5104/2741 2484/5105/2750
f 2475/5098/2734 2458/2458/2733 2482/2482/2747
f 2482/2482/2747 2458/2458/2733 2483/2483/2773
f 2481/2481/2751 2478/5101/2746 2483/2483/2773
f 2440/2440/2732 2459/2459/2697 2449/2449/2698
f 2479/2479/2738 2459/2459/2697 2477/2477/2736
f 2485/2485/2752 2486/2486/2753 2487/2487/2754
f 2488/2488/2755 2486/2486/2753 2485/2485/2752
f 2487/2487/2754 2486/2486/2753 2489/2489/2845
f 2490/2490/2756 2479/5102/2738 2481/2481/2740
f 2491/2491/2759 2492/2492/2757 2493/2493/2758
f 2492/2492/2757 2491/2491/2759 2494/2494/2761
f 2495/2495/2760 2479/5102/2738 2490/2490/2756
f 2494/2494/2761 2491/2491/2759 2495/2495/2770
f 2493/5111/2762 2492/5110/2780 2496/2496/2787
f 2495/2495/2770 2491/2491/2759 2497/2497/2763
f 2491/2491/2759 2493/2493/2764 2497/2497/2763
f 2493/5111/2765 2496/2496/2766 2497/5112/2767
f 2496/2496/2787 2479/2479/2738 2497/5112/2768
f 2479/5102/2738 2495/2495/2760 2497/2497/2768
f 2481/2481/2751 2483/2483/2773 2490/2490/2769
f 2490/2490/2769 2483/2483/2773 2495/2495/2770
f 2498/2498/2771 2499/2499/2772 2483/2483/2773
f 2495/2495/2770 2483/2483/2773 2499/2499/2772
f 2500/2500/2774 2501/2501/2775 2492/2492/2757
f 2492/2492/2757 2494/2494/2761 2500/2500/2774
f 2494/2494/2761 2495/2495/2770 2500/2500/2776
f 2499/2499/2772 2485/5107/2777 2487/5108/2778
f 2485/5107/2777 2499/2499/2772 2488/5109/2779
f 2496/2496/2787 2492/5110/2780 2489/2489/2845
f 2489/2489/2845 2492/5110/2780 2501/5113/2781
f 2499/2499/2772 2487/5108/2778 2502/2502/2782
f 2487/2487/2754 2489/2489/2845 2502/5114/2783
f 2489/2489/2784 2501/5113/2775 2502/5114/2785
f 2501/2501/2775 2500/2500/2774 2502/2502/2785
f 2500/2500/2774 2499/2499/2786 2502/2502/2785
f 2499/2499/2772 2500/2500/2776 2495/2495/2770
f 2499/2499/2772 2498/2498/2771 2503/2503/2788
f 2496/2496/2787 2459/2459/2697 2479/2479/2738
f 2489/2489/2845 2459/2459/2697 2496/2496/2787
f 2504/2504/2848 2503/2503/2788 2498/2498/2771
f 2441/5087/2696 2458/2458/2733 2439/5086/2735
f 2457/2457/2691 2462/2462/2789 2458/2458/2733
f 2483/2483/2773 2458/2458/2733 2462/2462/2789
f 2462/2462/2789 2505/2505/2790 2483/2483/2773
f 2463/2463/2726 2505/2505/2790 2462/2462/2789
f 2483/2483/2773 2505/2505/2790 2498/2498/2771
f 2504/2504/2848 2498/2498/2771 2505/2505/2790
f 2505/2505/2790 2463/2463/2726 2504/2504/2848
f 2506/2506/2791 2507/2507/2792 2508/2508/2793
f 2509/2509/2794 2506/2506/2800 2510/2510/2796
f 2511/2511/2835 2509/2509/2794 2488/2488/2779
f 2488/2488/2795 2509/2509/2794 2510/2510/2796
f 2488/2488/2795 2510/2510/2796 2486/2486/2753
f 2508/2508/2793 2486/2486/2753 2510/2510/2796
f 2510/2510/2796 2506/2506/2791 2508/2508/2793
f 2508/2508/2793 2489/2489/2845 2486/2486/2753
f 2509/2509/2794 2511/2511/2835 2512/2512/2797
f 2513/2513/2798 2507/2507/2799 2506/2506/2800
f 2514/2514/2801 2411/5069/2802 2515/2515/2803
f 2516/2516/2804 2517/2517/2805 2513/5117/2798
f 2513/2513/2798 2517/5121/2805 2507/2507/2799
f 2518/2518/2806 2517/2517/2805 2516/2516/2804
f 2519/2519/2807 2514/5118/2808 2515/5119/2809
f 2506/2506/2800 2509/2509/2794 2513/2513/2798
f 2512/2512/2797 2520/2520/2830 2509/2509/2794
f 2513/2513/2798 2509/2509/2794 2516/5120/2810
f 2516/5120/2810 2509/2509/2794 2520/2520/2830
f 2516/2516/2810 2520/5124/2830 2518/2518/2811
f 2508/2508/2793 2521/2521/2812 2489/2489/2845
f 2507/2507/2792 2522/2522/2813 2508/2508/2793
f 2522/2522/2813 2507/2507/2792 2523/2523/2814
f 2523/2523/2814 2507/2507/2792 2517/5121/2805
f 2523/5130/2814 2517/2517/2805 2524/2524/2815
f 2515/2515/2803 2411/5069/2802 2524/2524/2844
f 2525/2525/2816 2519/2519/2807 2526/2526/2817
f 2519/2519/2807 2515/5119/2809 2526/2526/2817
f 2515/2515/2809 2524/2524/2818 2526/5133/2817
f 2524/2524/2815 2517/2517/2805 2526/5133/2819
f 2517/2517/2805 2518/2518/2806 2526/5133/2819
f 2518/5122/2806 2525/5131/2820 2526/5132/2819
f 2511/5115/2835 2521/5126/2821 2527/2527/2827
f 2521/2521/2822 2508/2508/2823 2527/5135/2824
f 2508/2508/2825 2522/2522/2826 2527/5135/2827
f 2522/5127/2826 2520/2520/2830 2527/5134/2827
f 2520/2520/2830 2512/2512/2828 2527/5134/2827
f 2512/2512/2828 2511/2511/2835 2527/5134/2827
f 2520/2520/2830 2522/5127/2826 2523/5128/2829
f 2528/2528/2842 2520/5125/2830 2529/2529/2831
f 2520/5125/2830 2523/5129/2829 2529/2529/2831
f 2523/5130/2814 2524/2524/2815 2529/5137/2832
f 2524/2524/2833 2521/2521/2821 2529/5137/2834
f 2521/5126/2821 2511/5115/2835 2529/5136/2834
f 2511/5116/2835 2528/2528/2842 2529/2529/2834
f 2518/5123/2811 2520/5125/2830 2528/2528/2842
f 2518/5123/2811 2528/2528/2842 2525/2525/2816
f 2524/2524/2844 2489/2489/2845 2521/2521/2812
f 2488/5109/2779 2499/2499/2772 2511/5116/2835
f 2503/2503/2788 2511/5116/2835 2499/2499/2772
f 2511/5116/2835 2503/2503/2788 2530/2530/2836
f 2504/2504/2848 2530/2530/2836 2503/2503/2788
f 2528/2528/2842 2511/5116/2835 2530/2530/2836
f 2514/5118/2801 2413/2413/2618 2411/2411/2802
f 2416/2416/2854 2413/2413/2837 2514/5118/2838
f 2514/5118/2838 2519/2519/2807 2416/2416/2854
f 2528/2528/2842 2416/2416/2854 2519/2519/2807
f 2525/2525/2816 2528/2528/2842 2519/2519/2807
f 2413/2413/2837 2416/2416/2854 2412/2412/2839
f 2412/2412/2839 2416/2416/2854 2410/2410/2840
f 2459/2459/2697 2489/2489/2845 2464/2464/2702
f 2504/2504/2848 2528/2528/2842 2530/2530/2836
f 2416/2416/2854 2528/2528/2842 2531/2531/2841
f 2532/2532/2945 2531/2531/2841 2528/2528/2842
f 2533/2533/2865 2524/2524/2844 2411/5069/2802
f 2534/2534/2843 2532/2532/2945 2528/2528/2842
f 2524/2524/2844 2535/2535/2846 2489/2489/2845
f 2489/2489/2845 2535/2535/2846 2464/2464/2702
f 2535/2535/2846 2524/2524/2844 2533/2533/2865
f 2534/2534/2843 2528/2528/2842 2504/2504/2848
f 2463/2463/2726 2472/2472/2847 2504/2504/2848
f 2504/2504/2848 2472/2472/2847 2536/2536/2849
f 2351/2351/2724 2537/2537/3013 2472/2472/2847
f 2537/2537/3013 2536/2536/2849 2472/2472/2847
f 2536/2536/2849 2534/2534/2843 2504/2504/2848
f 2538/2538/2851 2534/2534/2843 2536/2536/2849
f 2539/2539/2850 2534/2534/2843 2538/2538/2851
f 2540/2540/2852 2539/2539/2850 2538/2538/2851
f 2537/2537/3013 2538/2538/2851 2536/2536/2849
f 2540/2540/2852 2538/2538/2851 2537/2537/3013
f 2414/2414/2853 2416/2416/2854 2541/2541/2855
f 2541/2541/2855 2416/2416/2854 2531/2531/2841
f 2415/2415/2856 2414/2414/2857 2541/2541/2858
f 2542/2542/2859 2543/2543/2860 2415/2415/2856
f 2542/2542/2859 2415/2415/2856 2541/2541/2858
f 2543/2543/2860 2544/2544/2861 2545/2545/2862
f 2415/5070/2863 2543/5138/2864 2533/2533/2865
f 2411/5069/2802 2415/5070/2863 2533/2533/2865
f 2545/5139/2866 2533/2533/2865 2543/5138/2864
f 2544/2544/2861 2543/2543/2860 2542/2542/2859
f 2546/2546/2867 2542/2542/2868 2541/2541/2855
f 2531/2531/2841 2546/2546/2867 2541/2541/2855
f 2542/2542/2868 2547/2547/2881 2544/2544/2869
f 2546/2546/2867 2547/2547/2881 2542/2542/2868
f 2548/2548/2882 2549/2549/2870 2550/2550/2871
f 2548/5140/2872 2551/2551/2873 2533/2533/2865
f 2548/5140/2874 2533/2533/2875 2549/5141/2876
f 2552/2552/2877 2553/2553/2878 2551/2551/2873
f 2554/2554/2883 2552/2552/2889 2551/2551/2873
f 2554/2554/2883 2551/2551/2873 2548/5140/2872
f 2553/2553/2878 2533/2533/2865 2551/2551/2873
f 2547/2547/2881 2550/2550/2871 2545/2545/2862
f 2547/2547/2881 2545/2545/2862 2544/2544/2861
f 2533/2533/2865 2545/5139/2866 2550/5142/2879
f 2550/5142/2879 2549/5141/2880 2533/2533/2865
f 2547/2547/2881 2546/2546/2867 2555/2555/2903
f 2550/2550/2871 2547/2547/2881 2548/2548/2882
f 2548/2548/2882 2547/2547/2881 2554/5144/2883
f 2547/2547/2881 2555/2555/2903 2554/5144/2883
f 2556/2556/2884 2557/2557/2921 2558/2558/2911
f 2559/2559/2885 2560/2560/2919 2557/2557/2921
f 2559/2559/2886 2557/2557/2921 2556/2556/2884
f 2561/2561/2887 2553/2553/2878 2552/2552/2877
f 2561/2561/2887 2562/2562/2888 2553/2553/2878
f 2552/5143/2889 2554/5144/2883 2555/2555/2903
f 2552/5143/2889 2555/2555/2903 2561/5149/2898
f 2563/2563/2912 2553/2553/2878 2562/2562/2891
f 2564/2564/2890 2562/5150/2891 2565/2565/2892
f 2566/2566/2893 2567/2567/2894 2564/5151/2902
f 2564/5151/2890 2567/2567/2895 2562/2562/2891
f 2563/2563/2912 2562/2562/2891 2567/2567/2895
f 2565/2565/2896 2568/2568/2897 2564/2564/2902
f 2561/5149/2898 2568/2568/2897 2565/2565/2896
f 2561/2561/2899 2565/5152/2900 2562/2562/2901
f 2561/5149/2898 2555/2555/2903 2568/2568/2897
f 2564/2564/2902 2568/2568/2897 2555/2555/2903
f 2564/2564/2902 2555/2555/2903 2566/5153/2893
f 2569/2569/2910 2567/5154/2895 2570/2570/2904
f 2566/5153/2893 2571/2571/2909 2570/2570/2905
f 2566/2566/2906 2570/5155/2907 2567/2567/2908
f 2571/2571/2909 2569/2569/2910 2570/2570/2905
f 2569/2569/2910 2558/5146/2911 2567/5154/2895
f 2571/2571/2909 2558/5146/2911 2569/2569/2910
f 2566/5153/2893 2555/2555/2903 2571/2571/2909
f 2533/2533/2865 2553/2553/2878 2563/2563/2912
f 2572/2572/2963 2533/2533/2865 2563/2563/2912
f 2563/2563/2912 2567/2567/2895 2557/2557/2921
f 2557/2557/2921 2567/2567/2895 2558/2558/2911
f 2573/2573/2913 2556/5145/2914 2571/2571/2909
f 2571/2571/2909 2556/5145/2914 2558/5146/2911
f 2556/5145/2914 2573/2573/2913 2559/5147/2924
f 2571/2571/2909 2555/2555/2903 2573/2573/2913
f 2574/2574/2915 2573/2573/2913 2555/2555/2903
f 2557/2557/2921 2572/2572/2963 2563/2563/2912
f 2575/2575/2916 2573/2573/2913 2574/2574/2915
f 2576/2576/2917 2577/2577/2918 2578/2578/2920
f 2560/2560/2919 2578/2578/2920 2557/2557/2921
f 2579/2579/2922 2560/5148/2923 2559/5147/2924
f 2579/2579/2922 2576/5156/2938 2560/5148/2923
f 2560/2560/2919 2576/2576/2917 2578/2578/2920
f 2577/2577/2925 2557/2557/2921 2578/2578/2920
f 2580/2580/2926 2577/2577/2925 2576/2576/2927
f 2557/2557/2921 2577/2577/2925 2581/2581/2930
f 2582/2582/2928 2581/2581/2930 2577/2577/2925
f 2583/2583/2932 2584/2584/2929 2581/2581/2930
f 2585/2585/2936 2581/2581/2930 2584/2584/2929
f 2584/2584/2931 2583/2583/2932 2582/2582/2928
f 2583/2583/2932 2581/2581/2930 2582/2582/2928
f 2586/2586/2933 2585/5158/2934 2582/5157/2928
f 2582/2582/2928 2585/2585/2934 2584/2584/2931
f 2587/2587/2935 2581/2581/2930 2585/2585/2936
f 2588/2588/2937 2577/2577/2925 2580/2580/2926
f 2576/2576/2938 2588/2588/2939 2580/2580/2940
f 2576/5156/2938 2579/2579/2922 2588/5159/2939
f 2588/2588/2937 2582/2582/2928 2577/2577/2925
f 2588/5159/2939 2579/2579/2922 2582/5157/2928
f 2579/2579/2922 2586/2586/2933 2582/5157/2928
f 2579/2579/2922 2559/5147/2924 2573/2573/2913
f 2589/2589/2943 2579/2579/2922 2573/2573/2913
f 2575/2575/2916 2589/2589/2943 2573/2573/2913
f 2590/2590/2941 2591/2591/2942 2585/5158/2934
f 2585/5158/2934 2586/2586/2933 2592/2592/2944
f 2592/2592/2944 2590/2590/2941 2585/5158/2934
f 2592/2592/2944 2586/2586/2933 2579/2579/2922
f 2589/2589/2943 2592/2592/2944 2579/2579/2922
f 2531/2531/2841 2532/2532/2945 2546/2546/2867
f 2546/2546/2867 2532/2532/2945 2593/2593/2946
f 2534/2534/2843 2593/2593/2946 2532/2532/2945
f 2593/2593/2946 2534/2534/2843 2539/2539/2850
f 2594/2594/2949 2593/2593/2946 2539/2539/2850
f 2593/2593/2946 2555/2555/2903 2546/2546/2867
f 2574/2574/2915 2555/2555/2903 2593/2593/2946
f 2594/2594/2949 2574/2574/2915 2593/2593/2946
f 2594/2594/2949 2595/2595/2947 2574/2574/2915
f 2575/2575/2916 2574/2574/2915 2595/2595/2947
f 2596/2596/2948 2575/2575/2916 2595/2595/2947
f 2596/2596/2948 2595/2595/2947 2594/2594/2949
f 2596/2596/2948 2594/2594/2949 2540/2540/2852
f 2540/2540/2852 2597/2597/2950 2596/2596/2948
f 2598/2598/2976 2589/2589/2943 2575/2575/2916
f 1959/1959/1958 1960/1960/1960 1677/1677/1678
f 2199/2199/2368 2599/2599/2951 2141/2141/2308
f 2599/2599/2951 1960/1960/1960 2141/2141/2308
f 2600/2600/2952 2199/2199/2368 2201/2201/2367
f 2600/2600/2952 2599/2599/2951 2199/2199/2368
f 1960/1960/1960 2599/2599/2951 1686/1686/2953
f 1685/1685/2954 1677/1677/1678 1960/1960/1960
f 2601/2601/2956 2203/2203/2369 2202/2202/2955
f 2211/2211/2377 2601/2601/2956 2202/2202/2955
f 2200/2200/2370 2203/2203/2369 2602/2602/2957
f 1686/1686/2953 2599/2599/2951 2600/2600/2952
f 2600/2600/2952 1689/1689/3532 1686/1686/2953
f 2600/2600/2952 2201/2201/2367 2602/2602/2957
f 2201/2201/2367 2200/2200/2370 2602/2602/2957
f 2474/2474/2731 2465/2465/2729 2466/2466/2961
f 2153/2153/2727 2474/2474/2731 2206/2206/2958
f 2152/2152/2371 2153/2153/2727 2206/2206/2958
f 2603/2603/2959 2207/2207/2597 2205/2205/2373
f 2205/2205/2373 2206/2206/2958 2603/2603/2959
f 2603/2603/2959 2206/2206/2958 2474/2474/2731
f 2603/2603/2959 2604/2604/2960 2207/2207/2597
f 2395/2395/2596 2207/2207/2597 2604/2604/2960
f 2603/2603/2959 2605/2605/2965 2604/2604/2960
f 2603/2603/2959 2474/2474/2731 2605/2605/2965
f 2474/2474/2731 2606/2606/2962 2605/2605/2965
f 2464/2464/2702 2535/2535/2846 2466/2466/2961
f 2606/2606/2962 2474/2474/2731 2466/2466/2961
f 2466/2466/2961 2535/2535/2846 2606/2606/2962
f 2607/2607/2966 2606/2606/2962 2535/2535/2846
f 2535/2535/2846 2572/2572/2963 2608/2608/2981
f 2608/2608/2981 2607/2607/2966 2535/2535/2846
f 2607/2607/2966 2608/2608/2981 2609/2609/2964
f 2605/2605/2965 2606/2606/2962 2607/2607/2966
f 2610/2610/3861 2211/2211/2377 2210/2210/2613
f 2605/2605/2965 2607/2607/2966 2609/2609/2964
f 2611/2611/2967 2609/2609/2964 2608/2608/2981
f 2609/2609/2964 2611/2611/2967 2612/2612/2968
f 2612/2612/2968 2611/2611/2967 2613/2613/2969
f 2614/2614/3864 2612/2612/2968 2613/2613/2969
f 2605/2605/2965 2612/2612/2968 2604/2604/2960
f 2612/2612/2968 2395/2395/2596 2604/2604/2960
f 2612/2612/2968 2605/2605/2965 2609/2609/2964
f 2395/2395/2596 2612/2612/2968 2614/2614/3864
f 2395/2395/2596 2614/2614/3864 2615/2615/3070
f 1686/1686/2953 1685/1685/2954 1960/1960/1960
f 2572/2572/2963 2535/2535/2846 2533/2533/2865
f 2616/2616/2982 2572/2572/2963 2617/2617/2988
f 2618/2618/2974 2619/2619/2970 2620/2620/2971
f 2620/5162/2971 2619/5161/2970 2621/2621/2972
f 2622/2622/2973 2618/2618/2974 2620/2620/2971
f 2572/2572/2963 2557/2557/2921 2581/2581/2930
f 2587/2587/2935 2572/2572/2963 2581/2581/2930
f 2587/2587/2935 2585/2585/2936 2591/5160/2942
f 2618/2618/2974 2587/2587/2935 2591/5160/2942
f 2587/2587/2935 2618/2618/2974 2623/2623/3739
f 2589/2589/2943 2624/2624/2975 2592/2592/2944
f 2591/5160/2942 2619/2619/2970 2618/2618/2974
f 2591/2591/2942 2590/2590/2941 2619/5161/2970
f 2592/2592/2944 2619/5161/2970 2590/2590/2941
f 2624/2624/2975 2619/5161/2970 2592/2592/2944
f 2624/2624/2975 2621/2621/2972 2619/5161/2970
f 2587/2587/2935 2623/2623/3739 2572/2572/2963
f 2623/2623/3739 2618/2618/2974 2622/2622/2973
f 2598/2598/2976 2624/2624/2975 2589/2589/2943
f 2598/2598/2976 2625/2625/2977 2624/2624/2975
f 2626/2626/2984 2625/2625/2977 2598/2598/2976
f 2623/2623/3739 2617/2617/2988 2572/2572/2963
f 2623/2623/3739 2627/2627/2979 2617/2617/2988
f 2628/2628/2990 2617/2617/2988 2627/2627/2979
f 2629/2629/2978 2628/2628/2990 2627/2627/2979
f 2630/2630/2980 2629/2629/2978 2627/2627/2979
f 2608/2608/2981 2572/2572/2963 2616/2616/2982
f 2631/2631/4050 2632/2632/2986 2633/2633/2983
f 2634/2634/3766 2626/2626/2984 2635/2635/2985
f 2632/2632/2986 2636/2636/2987 2633/2633/2983
f 2637/2637/3777 2634/2634/3766 2636/2636/2987
f 2638/2638/3077 2637/2637/3777 2636/2636/2987
f 2611/2611/2967 2608/2608/2981 2617/2617/2988
f 2616/2616/2982 2617/2617/2988 2608/2608/2981
f 2611/2611/2967 2617/2617/2988 2639/2639/2989
f 2613/2613/2969 2639/2639/2989 2628/2628/2990
f 2613/2613/2969 2611/2611/2967 2639/2639/2989
f 2617/2617/2988 2628/2628/2990 2639/2639/2989
f 2640/2640/2991 2614/2614/3864 2613/2613/2969
f 2613/2613/2969 2628/2628/2990 2629/2629/2978
f 2629/2629/2978 2640/2640/2991 2613/2613/2969
f 2641/2641/2994 1825/1825/2993 1848/1848/2996
f 2642/2642/2995 2329/2329/2998 2326/2326/2522
f 2643/2643/3000 2642/2642/2995 2644/2644/2992
f 1825/1825/2993 2641/2641/2994 2642/2642/2995
f 2326/2326/2522 1825/1825/2993 2642/2642/2995
f 2642/2642/2995 2641/2641/2994 2644/2644/2992
f 2641/2641/2994 1848/1848/2996 2645/2645/2997
f 2641/2641/2994 2645/2645/2997 2644/2644/2992
f 2329/2329/2998 2646/2646/2999 2330/2330/2523
f 2330/2330/2523 2646/2646/2999 2332/2332/2526
f 2643/2643/3000 2329/2329/2998 2642/2642/2995
f 2646/2646/2999 2329/2329/2998 2643/2643/3000
f 2643/2643/3000 2644/2644/2992 2647/2647/3001
f 2646/2646/2999 2643/2643/3000 2647/2647/3001
f 2644/2644/2992 2648/2648/3010 2647/2647/3001
f 2644/2644/2992 2649/2649/3006 2648/2648/3010
f 2647/2647/3001 2650/2650/3002 2646/2646/2999
f 2651/2651/3017 2650/2650/3002 2652/2652/3003
f 2650/2650/3002 2647/2647/3001 2652/2652/3003
f 2647/2647/3001 2648/2648/3010 2652/2652/3003
f 2653/2653/3004 2652/2652/3003 2648/2648/3010
f 2645/2645/2997 1848/1848/2996 1850/1850/1847
f 1850/1850/1847 2654/2654/3011 2645/2645/2997
f 2645/2645/2997 2654/2654/3011 2644/2644/2992
f 2655/2655/3005 1850/1850/1847 1851/1851/1848
f 1850/1850/1847 2655/2655/3005 2654/2654/3011
f 2649/2649/3006 2656/2656/3007 2648/2648/3010
f 2656/2656/3007 2649/2649/3006 2657/2657/3008
f 2658/2658/3009 2648/2648/3010 2656/2656/3007
f 2658/2658/3009 2656/2656/3007 2657/2657/3008
f 2654/2654/3011 2649/2649/3006 2644/2644/2992
f 2648/2648/3010 2658/2658/3009 2653/2653/3004
f 2655/2655/3005 2659/2659/3042 2654/2654/3011
f 2659/2659/3042 2649/2649/3006 2654/2654/3011
f 2658/2658/3009 2657/2657/3008 2660/2660/3012
f 2660/2660/3012 2657/2657/3008 2661/2661/3041
f 2662/2662/3028 2660/2660/3012 2661/2661/3041
f 2657/2657/3008 2649/2649/3006 2659/2659/3042
f 2351/2351/2724 2150/2150/2318 2094/2094/2317
f 2537/2537/3013 2351/2351/2724 2353/2353/2546
f 2353/2353/2546 2663/2663/3024 2537/2537/3013
f 2360/2360/2554 2357/2357/2550 2664/2664/3016
f 2651/2651/3017 2665/2665/3014 2664/2664/3016
f 2666/2666/3019 2356/2356/2549 2359/2359/2553
f 2359/2359/2553 2358/2358/2551 2360/2360/2554
f 2665/2665/3014 2667/2667/3015 2664/2664/3016
f 2664/2664/3016 2667/2667/3015 2360/2360/2554
f 2668/2668/3018 2652/2652/3003 2653/2653/3004
f 2652/2652/3003 2668/2668/3018 2651/2651/3017
f 2665/2665/3014 2669/2669/3022 2667/2667/3015
f 2668/2668/3018 2665/2665/3014 2651/2651/3017
f 2353/2353/2546 2356/2356/2549 2666/2666/3019
f 2353/2353/2546 2666/2666/3019 2670/2670/3021
f 2671/2671/3020 2666/2666/3019 2359/2359/2553
f 2671/2671/3020 2670/2670/3021 2666/2666/3019
f 2671/2671/3020 2359/2359/2553 2667/2667/3015
f 2359/2359/2553 2360/2360/2554 2667/2667/3015
f 2663/2663/3024 2353/2353/2546 2670/2670/3021
f 2670/2670/3021 2672/2672/3034 2663/2663/3024
f 2670/2670/3021 2671/2671/3020 2672/2672/3034
f 2672/2672/3034 2671/2671/3020 2667/2667/3015
f 2669/2669/3022 2672/2672/3034 2667/2667/3015
f 2673/2673/3023 2537/2537/3013 2663/2663/3024
f 2540/2540/2852 2537/2537/3013 2674/2674/4051
f 2675/2675/3025 2674/2674/4051 2537/2537/3013
f 2673/2673/3023 2675/2675/3025 2537/2537/3013
f 2676/2676/3026 2675/2675/3025 2673/2673/3023
f 2677/2677/3072 2674/2674/4051 2675/2675/3025
f 2676/2676/3026 2677/2677/3072 2675/2675/3025
f 2678/2678/3051 2679/2679/3073 2676/2676/3026
f 2676/2676/3026 2679/2679/3073 2677/2677/3072
f 2680/2680/3027 2653/2653/3004 2658/2658/3009
f 2680/2680/3027 2658/2658/3009 2660/2660/3012
f 2680/2680/3027 2660/2660/3012 2662/2662/3028
f 2668/2668/3018 2680/2680/3027 2681/2681/3033
f 2680/2680/3027 2668/2668/3018 2653/2653/3004
f 2668/2668/3018 2681/2681/3033 2665/2665/3014
f 2681/2681/3033 2680/2680/3027 2662/2662/3028
f 2662/2662/3028 2661/2661/3041 2682/2682/3029
f 2661/2661/3041 2683/2683/3030 2682/2682/3029
f 2662/2662/3028 2682/2682/3029 2684/2684/3031
f 2662/2662/3028 2684/2684/3031 2681/2681/3033
f 2685/2685/3032 2681/2681/3033 2684/2684/3031
f 2672/2672/3034 2686/2686/3035 2687/2687/3038
f 2663/2663/3024 2672/2672/3034 2673/2673/3023
f 2673/2673/3023 2672/2672/3034 2676/2676/3026
f 2676/2676/3026 2672/2672/3034 2687/2687/3038
f 2669/2669/3022 2665/2665/3014 2681/2681/3033
f 2669/2669/3022 2686/2686/3035 2672/2672/3034
f 2669/2669/3022 2681/2681/3033 2688/2688/3036
f 2688/2688/3036 2689/2689/3039 2686/2686/3035
f 2685/2685/3032 2689/2689/3039 2688/2688/3036
f 2690/2690/3037 2676/2676/3026 2687/2687/3038
f 2686/2686/3035 2689/2689/3039 2690/2690/3037
f 2687/2687/3038 2686/2686/3035 2690/2690/3037
f 2685/2685/3032 2688/2688/3036 2681/2681/3033
f 2688/2688/3036 2686/2686/3035 2669/2669/3022
f 2332/2332/2526 2646/2646/2999 2650/2650/3002
f 2650/2650/3002 2363/2363/2558 2332/2332/2526
f 2363/2363/2558 2650/2650/3002 2651/2651/3017
f 2357/2357/2550 2363/2363/2558 2664/2664/3016
f 2363/2363/2558 2651/2651/3017 2664/2664/3016
f 2691/2691/3040 2655/2655/3005 1851/1851/1848
f 2692/2692/3048 2655/2655/3005 2691/2691/3040
f 2661/2661/3041 2657/2657/3008 2659/2659/3042
f 2693/2693/3053 2661/2661/3041 2659/2659/3042
f 2693/2693/3053 2659/2659/3042 2694/2694/3054
f 2692/2692/3048 2659/2659/3042 2655/2655/3005
f 2694/2694/3054 2659/2659/3042 2692/2692/3048
f 1851/1851/1848 1853/1853/3043 2691/2691/3040
f 2691/2691/3040 2695/2695/3062 2692/2692/3048
f 1853/1853/3043 2696/2696/3692 2697/2697/3044
f 2698/2698/3852 1853/1853/3043 2697/2697/3044
f 2698/2698/3852 2691/2691/3040 1853/1853/3043
f 2698/2698/3852 2695/2695/3062 2691/2691/3040
f 2692/2692/3048 2699/2699/3045 2694/2694/3054
f 2699/2699/3045 2700/2700/3046 2701/2701/3047
f 2700/2700/3046 2699/2699/3045 2692/2692/3048
f 2699/2699/3045 2702/2702/3049 2694/2694/3054
f 2702/2702/3049 2699/2699/3045 2701/2701/3047
f 2690/2690/3037 2678/2678/3051 2676/2676/3026
f 2690/2690/3037 2703/2703/3050 2678/2678/3051
f 2703/2703/3050 2704/2704/3052 2678/2678/3051
f 2705/2705/3057 2703/2703/3050 2689/2689/3039
f 2705/2705/3057 2704/2704/3052 2703/2703/3050
f 2683/2683/3030 2661/2661/3041 2693/2693/3053
f 2684/2684/3031 2682/2682/3029 2683/2683/3030
f 2683/2683/3030 2693/2693/3053 2706/2706/3056
f 2684/2684/3031 2683/2683/3030 2706/2706/3056
f 2685/2685/3032 2684/2684/3031 2706/2706/3056
f 2706/2706/3056 2693/2693/3053 2694/2694/3054
f 2706/2706/3056 2694/2694/3054 2702/2702/3049
f 2707/2707/3055 2685/2685/3032 2706/2706/3056
f 2707/2707/3055 2706/2706/3056 2702/2702/3049
f 2690/2690/3037 2689/2689/3039 2703/2703/3050
f 2685/2685/3032 2705/2705/3057 2689/2689/3039
f 2685/2685/3032 2707/2707/3055 2705/2705/3057
f 2695/2695/3062 2708/2708/3058 2692/2692/3048
f 2700/2700/3046 2709/2709/3059 2701/2701/3047
f 2692/2692/3048 2709/2709/3059 2700/2700/3046
f 2709/2709/3059 2692/2692/3048 2708/2708/3058
f 2702/2702/3049 2701/2701/3047 2710/2710/3060
f 2707/2707/3055 2702/2702/3049 2710/2710/3060
f 2710/2710/3060 2701/2701/3047 2709/2709/3059
f 2709/2709/3059 2711/2711/3061 2710/2710/3060
f 2695/2695/3062 2698/2698/3852 2712/2712/3700
f 2713/2713/3063 2712/2712/3700 2714/2714/3064
f 2714/2714/3064 2715/2715/3065 2713/2713/3063
f 2714/2714/3064 2716/2716/3855 2715/2715/3065
f 2708/2708/3058 2713/2713/3063 2709/2709/3059
f 2712/2712/3700 2708/2708/3058 2695/2695/3062
f 2713/2713/3063 2708/2708/3058 2712/2712/3700
f 2709/2709/3059 2713/2713/3063 2711/2711/3061
f 2711/2711/3061 2713/2713/3063 2715/2715/3065
f 2707/2707/3055 2717/2717/3068 2705/2705/3057
f 2710/2710/3060 2711/2711/3061 2707/2707/3055
f 2707/2707/3055 2711/2711/3061 2718/2718/3067
f 2717/2717/3068 2719/2719/3066 2705/2705/3057
f 2719/2719/3066 2720/2720/3075 2705/2705/3057
f 2717/2717/3068 2721/2721/3857 2719/2719/3066
f 2707/2707/3055 2718/2718/3067 2717/2717/3068
f 2715/2715/3065 2718/2718/3067 2711/2711/3061
f 2715/2715/3065 2716/2716/3855 2718/2718/3067
f 2718/2718/3067 2722/2722/3069 2717/2717/3068
f 2375/2375/2571 2395/2395/2596 2615/2615/3070
f 2397/2397/2598 2375/2375/2571 2615/2615/3070
f 2210/2210/2613 2723/2723/3071 2610/2610/3861
f 2407/2407/2612 2723/2723/3071 2210/2210/2613
f 2406/2406/2611 2723/2723/3071 2407/2407/2612
f 2724/2724/3870 2409/2409/2615 2403/2403/2608
f 2406/2406/2611 2409/2409/2615 2724/2724/3870
f 2725/2725/3867 2406/2406/2611 2724/2724/3870
f 2723/2723/3071 2406/2406/2611 2725/2725/3867
f 2678/2678/3051 2704/2704/3052 2679/2679/3073
f 2631/2631/4050 2677/2677/3072 2679/2679/3073
f 2679/2679/3073 2632/2632/2986 2631/2631/4050
f 2632/2632/2986 2679/2679/3073 2726/2726/3074
f 2704/2704/3052 2726/2726/3074 2679/2679/3073
f 2726/2726/3074 2704/2704/3052 2720/2720/3075
f 2704/2704/3052 2705/2705/3057 2720/2720/3075
f 2721/2721/3857 2727/2727/3076 2720/2720/3075
f 2720/2720/3075 2632/2632/2986 2726/2726/3074
f 2632/2632/2986 2720/2720/3075 2727/2727/3076
f 2720/2720/3075 2719/2719/3066 2721/2721/3857
f 2721/2721/3857 2638/2638/3077 2727/2727/3076
f 2632/2632/2986 2727/2727/3076 2638/2638/3077
f 2636/2636/2987 2632/2632/2986 2638/2638/3077
f 1052/1052/1024 2728/2728/3078 951/951/906
f 1669/1669/3238 2728/2728/3078 1052/1052/1024
f 2728/2728/3078 1669/1669/3238 951/951/906
f 1669/1669/3238 1217/1217/3095 951/951/906
f 1215/1215/3098 1214/1214/1190 2729/2729/3096
f 1224/1224/1199 1222/4840/1198 2730/2730/3081
f 1224/1224/1199 2731/2731/3080 1307/1307/1299
f 1224/1224/1199 2732/2732/3079 2731/2731/3080
f 2733/2733/3324 2731/2731/3080 2734/2734/3086
f 2734/2734/3086 2735/2735/3083 2733/2733/3324
f 2730/2730/3081 1222/4840/1198 1223/4841/1201
f 2730/2730/3081 2732/2732/3079 1224/1224/1199
f 2732/2732/3079 2736/2736/3082 2731/2731/3080
f 2734/2734/3086 2731/2731/3080 2736/2736/3082
f 2734/2734/3086 2737/2737/3085 2735/2735/3083
f 2738/2738/3093 2734/2734/3086 2736/2736/3082
f 2739/2739/3084 2737/2737/3085 2734/2734/3086
f 2739/2739/3084 2734/2734/3086 2738/2738/3093
f 2740/2740/3088 2739/2739/3084 2738/2738/3093
f 2741/2741/3348 2737/2737/3085 2739/2739/3084
f 2742/2742/3087 2741/2741/3348 2739/2739/3084
f 2742/2742/3087 2739/2739/3084 2740/2740/3088
f 2741/2741/3348 2742/2742/3087 2743/2743/3089
f 2742/2742/3087 2740/2740/3088 2743/2743/3089
f 2730/2730/3081 2744/2744/3177 2732/2732/3079
f 2732/2732/3079 2745/2745/3090 2736/2736/3082
f 2743/2743/3089 2740/2740/3088 2738/2738/3093
f 2746/2746/3091 2743/2743/3089 2747/2747/3092
f 2743/2743/3089 2738/2738/3093 2747/2747/3092
f 2748/2748/3162 2746/2746/3091 2747/2747/3092
f 2736/2736/3082 2749/2749/3094 2738/2738/3093
f 2738/2738/3093 2749/2749/3094 2747/2747/3092
f 1214/1214/1190 1217/1217/3095 2729/2729/3096
f 2750/2750/3100 1215/1215/3098 2729/2729/3096
f 1217/1217/3095 2750/2750/3100 2729/2729/3096
f 2751/2751/3097 1223/1223/1201 1215/1215/3098
f 1215/1215/3098 2750/2750/3100 2751/2751/3097
f 2752/2752/3099 2751/2751/3097 2750/2750/3100
f 2753/2753/3170 2744/2744/3177 2730/2730/3081
f 2752/2752/3099 2750/2750/3100 1217/1217/3095
f 2754/2754/3101 2755/2755/3380 2756/2756/3189
f 2757/2757/3102 2754/2754/3101 2756/2756/3189
f 2757/2757/3102 2758/2758/3377 2754/2754/3101
f 2757/2757/3102 2759/2759/3103 2760/2760/3104
f 2761/2761/3105 2757/2757/3102 2760/2760/3104
f 2761/2761/3105 2760/2760/3104 2762/2762/3106
f 2763/2763/3112 1670/1670/1671 1673/1673/3107
f 1622/1622/3108 1670/1670/1671 2763/2763/3112
f 1622/1622/3108 2763/2763/3112 2764/2764/3109
f 2764/2764/3109 1623/1623/3111 1622/1622/3108
f 2764/2764/3109 1682/1682/3110 1623/1623/3111
f 2763/2763/3112 1673/1673/3107 2765/2765/3116
f 2763/2763/3112 2765/2765/3113 2766/2766/3114
f 2767/2767/3117 2763/2763/3112 2766/2766/3114
f 2768/2768/3115 2765/2765/3116 1673/1673/3107
f 2764/2764/3109 2763/2763/3112 2767/2767/3117
f 2767/2767/3117 1682/1682/3110 2764/2764/3109
f 1673/4886/3107 1680/1680/1685 2769/2769/3118
f 2768/5164/3115 1673/4886/3107 2769/2769/3118
f 2767/2767/3117 2770/2770/3119 1682/1682/3110
f 2765/2765/3116 2768/2768/3115 2771/2771/3120
f 2771/2771/3121 2772/2772/3122 2765/2765/3113
f 2765/2765/3113 2772/2772/3122 2773/2773/3124
f 2765/2765/3113 2773/2773/3124 2766/2766/3114
f 2766/2766/3114 2773/2773/3124 2774/2774/3123
f 2767/2767/3117 2766/2766/3114 2774/2774/3123
f 2775/2775/3137 2774/2774/3123 2773/2773/3124
f 2770/2770/3119 2767/2767/3117 2774/2774/3123
f 2776/2776/3128 2770/2770/3119 2774/2774/3123
f 2777/2777/3125 2769/2769/3118 2778/2778/3126
f 2776/2776/3128 2774/2774/3123 2775/2775/3137
f 2778/2778/3127 2776/2776/3128 2777/2777/3129
f 2777/2777/3129 2776/2776/3128 2775/2775/3137
f 2779/2779/3152 2769/2769/3118 2777/2777/3125
f 2775/2775/3137 2779/2779/3130 2777/2777/3129
f 2780/2780/3131 2781/2781/3175 2782/2782/3132
f 2781/2781/3175 2783/2783/3179 2782/2782/3132
f 2784/2784/3139 2771/2771/3120 2768/2768/3115
f 2771/2771/3120 2784/2784/3139 2785/2785/3140
f 2772/2772/3122 2771/2771/3121 2786/2786/3135
f 2772/2772/3122 2786/2786/3135 2775/2775/3137
f 2786/2786/3135 2771/2771/3121 2785/2785/3142
f 2772/2772/3122 2775/2775/3137 2773/2773/3124
f 2787/2787/3184 2788/2788/3133 2789/2789/3134
f 2788/2788/3133 2790/2790/3237 2789/2789/3134
f 2787/2787/3184 2789/2789/3134 2791/2791/3260
f 2787/2787/3184 2791/2791/3260 2792/2792/3156
f 2769/2769/3118 2784/5170/3139 2768/5164/3115
f 2775/2775/3137 2786/2786/3135 2793/2793/3141
f 2793/2793/3141 2794/2794/3138 2775/2775/3137
f 2795/2795/3136 2779/2779/3130 2775/2775/3137
f 2795/2795/3136 2775/2775/3137 2794/2794/3138
f 2784/2784/3139 2780/2780/3131 2782/2782/3132
f 2785/2785/3140 2784/2784/3139 2782/2782/3132
f 2780/5166/3131 2784/5170/3139 2796/2796/3146
f 2793/2793/3141 2786/2786/3135 2785/2785/3142
f 2793/2793/3141 2785/2785/3142 2797/2797/3143
f 2785/2785/3140 2782/2782/3132 2797/2797/3143
f 2797/2797/3143 2798/2798/3144 2793/2793/3141
f 2799/2799/3145 2793/2793/3141 2798/2798/3144
f 2769/2769/3118 2796/2796/3146 2784/5170/3139
f 2796/2796/3146 2769/2769/3118 2779/2779/3152
f 2800/2800/3150 2795/2795/3136 2794/2794/3138
f 2800/2800/3147 2779/2779/3148 2795/2795/3149
f 2801/2801/3153 2800/2800/3150 2794/2794/3138
f 2802/2802/3212 2796/2796/3146 2779/2779/3152
f 2803/2803/3151 2802/2802/3212 2779/2779/3152
f 2794/2794/3138 2793/2793/3141 2799/2799/3145
f 2801/2801/3153 2794/2794/3138 2799/2799/3145
f 2804/2804/3154 2799/2799/3145 2805/2805/3182
f 2800/2800/3150 2803/2803/3151 2779/2779/3152
f 2799/2799/3145 2804/2804/3154 2801/2801/3153
f 2800/2800/3150 2801/2801/3153 2804/2804/3154
f 2806/2806/3185 2792/2792/3156 2807/2807/3155
f 2792/2792/3156 2791/2791/3260 2808/2808/3157
f 2808/2808/3157 2807/2807/3155 2792/2792/3156
f 2809/2809/3187 2807/2807/3155 2810/2810/3160
f 2810/2810/3160 2807/2807/3155 2811/2811/3262
f 2812/2812/3158 2813/2813/3218 2814/2814/3159
f 2814/2814/3159 2810/2810/3160 2812/2812/3158
f 2745/2745/3090 2732/2732/3079 2744/2744/3177
f 2815/2815/3193 2745/2745/3090 2744/2744/3177
f 2736/2736/3082 2745/2745/3090 2749/2749/3094
f 2816/2816/3161 2817/2817/3367 2748/2748/3162
f 2818/2818/3163 2817/2817/3367 2816/2816/3161
f 2819/2819/3164 2816/2816/3161 2748/2748/3162
f 2819/2819/3164 2748/2748/3162 2747/2747/3092
f 2820/2820/3188 2816/2816/3161 2819/2819/3164
f 2816/2816/3161 2821/2821/3166 2818/2818/3163
f 2822/2822/3165 2818/2818/3163 2821/2821/3166
f 2823/2823/3383 2818/2818/3163 2822/2822/3165
f 2824/2824/3384 2823/2823/3383 2822/2822/3191
f 2820/2820/3188 2825/2825/3167 2816/2816/3161
f 2826/2826/3168 2822/2822/3165 2821/2821/3166
f 2826/2826/3168 2816/2816/3161 2825/2825/3167
f 2826/2826/3168 2821/2821/3166 2816/2816/3161
f 2827/2827/3197 2822/2822/3165 2826/2826/3168
f 2751/5163/3097 2828/2828/3169 1223/4841/1201
f 2828/2828/3169 2753/2753/3170 1223/4841/1201
f 2753/2753/3170 2828/2828/3169 2829/2829/3171
f 1223/4841/1201 2753/2753/3170 2730/2730/3081
f 2829/2829/3171 2830/2830/3172 2753/2753/3170
f 2831/2831/3174 2830/2830/3172 2829/2829/3171
f 2751/5163/3097 2829/2829/3171 2828/2828/3169
f 2829/2829/3171 2751/5163/3097 2832/2832/3173
f 2831/2831/3174 2781/5167/3175 2780/5165/3131
f 2831/2831/3174 2829/2829/3171 2781/5167/3175
f 2783/5169/3179 2829/2829/3171 2832/2832/3173
f 2781/5167/3175 2829/2829/3171 2783/5169/3179
f 2833/2833/3176 2780/5165/3131 2796/5171/3146
f 2833/2833/3176 2796/5171/3146 2802/5172/3212
f 2831/2831/3174 2780/5165/3131 2833/2833/3176
f 2753/2753/3170 2830/2830/3172 2744/2744/3177
f 2744/2744/3177 2830/2830/3172 2831/2831/3174
f 2833/2833/3176 2744/2744/3177 2831/2831/3174
f 2790/2790/3237 2752/2752/3099 1217/1217/3095
f 2834/2834/3178 2832/5175/3173 2752/2752/3099
f 2832/5175/3173 2751/2751/3097 2752/2752/3099
f 2752/2752/3099 2790/2790/3237 2834/2834/3178
f 2790/2790/3237 2788/2788/3133 2834/2834/3178
f 2787/2787/3184 2834/2834/3178 2788/2788/3133
f 2797/2797/3143 2782/2782/3132 2783/2783/3179
f 2797/2797/3143 2783/2783/3179 2798/2798/3144
f 2798/2798/3144 2783/2783/3179 2835/2835/3180
f 2832/5175/3173 2835/5176/3180 2783/5168/3179
f 2836/2836/3181 2835/5176/3180 2832/5175/3173
f 2836/2836/3181 2832/5175/3173 2834/2834/3178
f 2805/2805/3182 2798/2798/3144 2835/2835/3180
f 2805/2805/3182 2799/2799/3145 2798/2798/3144
f 2836/2836/3181 2805/5174/3182 2835/5176/3180
f 2837/2837/3186 2804/5173/3154 2805/5174/3182
f 2809/2809/3187 2838/2838/3183 2804/5173/3154
f 2814/2814/3159 2838/2838/3183 2809/2809/3187
f 2787/2787/3184 2836/2836/3181 2834/2834/3178
f 2792/2792/3156 2836/2836/3181 2787/2787/3184
f 2806/2806/3185 2836/2836/3181 2792/2792/3156
f 2836/2836/3181 2837/2837/3186 2805/5174/3182
f 2806/2806/3185 2837/2837/3186 2836/2836/3181
f 2809/2809/3187 2804/5173/3154 2837/2837/3186
f 2806/2806/3185 2809/2809/3187 2837/2837/3186
f 2807/2807/3155 2809/2809/3187 2806/2806/3185
f 2745/2745/3090 2820/2820/3188 2749/2749/3094
f 2745/2745/3090 2815/2815/3193 2820/2820/3188
f 2747/2747/3092 2749/2749/3094 2819/2819/3164
f 2756/2756/3189 2755/2755/3380 2824/2824/3384
f 2839/2839/3196 2757/2757/3102 2756/2756/3189
f 2819/2819/3164 2749/2749/3094 2820/2820/3188
f 2824/2824/3384 2840/2840/3190 2756/2756/3189
f 2840/2840/3190 2824/2824/3384 2822/2822/3191
f 2840/2840/3190 2839/2839/3196 2756/2756/3189
f 2839/2839/3196 2840/2840/3190 2841/2841/3192
f 2757/2757/3102 2839/2839/3196 2759/2759/3103
f 2759/2759/3103 2839/2839/3196 2842/2842/3200
f 2815/2815/3193 2744/2744/3177 2843/2843/3194
f 2815/2815/3193 2825/2825/3167 2820/2820/3188
f 2843/2843/3194 2825/2825/3167 2815/2815/3193
f 2833/2833/3176 2843/2843/3194 2744/2744/3177
f 2844/2844/3209 2843/2843/3194 2833/2833/3176
f 2825/2825/3167 2845/2845/3219 2826/2826/3168
f 2825/2825/3167 2843/2843/3194 2844/2844/3209
f 2845/2845/3219 2825/2825/3167 2844/2844/3209
f 2839/2839/3196 2841/2841/3192 2846/2846/3195
f 2847/2847/3198 2839/2839/3196 2846/2846/3195
f 2822/2822/3191 2841/2841/3192 2840/2840/3190
f 2827/2827/3197 2826/2826/3168 2845/2845/3219
f 2846/2846/3195 2841/2841/3192 2827/2827/3197
f 2841/2841/3192 2822/2822/3191 2827/2827/3197
f 2827/2827/3197 2845/2845/3219 2848/2848/3203
f 2846/2846/3195 2849/2849/3202 2847/2847/3198
f 2848/2848/3203 2849/2849/3202 2846/2846/3195
f 2849/2849/3202 2850/2850/3199 2847/2847/3198
f 2842/2842/3200 2839/2839/3196 2847/2847/3198
f 2847/2847/3198 2850/2850/3199 2842/2842/3200
f 2848/2848/3203 2846/2846/3195 2827/2827/3197
f 2851/2851/3201 2849/2849/3202 2848/2848/3203
f 2850/2850/3199 2849/2849/3202 2852/2852/3204
f 2760/2760/3104 2759/2759/3103 2842/2842/3200
f 2853/2853/3205 2760/2760/3104 2842/2842/3200
f 2854/2854/3208 2853/2853/3205 2855/2855/3206
f 2853/2853/3205 2762/2762/3106 2760/2760/3104
f 2855/2855/3206 2842/2842/3200 2850/2850/3199
f 2853/2853/3205 2842/2842/3200 2855/2855/3206
f 2855/2855/3206 2850/2850/3199 2852/2852/3204
f 2855/2855/3206 2852/2852/3204 2854/2854/3208
f 2849/2849/3202 2851/2851/3201 2852/2852/3204
f 2856/2856/3207 2852/2852/3204 2851/2851/3201
f 2854/2854/3208 2852/2852/3204 2856/2856/3207
f 2854/2854/3208 2856/2856/3207 2857/2857/3267
f 2858/2858/3210 2833/2833/3176 2802/5172/3212
f 2844/2844/3209 2833/2833/3176 2858/2858/3210
f 2859/2859/3211 2858/2858/3210 2802/5172/3212
f 2860/2860/3214 2858/2858/3210 2859/2859/3211
f 2861/2861/3213 2802/2802/3212 2803/2803/3151
f 2859/5179/3211 2802/2802/3212 2861/2861/3213
f 2861/5181/3213 2862/2862/3215 2859/5178/3211
f 2838/5177/3183 2803/2803/3151 2800/2800/3150
f 2861/2861/3213 2803/2803/3151 2838/5177/3183
f 2804/2804/3154 2838/5177/3183 2800/2800/3150
f 2814/2814/3159 2861/5181/3213 2838/2838/3183
f 2814/2814/3159 2813/2813/3218 2861/5181/3213
f 2813/2813/3218 2862/2862/3215 2861/5181/3213
f 2860/5180/3214 2859/5178/3211 2862/2862/3215
f 2809/2809/3187 2810/2810/3160 2814/2814/3159
f 2860/5180/3214 2862/2862/3215 2863/2863/3216
f 2864/2864/3217 2863/2863/3216 2862/2862/3215
f 2864/2864/3217 2862/2862/3215 2813/2813/3218
f 2865/2865/3230 2860/5180/3214 2863/2863/3216
f 2866/2866/3405 2865/2865/3230 2863/2863/3216
f 2867/2867/3222 2844/2844/3209 2858/2858/3210
f 2868/2868/3220 2845/2845/3219 2844/2844/3209
f 2844/2844/3209 2867/2867/3222 2868/2868/3220
f 2868/2868/3220 2869/2869/3221 2845/2845/3219
f 2868/2868/3220 2870/2870/3223 2869/2869/3221
f 2869/2869/3221 2848/2848/3203 2845/2845/3219
f 2858/2858/3210 2860/2860/3214 2867/2867/3222
f 2867/2867/3222 2860/2860/3214 2871/2871/3224
f 2868/2868/3220 2867/2867/3222 2870/2870/3223
f 2867/2867/3222 2871/2871/3224 2870/2870/3223
f 2872/2872/3225 2848/2848/3203 2873/2873/3234
f 2873/2873/3234 2848/2848/3203 2869/2869/3221
f 2851/2851/3201 2848/2848/3203 2872/2872/3225
f 2874/2874/3226 2871/2871/3224 2860/2860/3214
f 2871/2871/3224 2874/2874/3226 2870/2870/3223
f 2874/2874/3226 2875/2875/3227 2870/2870/3223
f 2870/2870/3223 2876/2876/3228 2869/2869/3221
f 2869/2869/3221 2876/2876/3228 2873/2873/3234
f 2873/2873/3234 2876/2876/3228 2877/2877/3229
f 2865/5182/3230 2874/2874/3226 2860/2860/3214
f 2870/2870/3223 2875/2875/3227 2876/2876/3228
f 2876/2876/3228 2875/2875/3227 2877/2877/3229
f 2878/2878/3231 2872/2872/3225 2873/2873/3234
f 2872/2872/3225 2878/2878/3231 2879/2879/3232
f 2851/2851/3201 2872/2872/3225 2879/2879/3232
f 2851/2851/3201 2880/2880/3272 2856/2856/3207
f 2856/2856/3207 2880/2880/3272 2881/2881/3266
f 2851/2851/3201 2879/2879/3232 2880/2880/3272
f 2880/2880/3272 2879/2879/3232 2882/2882/3275
f 2883/2883/3233 2873/2873/3234 2877/2877/3229
f 2878/2878/3231 2873/2873/3234 2883/2883/3233
f 2884/2884/3388 2874/2874/3226 2865/5182/3230
f 2885/2885/3236 2883/2883/3233 2877/2877/3229
f 2875/2875/3227 2885/2885/3236 2877/2877/3229
f 2886/2886/3235 2883/2883/3233 2885/2885/3236
f 2878/2878/3231 2883/2883/3233 2886/2886/3235
f 1621/1621/3261 1669/1669/3238 1668/1668/1668
f 2790/2790/3237 1669/1669/3238 2789/2789/3134
f 1217/1217/3095 1669/1669/3238 2790/2790/3237
f 2887/2887/3673 1255/1255/1238 1256/1256/1251
f 1316/1316/1310 1266/1266/1245 1263/1263/1309
f 1266/1266/1245 1316/1316/1310 2888/2888/3245
f 2889/2889/3246 1266/1266/1245 2888/2888/3245
f 1268/1268/1248 2890/2890/3249 1267/1267/3239
f 2889/2889/3246 2891/2891/3240 1266/1266/1245
f 1265/1265/1246 1266/1266/1245 2891/2891/3240
f 1265/1265/1246 2891/2891/3240 1268/1268/1248
f 2891/2891/3240 2889/2889/3246 2892/2892/3241
f 2761/2761/3105 2893/2893/3243 2758/2758/3377
f 2894/2894/3242 2893/2893/3243 2761/2761/3105
f 2893/2893/3243 2895/2895/3244 2888/2888/3245
f 2889/2889/3246 2888/2888/3245 2895/2895/3244
f 2895/2895/3244 2893/2893/3243 2894/2894/3242
f 2761/2761/3105 2762/2762/3106 2894/2894/3242
f 2894/2894/3242 2762/2762/3106 2896/2896/3264
f 2895/2895/3244 2894/2894/3242 2897/2897/3247
f 2896/2896/3264 2898/2898/3248 2894/2894/3242
f 2897/2897/3247 2894/2894/3242 2898/2898/3248
f 2891/2891/3240 2892/2892/3241 2899/2899/3258
f 2899/2899/3258 2892/2892/3241 2900/2900/3257
f 2892/2892/3241 2889/2889/3246 2895/2895/3244
f 2895/2895/3244 2900/2900/3257 2892/2892/3241
f 2900/2900/3257 2895/2895/3244 2897/2897/3247
f 2900/2900/3257 2898/2898/3248 2901/2901/3291
f 2897/2897/3247 2898/2898/3248 2900/2900/3257
f 1256/1256/1251 1269/1269/1249 2902/2902/3251
f 1269/1269/1249 1267/1267/3239 2890/2890/3249
f 2890/2890/3249 2902/2902/3251 1269/1269/1249
f 2887/2887/3673 1256/1256/1251 2902/2902/3251
f 2890/2890/3249 2903/2903/3250 2902/2902/3251
f 2891/2891/3240 2899/2899/3258 1268/1268/1248
f 2904/2904/3252 2903/2903/3250 2890/2890/3249
f 2890/2890/3249 1268/1268/1248 2904/2904/3252
f 2899/2899/3258 2904/2904/3252 1268/1268/1248
f 2905/2905/3676 2902/2902/3251 2903/2903/3250
f 2906/2906/3254 2905/2905/3676 2903/2903/3250
f 2906/2906/3254 2903/2903/3250 2904/2904/3252
f 2907/2907/3253 2906/2906/3254 2908/2908/3255
f 2909/2909/3256 2908/2908/3255 2904/2904/3252
f 2906/2906/3254 2904/2904/3252 2908/2908/3255
f 2904/2904/3252 2899/2899/3258 2909/2909/3256
f 2910/2910/3259 2900/2900/3257 2901/2901/3291
f 2899/2899/3258 2900/2900/3257 2910/2910/3259
f 1682/1682/3110 1675/1675/1675 1623/1623/3111
f 1681/1681/1683 1682/1682/3110 2770/2770/3119
f 1683/1683/1686 1681/1681/1684 2770/2770/3119
f 1680/1680/1685 1683/1683/1686 2769/2769/3118
f 2778/2778/3126 2769/2769/3118 1683/1683/1686
f 2770/2770/3119 2778/2778/3127 1683/1683/1686
f 2789/2789/3134 1669/1669/3238 1621/1621/3261
f 1651/1651/1679 2808/2808/3157 1621/1621/3261
f 2776/2776/3128 2778/2778/3127 2770/2770/3119
f 2791/2791/3260 2789/2789/3134 1621/1621/3261
f 2791/2791/3260 1621/1621/3261 2808/2808/3157
f 2811/2811/3262 2808/2808/3157 1651/1651/1679
f 2807/2807/3155 2808/2808/3157 2811/2811/3262
f 2911/2911/3265 2912/2912/3263 2913/2913/3268
f 2896/2896/3264 2762/2762/3106 2853/2853/3205
f 2854/2854/3208 2896/2896/3264 2853/2853/3205
f 2896/2896/3264 2854/2854/3208 2913/2913/3268
f 2914/2914/3269 2911/2911/3265 2881/2881/3266
f 2914/2914/3269 2881/2881/3266 2915/2915/3273
f 2913/2913/3268 2854/2854/3208 2857/2857/3267
f 2911/2911/3265 2913/2913/3268 2857/2857/3267
f 2881/2881/3266 2857/2857/3267 2856/2856/3207
f 2911/2911/3265 2857/2857/3267 2881/2881/3266
f 2898/2898/3248 2913/2913/3268 2901/2901/3291
f 2901/2901/3291 2913/2913/3268 2912/2912/3263
f 2912/2912/3263 2916/2916/3284 2901/2901/3291
f 2898/2898/3248 2896/2896/3264 2913/2913/3268
f 2911/2911/3265 2914/2914/3269 2912/2912/3263
f 2912/2912/3263 2914/2914/3269 2917/2917/3270
f 2916/2916/3284 2912/2912/3263 2917/2917/3270
f 2917/2917/3270 2914/2914/3269 2918/2918/3271
f 2915/2915/3273 2919/2919/3274 2920/2920/3280
f 2881/2881/3266 2880/2880/3272 2915/2915/3273
f 2915/2915/3273 2880/2880/3272 2919/2919/3274
f 2880/2880/3272 2882/2882/3275 2919/2919/3274
f 2921/2921/3278 2919/2919/3274 2882/2882/3275
f 2921/2921/3278 2882/2882/3275 2922/2922/3276
f 2923/2923/3282 2878/2878/3231 2924/2924/3277
f 2882/2882/3275 2879/2879/3232 2878/2878/3231
f 2878/2878/3231 2922/2922/3276 2882/2882/3275
f 2923/2923/3282 2922/2922/3276 2878/2878/3231
f 2914/2914/3269 2915/2915/3273 2920/2920/3280
f 2914/2914/3269 2920/2920/3280 2918/2918/3271
f 2920/2920/3280 2919/2919/3274 2921/2921/3278
f 2925/2925/3279 2920/2920/3280 2926/2926/3281
f 2926/2926/3281 2927/2927/3484 2925/2925/3279
f 2926/2926/3281 2921/2921/3278 2922/2922/3276
f 2922/2922/3276 2927/2927/3484 2926/2926/3281
f 2920/2920/3280 2921/2921/3278 2926/2926/3281
f 2922/2922/3276 2923/2923/3282 2927/2927/3484
f 2909/2909/3256 2899/2899/3258 2928/2928/3283
f 2899/2899/3258 2910/2910/3259 2928/2928/3283
f 2916/2916/3284 2929/2929/3285 2928/2928/3283
f 2930/2930/3292 2929/2929/3285 2916/2916/3284
f 2909/2909/3256 2928/2928/3283 2929/2929/3285
f 2929/2929/3285 2930/2930/3292 2931/2931/3286
f 2932/2932/3293 2931/2931/3286 2930/2930/3292
f 2933/2933/3287 2908/2908/3255 2934/2934/3288
f 2934/2934/3288 2908/2908/3255 2909/2909/3256
f 2934/2934/3288 2909/2909/3256 2935/2935/3289
f 2934/2934/3288 2935/2935/3289 2936/2936/3290
f 2929/2929/3285 2935/2935/3289 2909/2909/3256
f 2936/2936/3290 2935/2935/3289 2929/2929/3285
f 2929/2929/3285 2931/2931/3286 2936/2936/3290
f 2901/2901/3291 2928/2928/3283 2910/2910/3259
f 2901/2901/3291 2916/2916/3284 2928/2928/3283
f 2917/2917/3270 2930/2930/3292 2916/2916/3284
f 2930/2930/3292 2917/2917/3270 2918/2918/3271
f 2932/2932/3293 2937/2937/3294 2931/2931/3286
f 2932/2932/3293 2930/2930/3292 2918/2918/3271
f 2920/2920/3280 2932/2932/3293 2918/2918/3271
f 2932/2932/3293 2920/2920/3280 2938/2938/3295
f 2925/2925/3279 2938/2938/3295 2920/2920/3280
f 2939/2939/3485 2938/2938/3295 2925/2925/3279
f 2940/2940/3689 2932/2932/3293 2938/2938/3295
f 2940/2940/3689 2938/2938/3295 2939/2939/3485
f 1546/1546/1534 547/547/1300 2941/2941/3296
f 1306/1306/1297 1307/1307/1299 2942/2942/3302
f 2942/2942/3302 1304/1304/1298 1306/1306/1297
f 550/550/1537 2943/2943/3305 548/548/3297
f 1308/1308/3298 1304/1304/1298 2944/2944/3301
f 1308/1308/3298 2941/2941/3296 547/547/1300
f 1308/1308/3298 2944/2944/3301 2941/2941/3296
f 2945/2945/3307 1547/1547/1535 1546/1546/1534
f 550/550/1537 1548/1548/1536 2946/2946/3300
f 2947/2947/3299 550/550/1537 2946/2946/3300
f 2943/2943/3305 550/550/1537 2947/2947/3299
f 2941/2941/3296 2945/2945/3307 1546/1546/1534
f 2944/2944/3301 1304/1304/1298 2942/2942/3302
f 2948/2948/3303 1307/1307/1299 2731/2731/3080
f 2948/2948/3303 2942/2942/3302 1307/1307/1299
f 2942/2942/3302 2948/2948/3303 2944/2944/3301
f 2949/2949/3304 548/548/3297 2943/2943/3305
f 2950/2950/3314 2941/2941/3296 2944/2944/3301
f 2949/2949/3304 2943/2943/3305 2951/2951/3325
f 1309/1309/1301 548/548/3297 2949/2949/3304
f 1310/1310/1304 1309/1309/1301 2949/2949/3304
f 2952/2952/3310 1550/1550/1539 1547/1547/1535
f 1550/1550/3306 2946/2946/3300 1549/1549/1538
f 2945/2945/3307 2952/2952/3308 1547/1547/1535
f 2946/2946/3300 1548/1548/1536 1549/1549/1538
f 2947/2947/3299 2946/2946/3300 2953/2953/3309
f 2954/2954/3315 1550/1550/1539 2952/2952/3310
f 2946/2946/3300 1550/1550/3306 2954/2954/3315
f 2943/2943/3305 2947/2947/3299 2951/2951/3325
f 2951/2951/3325 2947/2947/3299 2955/2955/3311
f 2956/2956/3312 2952/2952/3308 2945/2945/3307
f 2955/2955/3311 2947/2947/3299 2953/2953/3309
f 2952/2952/3310 2956/2956/3312 2954/2954/3315
f 2953/2953/3309 2946/2946/3300 2957/2957/3319
f 2948/2948/3303 2731/2731/3080 2733/2733/3324
f 2733/2733/3324 2944/2944/3301 2948/2948/3303
f 2944/2944/3301 2733/2733/3324 2950/2950/3314
f 2958/2958/3321 2945/2945/3307 2941/2941/3296
f 2951/2951/3325 2955/2955/3311 2959/2959/3317
f 2950/2950/3314 2958/2958/3321 2941/2941/3296
f 2960/2960/3313 2958/2958/3321 2950/2950/3314
f 2961/2961/3322 2956/2956/3312 2945/2945/3307
f 2954/2954/3315 2956/2956/3312 2962/2962/3316
f 2956/2956/3312 2961/2961/3322 2962/2962/3316
f 2955/2955/3311 2953/2953/3309 2959/2959/3317
f 2963/2963/3318 2946/2946/3300 2954/2954/3315
f 2946/2946/3300 2963/2963/3318 2957/2957/3319
f 2954/2954/3315 2962/2962/3316 2963/2963/3318
f 2953/2953/3309 2957/2957/3319 2959/2959/3317
f 2964/2964/3320 2957/2957/3319 2963/2963/3318
f 2958/2958/3321 2961/2961/3322 2945/2945/3307
f 2958/2958/3321 2965/2965/3323 2961/2961/3322
f 2966/2966/3331 1310/1310/1304 2949/2949/3304
f 1310/1310/1304 2966/2966/3331 1313/1313/3370
f 2967/2967/3329 2950/2950/3314 2733/2733/3324
f 2968/2968/3326 2967/2967/3329 2733/2733/3324
f 2949/2949/3304 2951/2951/3325 2969/2969/3330
f 2733/2733/3324 2735/2735/3083 2970/2970/3328
f 2968/2968/3326 2733/2733/3324 2970/2970/3328
f 2971/2971/3327 2968/2968/3326 2970/2970/3328
f 2970/2970/3328 2735/2735/3083 2737/2737/3085
f 2960/2960/3313 2950/2950/3314 2967/2967/3329
f 2968/2968/3326 2972/2972/3335 2967/2967/3329
f 2972/2972/3335 2960/2960/3313 2967/2967/3329
f 2972/2972/3335 2968/2968/3326 2971/2971/3327
f 2973/2973/3333 2971/2971/3327 2970/2970/3328
f 2973/2973/3333 2970/2970/3328 2737/2737/3085
f 2960/2960/3313 2972/2972/3335 2974/2974/3341
f 2960/2960/3313 2965/2965/3323 2958/2958/3321
f 2960/2960/3313 2974/2974/3341 2965/2965/3323
f 2949/2949/3304 2969/2969/3330 2966/2966/3331
f 2975/2975/3332 2966/2966/3331 2969/2969/3330
f 2971/2971/3327 2976/2976/3334 2972/2972/3335
f 2973/2973/3333 2976/2976/3334 2971/2971/3327
f 2974/2974/3341 2972/2972/3335 2977/2977/3336
f 2977/2977/3336 2972/2972/3335 2976/2976/3334
f 2961/2961/3322 2978/2978/3340 2962/2962/3316
f 2961/2961/3322 2979/2979/3337 2978/2978/3340
f 2963/2963/3318 2962/2962/3316 2978/2978/3340
f 2959/2959/3317 2957/2957/3319 2964/2964/3338
f 2959/2959/3317 2964/2964/3338 2980/2980/3339
f 2963/2963/3318 2980/2980/3339 2964/2964/3320
f 2980/2980/3339 2963/2963/3318 2978/2978/3340
f 2961/2961/3322 2965/2965/3323 2974/2974/3341
f 2961/2961/3322 2974/2974/3341 2981/2981/3343
f 2981/2981/3343 2979/2979/3337 2961/2961/3322
f 2982/2982/3342 2951/2951/3325 2959/2959/3317
f 2982/2982/3342 2959/2959/3317 2983/2983/3356
f 2977/2977/3336 2981/2981/3343 2974/2974/3341
f 2969/2969/3330 2951/2951/3325 2982/2982/3342
f 2984/2984/3358 2978/2978/3340 2979/2979/3337
f 2984/2984/3358 2980/2980/3339 2978/2978/3340
f 2985/2985/3344 2980/2980/3339 2984/2984/3358
f 2983/2983/3356 2959/2959/3317 2980/2980/3339
f 2986/2986/3345 2984/2984/3358 2979/2979/3337
f 2986/2986/3345 2987/2987/3346 2984/2984/3358
f 2983/2983/3356 2980/2980/3339 2985/2985/3344
f 2986/2986/3345 2979/2979/3337 2981/2981/3343
f 2988/2988/3347 2986/2986/3345 2981/2981/3343
f 2988/2988/3347 2987/2987/3346 2986/2986/3345
f 2737/2737/3085 2741/2741/3348 2973/2973/3333
f 2976/2976/3334 2973/2973/3333 2741/2741/3348
f 2989/2989/3349 2981/2981/3343 2977/2977/3336
f 2741/2741/3348 2990/2990/3350 2976/2976/3334
f 2977/2977/3336 2976/2976/3334 2990/2990/3350
f 2989/2989/3349 2977/2977/3336 2990/2990/3350
f 2969/2969/3330 2982/2982/3342 2991/2991/3351
f 2989/2989/3349 2992/2992/3352 2981/2981/3343
f 2993/2993/3353 2988/2988/3347 2992/2992/3352
f 2988/2988/3347 2993/2993/3353 2994/2994/3354
f 2995/2995/3355 2989/2989/3349 2990/2990/3350
f 2995/2995/3355 2741/2741/3348 2743/2743/3089
f 2995/2995/3355 2990/2990/3350 2741/2741/3348
f 2746/2746/3091 2995/2995/3355 2743/2743/3089
f 2989/2989/3349 2993/2993/3353 2992/2992/3352
f 2989/2989/3349 2995/2995/3355 2993/2993/3353
f 2992/2992/3352 2988/2988/3347 2981/2981/3343
f 2983/2983/3356 2996/2996/3363 2982/2982/3342
f 2991/2991/3351 2982/2982/3342 2996/2996/3363
f 2997/2997/3366 2991/2991/3351 2996/2996/3363
f 2987/2987/3346 2998/2998/3357 2984/2984/3358
f 2984/2984/3358 2998/2998/3357 2985/2985/3344
f 2983/2983/3356 2985/2985/3344 2999/2999/3360
f 3000/3000/3364 2983/2983/3356 2999/2999/3360
f 3001/3001/3359 2998/2998/3357 2987/2987/3346
f 2985/2985/3344 2998/2998/3357 3002/3002/3382
f 3001/3001/3359 2987/2987/3346 2988/2988/3347
f 3002/3002/3382 2999/2999/3360 2985/2985/3344
f 3001/3001/3359 3002/3002/3382 2998/2998/3357
f 2999/2999/3360 3002/3002/3382 3003/3003/3361
f 3004/3004/3362 2988/2988/3347 2994/2994/3354
f 2994/2994/3354 2995/2995/3355 2746/2746/3091
f 2995/2995/3355 2994/2994/3354 2993/2993/3353
f 2748/2748/3162 2994/2994/3354 2746/2746/3091
f 2996/2996/3363 2983/2983/3356 3000/3000/3364
f 2988/2988/3347 3004/3004/3362 3001/3001/3359
f 2997/2997/3366 2996/2996/3363 3005/3005/3368
f 3005/3005/3368 2996/2996/3363 3000/3000/3364
f 3006/3006/3381 3007/3007/3365 3005/3005/3368
f 3005/3005/3368 3007/3007/3365 2997/2997/3366
f 2748/2748/3162 2817/2817/3367 3004/3004/3362
f 3004/3004/3362 2817/2817/3367 3001/3001/3359
f 3002/3002/3382 3001/3001/3359 2817/2817/3367
f 2748/2748/3162 3004/3004/3362 2994/2994/3354
f 3000/3000/3364 2999/2999/3360 3003/3003/3361
f 3000/3000/3364 3003/3003/3361 3005/3005/3368
f 3003/3003/3361 3008/3008/3369 3005/3005/3368
f 3005/3005/3368 3008/3008/3369 3006/3006/3381
f 1314/1314/3373 1313/1313/3370 3009/3009/3371
f 2966/2966/3331 2975/2975/3332 1313/1313/3370
f 3009/3009/3371 1313/1313/3370 2975/2975/3332
f 2969/2969/3330 2991/2991/3351 2975/2975/3332
f 3009/3009/3371 2975/2975/3332 3010/3010/3376
f 3009/3009/3371 3010/3010/3376 3011/3011/3372
f 3009/3009/3371 3011/3011/3372 1314/1314/3373
f 1316/1316/1310 1314/1314/3373 3011/3011/3372
f 3012/3012/3374 3011/3011/3372 3010/3010/3376
f 3012/3012/3374 3010/3010/3376 3013/3013/3375
f 2991/2991/3351 2997/2997/3366 3014/3014/3378
f 2991/2991/3351 3014/3014/3378 2975/2975/3332
f 3010/3010/3376 2975/2975/3332 3014/3014/3378
f 2758/2758/3377 3014/3014/3378 3015/3015/3379
f 2997/2997/3366 3007/3007/3365 3015/3015/3379
f 3007/3007/3365 2754/2754/3101 2758/2758/3377
f 3015/3015/3379 3007/3007/3365 2758/2758/3377
f 3015/3015/3379 3014/3014/3378 2997/2997/3366
f 3007/3007/3365 3006/3006/3381 2754/2754/3101
f 2755/2755/3380 2754/2754/3101 3006/3006/3381
f 3010/3010/3376 3014/3014/3378 3013/3013/3375
f 3013/3013/3375 3014/3014/3378 2758/2758/3377
f 2757/2757/3102 2761/2761/3105 2758/2758/3377
f 2758/2758/3377 2893/2893/3243 3013/3013/3375
f 3003/3003/3361 3002/3002/3382 2818/2818/3163
f 2818/2818/3163 3002/3002/3382 2817/2817/3367
f 2818/2818/3163 2823/2823/3383 3003/3003/3361
f 2824/2824/3384 3006/3006/3381 3008/3008/3369
f 3008/3008/3369 3003/3003/3361 2823/2823/3383
f 2824/2824/3384 3008/3008/3369 2823/2823/3383
f 2824/2824/3384 2755/2755/3380 3006/3006/3381
f 3011/3011/3372 2888/2888/3245 1316/1316/1310
f 3011/3011/3372 3012/3012/3374 2888/2888/3245
f 3012/3012/3374 2893/2893/3243 2888/2888/3245
f 3012/3012/3374 3013/3013/3375 2893/2893/3243
f 2866/2866/3405 3016/3016/3385 3017/3017/3389
f 2875/2875/3227 2874/2874/3226 2884/2884/3388
f 2866/2866/3405 2884/5183/3388 2865/2865/3230
f 3018/3018/3392 2875/2875/3227 2884/2884/3388
f 2875/2875/3227 3018/3018/3392 2885/2885/3236
f 2886/2886/3235 2885/2885/3236 3019/3019/3386
f 2866/2866/3405 3017/3017/3389 2884/5183/3388
f 3020/3020/3387 2884/5183/3388 3017/3017/3389
f 3021/3021/3393 2884/5183/3388 3020/3020/3387
f 3022/3022/3395 2885/2885/3236 3018/3018/3392
f 2884/2884/3388 3021/5184/3393 3018/3018/3392
f 3023/3023/3390 2886/2886/3235 3019/3019/3386
f 3019/3019/3386 2885/2885/3236 3022/3022/3395
f 3024/3024/3391 3018/3018/3392 3021/5184/3393
f 3024/5185/3391 3021/3021/3393 3020/3020/3387
f 3016/3016/3385 3020/3020/3387 3017/3017/3389
f 3024/3024/3391 3025/3025/3394 3018/3018/3392
f 3018/3018/3392 3025/3025/3394 3022/3022/3395
f 3026/3026/3396 3023/3023/3390 3019/3019/3386
f 3027/3027/3397 2812/2812/3158 2810/2810/3160
f 2810/2810/3160 2811/2811/3262 3027/3027/3397
f 2812/2812/3158 3028/3028/3398 2813/2813/3218
f 3028/3028/3398 2864/2864/3217 2813/2813/3218
f 2811/2811/3262 1651/1651/1679 3027/3027/3397
f 3020/3020/3387 3016/3016/3385 3029/3029/3399
f 3030/3030/3401 3020/3020/3387 3029/3029/3399
f 2886/2886/3235 3031/3031/3400 2878/2878/3231
f 3031/3031/3400 2886/2886/3235 3023/3023/3390
f 2924/2924/3277 2878/2878/3231 3031/3031/3400
f 3020/3020/3387 3030/3030/3401 3024/5185/3391
f 3032/3032/3402 3024/3024/3391 3030/5186/3401
f 3032/3032/3402 3025/3025/3394 3024/3024/3391
f 3032/3032/3402 3033/3033/3467 3025/3025/3394
f 3025/3025/3394 3033/3033/3467 3022/3022/3395
f 3034/3034/3470 3032/3032/3402 3030/5186/3401
f 3026/3026/3396 3019/3019/3386 3035/3035/3468
f 3035/3035/3468 3036/3036/3403 3026/3026/3396
f 3023/3023/3390 3026/3026/3396 3036/3036/3403
f 3037/3037/3476 3031/3031/3400 3023/3023/3390
f 2923/2923/3282 2924/2924/3277 2927/2927/3484
f 2927/2927/3484 2924/2924/3277 3038/3038/3487
f 3039/3039/3480 2924/2924/3277 3031/3031/3400
f 3039/3039/3480 3031/3031/3400 3037/3037/3476
f 3037/3037/3476 3023/3023/3390 3036/3036/3403
f 3029/3029/3399 3016/3016/3385 3040/3040/3414
f 3030/3030/3401 3029/3029/3399 3041/3041/3404
f 3029/3029/3399 3040/3040/3414 3041/3041/3404
f 3042/3042/3408 3041/3041/3404 3040/3040/3414
f 3016/3016/3385 2866/2866/3405 3043/3043/3406
f 2863/2863/3216 3043/3043/3406 2866/2866/3405
f 3044/3044/3407 3041/3041/3404 3042/3042/3408
f 3041/5187/3404 3044/5188/3407 3045/3045/3416
f 3046/3046/3409 3041/5187/3404 3045/3045/3416
f 3047/3047/3466 3046/3046/3409 3045/3045/3416
f 3048/3048/3415 3049/3049/3411 3050/3050/3413
f 3051/3051/3412 3049/3049/3411 3048/3048/3415
f 3052/3052/3410 3049/3049/3411 3051/3051/3412
f 3044/3044/3407 3042/3042/3408 3050/3050/3413
f 3042/3042/3408 3040/3040/3414 3048/3048/3415
f 3042/3042/3408 3048/3048/3415 3050/3050/3413
f 3053/3053/3450 3044/3044/3407 3050/3050/3413
f 3053/5189/3450 3045/3045/3416 3044/5188/3407
f 3043/3043/3406 3040/3040/3414 3016/3016/3385
f 3054/3054/3417 3048/3048/3415 3055/3055/3419
f 3051/3051/3412 3048/3048/3415 3054/3054/3417
f 3054/3054/3417 3055/3055/3419 3056/3056/3418
f 3048/3048/3415 3040/3040/3414 3055/3055/3419
f 3057/3057/3589 3055/3055/3419 3040/3040/3414
f 3058/3058/3420 3059/3059/3421 3060/3060/3422
f 3061/3061/3423 3059/3059/3424 3058/3058/3425
f 3060/5192/3426 3059/5191/3427 3062/3062/3428
f 3061/5193/3429 3062/3062/3428 3059/5191/3427
f 3063/3063/3460 3058/3058/3420 3060/3060/3422
f 3062/3062/3430 3061/5193/3431 3058/5190/3432
f 3063/3063/3460 3064/3064/3433 3058/3058/3420
f 3058/5190/3434 3064/5195/3435 3062/3062/3436
f 3065/3065/3437 3062/3062/3446 3064/5195/3438
f 3049/3049/3411 3053/3053/3450 3050/3050/3413
f 3066/3066/3443 3067/3067/3439 3052/3052/3410
f 3051/3051/3412 3056/3056/3418 3052/3052/3410
f 3053/3053/3450 3049/3049/3411 3052/3052/3410
f 3068/3068/3440 3053/3053/3450 3052/3052/3410
f 3069/3069/3448 3068/5199/3440 3070/3070/3447
f 3070/3070/3447 3068/5199/3440 3067/5197/3441
f 3067/3067/3441 3068/3068/3440 3052/3052/3410
f 3060/3060/3422 3071/3071/3442 3066/3066/3443
f 3066/3066/3443 3071/3071/3442 3067/3067/3439
f 3063/3063/3460 3060/3060/3422 3066/3066/3443
f 3060/3060/3444 3062/5194/3446 3071/3071/3445
f 3062/3062/3446 3070/3070/3447 3071/5200/3445
f 3070/3070/3447 3067/5197/3441 3071/5200/3445
f 3066/3066/3443 3052/3052/3410 3056/3056/3418
f 3072/3072/3463 3068/5199/3440 3069/3069/3448
f 3062/3062/3446 3069/3069/3448 3070/3070/3447
f 3073/3073/3449 3045/3045/3416 3053/5189/3450
f 3068/5198/3440 3073/3073/3449 3053/5189/3450
f 3047/3047/3466 3045/3045/3416 3073/3073/3449
f 3074/3074/3453 3064/3064/3433 3063/3063/3460
f 3075/3075/3451 3064/3064/3433 3074/3074/3453
f 3075/3075/3452 3065/5196/3437 3064/3064/3438
f 3076/3076/3456 3075/3075/3451 3074/3074/3453
f 3076/3076/3456 3065/3065/3437 3075/3075/3452
f 3077/3077/3454 3065/3065/3437 3076/3076/3456
f 3065/3065/3437 3078/3078/3493 3062/3062/3446
f 3079/3079/3455 3076/3076/3456 3074/3074/3453
f 3077/3077/3454 3078/3078/3493 3065/3065/3437
f 3079/3079/3455 3077/3077/3454 3076/3076/3456
f 3080/3080/3458 3069/3069/3448 3062/3062/3446
f 3081/3081/3457 3072/3072/3463 3069/3069/3448
f 3078/3078/3493 3080/3080/3458 3062/3062/3446
f 3069/3069/3448 3080/3080/3458 3081/3081/3457
f 3082/3082/3459 3083/3083/3461 3066/3066/3443
f 3084/3084/3489 3063/3063/3460 3083/3083/3461
f 3083/3083/3461 3063/3063/3460 3066/3066/3443
f 3054/3054/3417 3056/3056/3418 3051/3051/3412
f 3068/5198/3440 3072/5201/3463 3073/3073/3449
f 3082/3082/3459 3066/3066/3443 3056/3056/3418
f 3056/3056/3418 3055/3055/3419 3057/3057/3589
f 3056/3056/3418 3057/3057/3589 3082/3082/3459
f 3081/3081/3457 3085/3085/3462 3072/3072/3463
f 3085/3085/3462 3081/3081/3457 3080/3080/3458
f 3086/3086/3464 3085/3085/3462 3080/3080/3458
f 3072/5201/3463 3087/3087/3465 3073/3073/3449
f 3047/3047/3466 3073/3073/3449 3087/3087/3465
f 3087/3087/3465 3072/5201/3463 3085/5202/3462
f 3033/3033/3467 3032/3032/3402 3034/3034/3470
f 3034/3034/3470 3088/3088/3471 3033/3033/3467
f 3089/3089/3469 3019/3019/3386 3022/3022/3395
f 3035/3035/3468 3019/3019/3386 3089/3089/3469
f 3033/3033/3467 3089/3089/3469 3022/3022/3395
f 3088/3088/3471 3089/3089/3469 3033/3033/3467
f 3030/5186/3401 3041/5187/3404 3046/3046/3409
f 3030/5186/3401 3046/3046/3409 3034/3034/3470
f 3088/3088/3471 3034/3034/3470 3090/3090/3478
f 3047/3047/3466 3034/3034/3470 3046/3046/3409
f 3034/3034/3470 3047/3047/3466 3090/3090/3478
f 3090/3090/3478 3091/3091/3482 3088/3088/3471
f 3036/3036/3403 3035/3035/3468 3092/3092/3473
f 3093/3093/3477 3036/3036/3403 3092/3092/3473
f 3094/3094/3472 3088/3088/3471 3091/3091/3482
f 3035/3035/3468 3089/3089/3469 3095/3095/3474
f 3092/3092/3473 3035/3035/3468 3095/3095/3474
f 3088/3088/3471 3094/3094/3472 3089/3089/3469
f 3093/3093/3477 3092/3092/3473 3096/3096/3475
f 3096/3096/3475 3092/3092/3473 3095/3095/3474
f 3097/3097/3545 3098/3098/3546 3091/3091/3482
f 3095/3095/3474 3089/3089/3469 3094/3094/3472
f 3091/3091/3482 3098/3098/3546 3094/3094/3472
f 3098/3098/3546 3095/3095/3474 3094/3094/3472
f 3037/3037/3476 3036/3036/3403 3093/3093/3477
f 3090/3090/3478 3047/3047/3466 3099/3099/3479
f 3039/3039/3480 3037/3037/3476 3093/3093/3477
f 3100/3100/3481 3093/3093/3477 3096/3096/3475
f 3093/3093/3477 3100/3100/3481 3039/3039/3480
f 3090/3090/3478 3099/3099/3479 3091/3091/3482
f 3099/3099/3479 3101/3101/3483 3091/3091/3482
f 3102/3102/3506 3096/3096/3475 3103/3103/3547
f 3097/3097/3545 3091/3091/3482 3101/3101/3483
f 3096/3096/3475 3095/3095/3474 3103/3103/3547
f 3102/3102/3506 3100/3100/3481 3096/3096/3475
f 3039/3039/3480 3038/3038/3487 2924/2924/3277
f 2927/2927/3484 3104/3104/3486 2925/2925/3279
f 2939/2939/3485 2925/2925/3279 3104/3104/3486
f 3104/3104/3486 2927/2927/3484 3038/3038/3487
f 2939/2939/3485 3104/3104/3486 3105/3105/3488
f 2940/2940/3689 2939/2939/3485 3105/3105/3488
f 3079/3079/3455 3074/3074/3453 3084/3084/3489
f 3063/3063/3460 3084/3084/3489 3074/3074/3453
f 3084/3084/3489 3106/3106/3591 3079/3079/3455
f 3107/3107/3491 3084/3084/3489 3083/3083/3461
f 3107/3107/3490 3106/3106/3591 3084/3084/3489
f 3107/3107/3491 3083/3083/3461 3108/3108/3569
f 3106/3106/3591 3107/3107/3490 3109/3109/3492
f 3107/3107/3491 3108/3108/3569 3109/3109/3492
f 3077/3077/3454 3106/3106/3591 3110/3110/3594
f 3106/3106/3591 3109/3109/3492 3111/3111/3568
f 3078/3078/3493 3086/3086/3464 3080/3080/3458
f 3112/3112/3494 3078/3078/3493 3077/3077/3454
f 3077/3077/3454 3079/3079/3455 3106/3106/3591
f 3113/3113/3495 3085/3085/3462 3086/3086/3464
f 3110/3110/3594 3112/3112/3494 3077/3077/3454
f 3086/3086/3464 3078/3078/3493 3113/3113/3495
f 3114/3114/3501 3113/3113/3495 3078/3078/3493
f 3113/5204/3495 3114/5205/3501 3115/3115/3496
f 3116/3116/3497 3047/3047/3466 3087/3087/3465
f 3085/5202/3462 3113/5204/3495 3087/3087/3465
f 3087/3087/3465 3115/3115/3496 3116/3116/3497
f 3115/3115/3496 3087/3087/3465 3113/5204/3495
f 3099/3099/3479 3047/3047/3466 3116/3116/3497
f 3117/3117/3498 3112/3112/3494 3110/3110/3594
f 3112/3112/3494 3114/3114/3501 3078/3078/3493
f 3112/3112/3494 3117/3117/3498 3114/3114/3501
f 3118/3118/3576 3117/5207/3498 3110/5203/3594
f 3119/3119/3499 3115/3115/3496 3114/5205/3501
f 3117/5207/3498 3118/3118/3576 3120/3120/3500
f 3114/5206/3501 3117/5207/3498 3121/3121/3502
f 3117/5207/3498 3120/3120/3500 3121/3121/3502
f 3120/3120/3500 3118/3118/3576 3122/3122/3581
f 3122/3122/3581 3121/3121/3502 3120/3120/3500
f 3121/3121/3502 3122/3122/3581 3123/3123/3503
f 3124/3124/3504 3114/5206/3501 3121/3121/3502
f 3124/5209/3504 3119/3119/3505 3114/5205/3501
f 3123/5208/3579 3119/3119/3505 3124/5209/3504
f 3121/3121/3502 3123/3123/3503 3124/3124/3504
f 3100/3100/3481 3038/3038/3487 3039/3039/3480
f 3100/3100/3481 3125/3125/3508 3038/3038/3487
f 3100/3100/3481 3102/3102/3506 3125/3125/3508
f 3125/3125/3508 3104/3104/3486 3038/3038/3487
f 3126/3126/3507 3104/3104/3486 3125/3125/3508
f 3127/3127/3724 3104/3104/3486 3126/3126/3507
f 3126/3126/3507 3125/3125/3508 3128/3128/3509
f 3102/3102/3506 3128/3128/3509 3125/3125/3508
f 3126/3126/3507 3128/3128/3509 3129/3129/3510
f 3130/3130/3522 2863/2863/3216 2864/2864/3217
f 3130/3130/3522 3131/3131/3535 2863/2863/3216
f 3132/3132/3923 2863/2863/3216 3131/3131/3535
f 3133/3133/3511 3028/3028/3398 2812/2812/3158
f 3027/3027/3397 3133/3133/3511 2812/2812/3158
f 3134/3134/3517 3135/3135/3512 3136/3136/3514
f 3135/3135/3512 3134/3134/3517 3137/3137/3518
f 3135/5211/3512 3138/3138/3593 3139/3139/3516
f 3140/3140/3513 3141/3141/3742 3136/5212/3514
f 3142/3142/3515 3140/3140/3513 3139/5213/3516
f 3140/3140/3513 3143/3143/3746 3141/3141/3742
f 3142/3142/3515 3143/3143/3746 3140/3140/3513
f 3135/5210/3512 3139/5213/3516 3136/5212/3514
f 3136/5212/3514 3139/5213/3516 3140/3140/3513
f 3144/3144/3748 3137/3137/3518 3134/3134/3517
f 3145/3145/3602 3137/3137/3518 3144/3144/3748
f 3142/3142/3515 3139/5213/3516 3146/3146/3540
f 3147/3147/3601 3146/3146/3540 3139/5213/3516
f 3133/3133/3511 3148/3148/3519 3028/3028/3398
f 3149/3149/3520 3133/3133/3511 3027/3027/3397
f 3027/3027/3397 1651/1651/1679 3150/3150/3521
f 3149/3149/3520 3027/3027/3397 3150/3150/3521
f 3151/3151/3524 3130/3130/3522 3148/3148/3519
f 3152/3152/3523 3130/3130/3522 3151/3151/3524
f 3133/3133/3511 3151/3151/3524 3148/3148/3519
f 3133/3133/3511 3149/3149/3520 3153/3153/3525
f 3151/3151/3524 3153/3153/3525 3154/3154/3526
f 3154/3154/3526 3153/3153/3525 3155/3155/3533
f 3151/3151/3524 3133/3133/3511 3153/3153/3525
f 3156/3156/3527 1651/1651/1679 1684/1684/3528
f 3156/3156/3527 3150/3150/3521 1651/1651/1679
f 1690/1690/3529 1684/1684/3528 1687/1687/1687
f 1690/1690/3529 3156/3156/3527 1684/1684/3528
f 1690/1690/3529 3157/3157/3530 3156/3156/3527
f 3158/3158/3909 1688/1688/3531 1689/1689/3532
f 1690/1690/3529 3155/3155/3533 3157/3157/3530
f 1690/1690/3529 1688/1688/3531 3155/3155/3533
f 3157/3157/3530 3149/3149/3520 3150/3150/3521
f 3157/3157/3530 3150/3150/3521 3156/3156/3527
f 3157/3157/3530 3153/3153/3525 3149/3149/3520
f 3153/3153/3525 3157/3157/3530 3155/3155/3533
f 3130/3130/3522 2864/2864/3217 3028/3028/3398
f 3148/3148/3519 3130/3130/3522 3028/3028/3398
f 3159/3159/3534 3131/3131/3535 3130/3130/3522
f 3160/3160/3622 3161/3161/3627 3162/3162/3628
f 3163/3163/3536 3162/3162/3628 3164/3164/3537
f 3164/3164/3537 3162/3162/3628 3165/3165/3927
f 3163/3163/3536 3160/3160/3622 3162/3162/3628
f 3166/3166/3538 3167/3167/3932 3168/3168/3542
f 3169/3169/3539 3142/3142/3515 3146/3146/3540
f 3170/3170/3541 3142/3142/3515 3169/3169/3539
f 3147/3147/3601 3168/3168/3542 3146/3146/3540
f 3147/3147/3601 3166/3166/3538 3168/3168/3542
f 3168/3168/3542 3169/3169/3539 3146/3146/3540
f 3168/3168/3542 3171/3171/3543 3169/3169/3539
f 3167/5218/3932 3160/3160/3622 3163/3163/3536
f 3167/3167/3932 3172/3172/4004 3168/3168/3542
f 3168/3168/3542 3173/3173/4006 3171/3171/3543
f 3057/3057/3589 3040/3040/3414 3174/3174/3544
f 3043/3043/3406 3174/3174/3544 3040/3040/3414
f 3175/3175/3621 3057/3057/3589 3174/3174/3544
f 3098/3098/3546 3097/3097/3545 3176/3176/3551
f 3177/3177/3548 3095/3095/3474 3098/3098/3546
f 3178/3178/3555 3176/3176/3551 3097/3097/3545
f 3101/3101/3483 3178/3178/3555 3097/3097/3545
f 3103/3103/3547 3095/3095/3474 3177/3177/3548
f 3177/3177/3548 3098/3098/3546 3179/3179/3549
f 3103/3103/3547 3177/3177/3548 3180/3180/3550
f 3178/3178/3555 3181/3181/3561 3176/3176/3551
f 3176/3176/3551 3181/3181/3561 3182/3182/3552
f 3098/3098/3546 3176/3176/3551 3179/3179/3549
f 3179/3179/3549 3176/3176/3551 3182/3182/3552
f 3183/3183/3553 3177/3177/3548 3179/3179/3549
f 3184/3184/3554 3178/3178/3555 3101/3101/3483
f 3185/3185/3556 3181/3181/3561 3178/3178/3555
f 3178/3178/3555 3184/3184/3554 3185/3185/3556
f 3180/3180/3550 3177/3177/3548 3183/3183/3553
f 3182/3182/3552 3186/3186/3557 3179/3179/3549
f 3183/3183/3553 3179/3179/3549 3186/3186/3557
f 3187/3187/3559 3183/3183/3553 3188/3188/3558
f 3183/3183/3553 3186/3186/3557 3188/3188/3558
f 3183/3183/3553 3187/3187/3559 3180/3180/3550
f 3189/3189/3565 3186/3186/3557 3182/3182/3552
f 3181/3181/3561 3189/3189/3565 3182/3182/3552
f 3181/3181/3561 3190/3190/3560 3189/3189/3565
f 3181/3181/3561 3185/3185/3556 3191/3191/3562
f 3191/3191/3562 3190/3190/3560 3181/3181/3561
f 3189/3189/3565 3188/3188/3558 3186/3186/3557
f 3188/3188/3558 3192/3192/3643 3187/3187/3559
f 3132/3132/3923 3043/3043/3406 2863/2863/3216
f 3175/3175/3621 3174/3174/3544 3193/3193/3563
f 3132/3132/3923 3194/3194/3925 3043/3043/3406
f 3174/3174/3544 3043/3043/3406 3194/3194/3925
f 3195/3195/3564 3174/3174/3544 3194/3194/3925
f 3188/3188/3558 3189/3189/3565 3196/3196/3566
f 3189/3189/3565 3190/3190/3560 3196/3196/3566
f 3197/3197/3635 3196/3196/3566 3190/3190/3560
f 3192/3192/3643 3188/3188/3558 3196/3196/3566
f 3108/3108/3569 3083/3083/3461 3082/3082/3459
f 3108/3108/3569 3082/3082/3459 3198/3198/3567
f 3111/3111/3568 3109/3109/3492 3108/3108/3569
f 3108/3108/3569 3199/3199/3570 3111/3111/3568
f 3200/3200/3571 3111/3111/3568 3199/3199/3570
f 3201/3201/3572 3101/3101/3483 3099/3099/3479
f 3202/3202/3573 3184/3184/3554 3101/3101/3483
f 3203/3203/3574 3184/3184/3554 3202/3202/3573
f 3204/3204/3575 3118/3118/3576 3110/5203/3594
f 3118/3118/3576 3204/3204/3575 3205/3205/3577
f 3206/3206/3583 3207/3207/3578 3123/5208/3579
f 3208/3208/3580 3206/3206/3583 3123/5208/3579
f 3122/3122/3581 3208/5219/3582 3123/3123/3503
f 3206/3206/3583 3209/3209/3584 3207/3207/3578
f 3206/3206/3583 3208/3208/3585 3209/3209/3584
f 3122/3122/3581 3118/3118/3576 3205/3205/3577
f 3122/3122/3581 3210/3210/3595 3208/5219/3582
f 3116/3116/3497 3201/3201/3572 3099/3099/3479
f 3207/3207/3578 3209/3209/3584 3119/3119/3499
f 3119/3119/3499 3209/3209/3584 3115/3115/3496
f 3115/3115/3496 3209/3209/3584 3116/3116/3497
f 3119/3119/3505 3123/5208/3579 3207/3207/3578
f 3116/3116/3497 3209/3209/3584 3208/3208/3585
f 3211/3211/3586 3116/3116/3497 3208/3208/3587
f 3212/3212/3596 3211/3211/3586 3208/3208/3587
f 3116/3116/3497 3211/3211/3586 3201/3201/3572
f 3213/3213/3588 3198/3198/3567 3082/3082/3459
f 3057/3057/3589 3213/3213/3588 3082/3082/3459
f 3160/3160/3622 3213/3213/3588 3057/3057/3589
f 3203/3203/3574 3185/3185/3556 3184/3184/3554
f 3214/3214/3612 3185/3185/3556 3215/3215/3590
f 3203/3203/3574 3215/3215/3590 3185/3185/3556
f 3216/3216/3608 3203/3203/3574 3202/3202/3573
f 3203/3203/3574 3216/3216/3608 3217/3217/3605
f 3217/3217/3605 3215/3215/3590 3203/3203/3574
f 3111/3111/3568 3218/3218/3592 3106/3106/3591
f 3218/3218/3592 3110/3110/3594 3106/3106/3591
f 3200/3200/3571 3218/3218/3592 3111/3111/3568
f 3199/3199/3570 3138/3138/3593 3200/3200/3571
f 3218/3218/3592 3200/3200/3571 3219/3219/3604
f 3219/3219/3604 3200/3200/3571 3138/3138/3593
f 3219/3219/3604 3138/3138/3593 3135/5211/3512
f 3218/3218/3592 3219/3219/3604 3110/3110/3594
f 3204/3204/3575 3110/5203/3594 3220/3220/3603
f 3135/3135/3512 3137/3137/3518 3219/5223/3604
f 3212/5220/3596 3210/3210/3595 3205/3205/3577
f 3205/3205/3577 3210/3210/3595 3122/3122/3581
f 3210/3210/3595 3212/5220/3596 3208/5219/3582
f 3212/5220/3596 3205/3205/3577 3221/3221/3597
f 3221/3221/3597 3205/3205/3577 3222/3222/3598
f 3222/3222/3598 3205/3205/3577 3204/3204/3575
f 3221/5224/3597 3211/3211/3586 3212/3212/3596
f 3221/5224/3597 3201/3201/3572 3211/3211/3586
f 3222/3222/3598 3223/3223/3599 3221/3221/3597
f 3221/5224/3597 3223/5225/3599 3201/3201/3572
f 3223/5225/3599 3101/3101/3483 3201/3201/3572
f 3223/5225/3599 3202/3202/3573 3101/3101/3483
f 3224/3224/3806 3223/3223/3599 3222/3222/3598
f 3225/3225/3600 3147/5214/3601 3199/3199/3570
f 3138/3138/3593 3199/3199/3570 3139/3139/3516
f 3139/3139/3516 3199/3199/3570 3147/5214/3601
f 3137/3137/3518 3145/3145/3602 3219/5223/3604
f 3220/3220/3603 3110/5203/3594 3219/5223/3604
f 3219/5223/3604 3145/3145/3602 3220/3220/3603
f 3223/5225/3599 3216/3216/3608 3202/3202/3573
f 3217/3217/3605 3226/3226/3606 3215/3215/3590
f 3227/3227/3607 3222/3222/3598 3204/3204/3575
f 3216/5221/3608 3223/3223/3599 3224/3224/3806
f 3216/5221/3608 3224/3224/3806 3228/3228/3609
f 3217/5222/3605 3216/5221/3608 3229/3229/3814
f 3103/3103/3547 3180/3180/3550 3102/3102/3506
f 3230/3230/3610 3102/3102/3506 3180/3180/3550
f 3230/3230/3610 3180/3180/3550 3231/3231/3611
f 3187/3187/3559 3231/3231/3611 3180/3180/3550
f 3214/3214/3612 3191/3191/3562 3185/3185/3556
f 3232/3232/3614 3187/3187/3559 3192/3192/3643
f 3214/3214/3612 3233/3233/3613 3191/3191/3562
f 3230/3230/3610 3231/3231/3611 3234/3234/3616
f 3234/3234/3616 3231/3231/3611 3187/3187/3559
f 3187/3187/3559 3232/3232/3614 3234/3234/3616
f 3102/3102/3506 3230/3230/3610 3128/3128/3509
f 3235/3235/3615 3128/3128/3509 3230/3230/3610
f 3230/3230/3610 3236/3236/3618 3235/3235/3615
f 3236/3236/3618 3230/3230/3610 3234/3234/3616
f 3237/3237/3650 3236/3236/3618 3234/3234/3616
f 3237/3237/3650 3238/3238/3617 3236/3236/3618
f 3236/3236/3618 3239/3239/3804 3235/3235/3615
f 3239/3239/3804 3236/3236/3618 3240/3240/3619
f 3240/3240/3619 3236/3236/3618 3238/3238/3617
f 3160/3160/3622 3057/3057/3589 3241/3241/3620
f 3175/3175/3621 3241/3241/3620 3057/3057/3589
f 3175/3175/3621 3242/3242/3626 3241/3241/3620
f 3160/3160/3622 3241/3241/3620 3161/3161/3627
f 3198/3198/3567 3213/3213/3588 3160/3160/3622
f 3160/3160/3622 3167/5218/3932 3198/3198/3567
f 3243/3243/3623 3214/3214/3612 3215/3215/3590
f 3215/3215/3590 3244/3244/3630 3243/3243/3623
f 3244/3244/3630 3245/3245/3624 3243/3243/3623
f 3242/3242/3626 3175/3175/3621 3193/3193/3563
f 3242/3242/3626 3193/3193/3563 3246/3246/3625
f 3193/3193/3563 3174/3174/3544 3195/3195/3564
f 3246/3246/3625 3193/3193/3563 3195/3195/3564
f 3242/3242/3626 3161/3161/3627 3241/3241/3620
f 3161/3161/3627 3242/3242/3626 3162/3162/3628
f 3246/3246/3625 3195/3195/3564 3165/3165/3927
f 3162/3162/3628 3242/3242/3626 3246/3246/3625
f 3162/3162/3628 3246/3246/3625 3165/3165/3927
f 3225/3225/3600 3198/3198/3567 3167/5218/3932
f 3166/5217/3538 3225/3225/3600 3167/5218/3932
f 3147/5214/3601 3225/3225/3600 3166/5217/3538
f 3247/3247/3629 3248/3248/3632 3244/5227/3630
f 3229/3229/3814 3226/5226/3606 3217/5222/3605
f 3249/3249/3631 3250/3250/3664 3248/3248/3632
f 3251/3251/3633 3248/3248/3632 3247/3247/3629
f 3249/3249/3631 3248/3248/3632 3251/3251/3633
f 3250/3250/3664 3249/3249/3631 3252/3252/3634
f 3233/3233/3613 3190/3190/3560 3191/3191/3562
f 3197/3197/3635 3190/3190/3560 3233/3233/3613
f 3243/3243/3623 3233/3233/3613 3214/3214/3612
f 3232/3232/3614 3192/3192/3636 3253/3253/3637
f 3254/3254/3640 3197/3197/3635 3233/3233/3613
f 3255/3255/3644 3253/3253/3637 3192/3192/3636
f 3256/3256/3638 3253/3253/3637 3255/3255/3644
f 3257/3257/3645 3196/3196/3566 3197/3197/3635
f 3258/3258/3639 3257/3257/3645 3197/3197/3635
f 3254/3254/3640 3258/3258/3639 3197/3197/3635
f 3259/3259/3651 3253/3253/3637 3256/3256/3638
f 3260/3260/3641 3258/3258/3639 3254/3254/3640
f 3258/3258/3639 3260/3260/3641 3257/3257/3645
f 3257/3257/3645 3260/3260/3641 3261/3261/3648
f 3196/3196/3566 3262/3262/3642 3192/3192/3643
f 3255/3255/3644 3192/3192/3643 3262/3262/3642
f 3196/3196/3566 3257/3257/3645 3262/3262/3642
f 3262/3262/3642 3263/3263/3646 3255/3255/3644
f 3257/3257/3645 3261/3261/3648 3262/3262/3642
f 3263/3263/3646 3262/3262/3642 3261/3261/3648
f 3256/3256/3638 3255/3255/3644 3263/3263/3646
f 3256/3256/3638 3263/3263/3646 3264/3264/3647
f 3261/3261/3648 3265/3265/3649 3263/3263/3646
f 3264/3264/3647 3263/3263/3646 3265/3265/3649
f 3233/3233/3613 3243/3243/3623 3254/3254/3640
f 3245/3245/3624 3254/3254/3640 3243/3243/3623
f 3237/3237/3650 3234/3234/3616 3232/3232/3614
f 3232/3232/3614 3259/3259/3651 3266/3266/3652
f 3253/3253/3637 3259/3259/3651 3232/3232/3614
f 3259/3259/3651 3256/3256/3638 3267/3267/3653
f 3237/3237/3650 3232/3232/3614 3268/3268/3662
f 3268/3268/3662 3232/3232/3614 3266/3266/3652
f 3254/3254/3640 3245/3245/3624 3244/3244/3630
f 3256/3256/3638 3264/3264/3647 3267/3267/3653
f 3269/3269/3660 3261/3261/3648 3260/3260/3641
f 3265/3265/3649 3270/3270/3654 3264/3264/3647
f 3261/3261/3648 3270/3270/3654 3265/3265/3649
f 3269/3269/3660 3271/3271/3655 3261/3261/3648
f 3272/3272/3657 3260/3260/3641 3254/3254/3640
f 3244/3244/3630 3273/3273/3656 3254/3254/3640
f 3273/3273/3656 3272/3272/3657 3254/3254/3640
f 3266/3266/3652 3259/3259/3651 3274/3274/3658
f 3267/3267/3653 3264/3264/3647 3270/3270/3654
f 3267/3267/3653 3275/3275/3661 3259/3259/3651
f 3270/3270/3654 3275/3275/3661 3267/3267/3653
f 3274/3274/3658 3259/3259/3651 3275/3275/3661
f 3272/3272/3657 3269/3269/3660 3260/3260/3641
f 3270/3270/3654 3261/3261/3648 3271/3271/3655
f 3276/3276/3659 3270/3270/3654 3271/3271/3655
f 3269/3269/3660 3277/3277/3969 3271/3271/3655
f 3275/3275/3661 3270/3270/3654 3276/3276/3659
f 3278/3278/3975 3269/3269/3660 3272/3272/3657
f 3279/3279/3973 3278/5230/3975 3272/5228/3657
f 3276/3276/3659 3271/3271/3655 3280/3280/3970
f 3280/3280/3970 3275/3275/3661 3276/3276/3659
f 3238/3238/3617 3237/3237/3650 3268/3268/3662
f 3281/3281/3663 3268/3268/3662 3266/3266/3652
f 3268/3268/3662 3281/3281/3663 3238/3238/3617
f 3240/3240/3619 3238/3238/3617 3281/3281/3663
f 3244/5227/3630 3248/3248/3632 3273/5229/3656
f 3266/3266/3652 3282/3282/3665 3281/3281/3663
f 3250/3250/3664 3272/5228/3657 3273/5229/3656
f 3248/3248/3632 3250/3250/3664 3273/5229/3656
f 3250/3250/3664 3279/3279/3973 3272/5228/3657
f 3282/3282/3665 3266/3266/3652 3274/3274/3658
f 3274/3274/3658 3275/3275/3661 3283/3283/3978
f 3274/3274/3658 3283/3283/3978 3282/3282/3665
f 3282/3282/3665 3283/3283/3978 3284/3284/3666
f 3285/3285/3667 3279/3279/3973 3250/3250/3664
f 3252/3252/3634 3285/3285/3667 3250/3250/3664
f 3281/3281/3663 3282/3282/3665 3286/3286/3839
f 3285/3285/3667 3252/3252/3634 3287/3287/3821
f 3288/3288/3668 3289/3289/3669 3286/3286/3839
f 3289/3289/3669 3288/3288/3668 3287/3287/3821
f 3287/3287/3821 3288/3288/3668 3285/3285/3667
f 3288/3288/3668 3282/3282/3665 3284/3284/3666
f 3286/3286/3839 3282/3282/3665 3288/3288/3668
f 1093/1093/1065 1094/1094/1236 3290/3290/3670
f 3290/3290/3670 1094/1094/1236 1255/1255/1238
f 1832/1832/1832 3290/3290/3670 3291/3291/3672
f 1832/1832/1832 1093/1093/1065 3290/3290/3670
f 1832/1832/1832 3291/3291/3672 3292/3292/3671
f 3290/3290/3670 1255/1255/1238 2887/2887/3673
f 3291/3291/3672 3290/3290/3670 2887/2887/3673
f 2887/2887/3673 2902/2902/3251 3291/3291/3672
f 1833/1833/1833 1832/1832/1832 3292/3292/3671
f 2902/2902/3251 3293/3293/3675 3291/3291/3672
f 3293/3293/3675 3292/3292/3671 3291/3291/3672
f 2902/2902/3251 2905/2905/3676 3293/3293/3675
f 3294/3294/3674 3293/3293/3675 2905/2905/3676
f 3295/3295/3677 3294/3294/3674 2905/2905/3676
f 2905/2905/3676 2907/2907/3253 3295/3295/3677
f 3296/3296/3678 3292/3292/3671 3293/3293/3675
f 3296/3296/3678 3293/3293/3675 3294/3294/3674
f 1833/1833/1833 3292/3292/3671 1842/1842/3679
f 2906/2906/3254 2907/2907/3253 2905/2905/3676
f 2933/2933/3287 3295/3295/3677 2907/2907/3253
f 3292/3292/3671 3296/3296/3678 3297/3297/3680
f 3296/3296/3678 3294/3294/3674 3297/3297/3680
f 3294/3294/3674 3295/3295/3677 3297/3297/3680
f 3295/3295/3677 3298/3298/3681 3297/3297/3680
f 3295/3295/3677 2933/2933/3287 3298/3298/3681
f 3299/3299/3682 3298/3298/3681 2933/2933/3287
f 3300/3300/3683 3298/3298/3681 3299/3299/3682
f 3298/3298/3681 3300/3300/3683 3297/3297/3680
f 3301/3301/3695 3300/3300/3683 3302/3302/3684
f 1843/1843/1843 1842/1842/3679 3292/3292/3671
f 3303/3303/3685 3292/3292/3671 3297/3297/3680
f 3303/3303/3685 1843/1843/1843 3292/3292/3671
f 3300/3300/3683 3303/3303/3685 3297/3297/3680
f 3304/3304/3686 1845/1845/1850 3303/3303/3685
f 1845/1845/1850 1843/1843/1843 3303/3303/3685
f 3304/3304/3686 3305/3305/3691 1845/1845/1850
f 1845/1845/1850 3305/3305/3691 1852/1852/1849
f 3306/3306/3687 3305/3305/3691 3304/3304/3686
f 3304/3304/3686 3303/3303/3685 3300/3300/3683
f 3301/3301/3695 3304/3304/3686 3300/3300/3683
f 3304/3304/3686 3301/3301/3695 3306/3306/3687
f 2907/2907/3253 2908/2908/3255 2933/2933/3287
f 2934/2934/3288 2936/2936/3290 3299/3299/3682
f 2933/2933/3287 2934/2934/3288 3299/3299/3682
f 2936/2936/3290 3307/3307/3688 3299/3299/3682
f 3307/3307/3688 3302/3302/3684 3299/3299/3682
f 2936/2936/3290 2931/2931/3286 2937/2937/3294
f 2936/2936/3290 2937/2937/3294 3307/3307/3688
f 2932/2932/3293 2940/2940/3689 2937/2937/3294
f 2940/2940/3689 3308/3308/3690 2937/2937/3294
f 3307/3307/3688 2937/2937/3294 3309/3309/3722
f 3309/3309/3722 2937/2937/3294 3308/3308/3690
f 3302/3302/3684 3300/3300/3683 3299/3299/3682
f 3302/3302/3684 3307/3307/3688 3309/3309/3722
f 3305/3305/3691 2696/2696/3692 1852/1852/1849
f 1853/1853/3043 1852/1852/1849 2696/2696/3692
f 3306/3306/3687 3310/3310/3693 3305/3305/3691
f 2696/2696/3692 3305/3305/3691 3310/3310/3693
f 2697/2697/3044 2696/2696/3692 3310/3310/3693
f 2697/2697/3044 3310/3310/3693 3311/3311/3694
f 3312/3312/3721 3306/3306/3687 3301/3301/3695
f 3306/3306/3687 3312/3312/3721 3313/3313/3696
f 3314/3314/3704 3315/3315/3697 3312/3312/3721
f 3313/3313/3696 3312/3312/3721 3315/3315/3697
f 3313/3313/3696 3310/3310/3693 3306/3306/3687
f 3310/3310/3693 3313/3313/3696 3316/3316/3698
f 3317/3317/3699 3311/3311/3694 3316/3316/3698
f 3317/3317/3699 2712/2712/3700 3311/3311/3694
f 2712/2712/3700 3318/3318/3701 3319/3319/3854
f 3320/3320/3702 3319/3319/3854 3318/3318/3701
f 3317/3317/3699 3321/3321/3703 3318/3318/3701
f 2712/2712/3700 3317/3317/3699 3318/3318/3701
f 3318/3318/3701 3322/3322/3856 3320/3320/3702
f 3322/3322/3856 3318/3318/3701 3323/3323/3713
f 3315/3315/3697 3314/3314/3704 3324/3324/3705
f 3315/3315/3697 3325/3325/3706 3313/3313/3696
f 3326/3326/3726 3327/3327/3708 3324/3324/3705
f 3324/3324/3705 3328/3328/3707 3315/3315/3697
f 3327/3327/3708 3328/3328/3707 3324/3324/3705
f 3329/3329/3712 3328/3328/3707 3330/3330/3709
f 3331/3331/3710 3330/3330/3709 3327/3327/3708
f 3330/3330/3709 3328/3328/3707 3327/3327/3708
f 3330/3330/3709 3331/3331/3710 3332/3332/3711
f 3330/3330/3709 3332/3332/3711 3333/3333/3717
f 3310/3310/3693 3316/3316/3698 3311/3311/3694
f 3316/3316/3698 3313/3313/3696 3325/3325/3706
f 3325/3325/3706 3317/3317/3699 3316/3316/3698
f 3321/3321/3703 3329/3329/3712 3323/3323/3713
f 3334/3334/3714 3329/3329/3712 3321/3321/3703
f 3335/3335/3715 3323/3323/3713 3329/3329/3712
f 3336/3336/3716 3329/3329/3712 3330/3330/3709
f 3337/3337/3790 3335/3335/3715 3329/3329/3712
f 3336/3336/3716 3337/3337/3790 3329/3329/3712
f 3336/3336/3716 3330/3330/3709 3338/3338/3789
f 3317/3317/3699 3325/3325/3706 3334/3334/3714
f 3321/3321/3703 3317/3317/3699 3334/3334/3714
f 3323/3323/3713 3318/3318/3701 3321/3321/3703
f 3335/3335/3715 3322/3322/3856 3323/3323/3713
f 3334/3334/3714 3325/3325/3706 3328/3328/3707
f 3328/3328/3707 3325/3325/3706 3315/3315/3697
f 3328/3328/3707 3329/3329/3712 3334/3334/3714
f 3338/3338/3789 3330/3330/3709 3333/3333/3717
f 3339/3339/3719 2940/2940/3689 3105/3105/3488
f 2940/2940/3689 3339/3339/3719 3308/3308/3690
f 3308/3308/3690 3339/3339/3719 3340/3340/3718
f 3105/3105/3488 3127/3127/3724 3339/3339/3719
f 3339/3339/3719 3341/3341/3720 3340/3340/3718
f 3127/3127/3724 3341/3341/3720 3339/3339/3719
f 3309/3309/3722 3312/3312/3721 3302/3302/3684
f 3302/3302/3684 3312/3312/3721 3301/3301/3695
f 3309/3309/3722 3308/3308/3690 3340/3340/3718
f 3312/3312/3721 3309/3309/3722 3314/3314/3704
f 3309/3309/3722 3340/3340/3718 3314/3314/3704
f 3127/3127/3724 3105/3105/3488 3104/3104/3486
f 3341/3341/3720 3127/3127/3724 3342/3342/3723
f 3127/3127/3724 3126/3126/3507 3129/3129/3510
f 3342/3342/3723 3127/3127/3724 3129/3129/3510
f 3342/3342/3723 3129/3129/3510 3343/3343/3799
f 3341/3341/3720 3344/3344/3727 3340/3340/3718
f 3344/3344/3727 3341/3341/3720 3345/3345/3728
f 3344/3344/3727 3345/3345/3728 3346/3346/3725
f 3346/3346/3725 3326/3326/3726 3344/3344/3727
f 3345/3345/3728 3341/3341/3720 3342/3342/3723
f 3345/3345/3728 3342/3342/3723 3347/3347/3729
f 3346/3346/3725 3345/3345/3728 3347/3347/3729
f 3343/3343/3799 3129/3129/3510 3128/3128/3509
f 3340/3340/3718 3324/3324/3705 3314/3314/3704
f 3344/3344/3727 3326/3326/3726 3324/3324/3705
f 3344/3344/3727 3324/3324/3705 3340/3340/3718
f 3327/3327/3708 3326/3326/3726 3331/3331/3710
f 2622/2622/2973 2620/2620/2971 3348/3348/3730
f 3348/5231/3730 2620/5162/2971 2621/2621/2972
f 2622/2622/2973 3348/3348/3730 3349/3349/3731
f 3349/5232/3731 3348/5231/3730 2621/2621/2972
f 3350/3350/3738 3351/3351/3732 2621/2621/2972
f 3352/3352/3733 3353/3353/3744 3354/3354/3737
f 3354/5234/3737 3353/5233/3743 3355/3355/3734
f 3352/3352/3733 3354/3354/3737 3351/3351/3732
f 3355/3355/3734 3356/3356/3735 3354/5234/3737
f 3357/3357/3736 3356/3356/3735 3355/3355/3734
f 3349/5232/3731 2621/2621/2972 3351/3351/3732
f 3356/3356/3735 2622/2622/2973 3354/5234/3737
f 3354/5234/3737 2622/2622/2973 3349/3349/3731
f 3354/3354/3737 3349/5232/3731 3351/3351/3732
f 3351/3351/3732 3350/3350/3738 3352/3352/3733
f 3358/3358/3740 2623/2623/3739 2622/2622/2973
f 3359/3359/3759 2623/2623/3739 3358/3358/3740
f 3356/3356/3735 3358/3358/3740 2622/2622/2973
f 3360/3360/3761 3359/3359/3759 3358/3358/3740
f 2621/2621/2972 2624/2624/2975 3350/3350/3738
f 3361/3361/3741 3350/3350/3738 2624/2624/2975
f 2625/2625/2977 3361/3361/3741 2624/2624/2975
f 3141/3141/3742 3355/3355/3734 3353/5233/3743
f 3357/3357/3736 3355/3355/3734 3141/3141/3742
f 3352/3352/3733 3134/3134/3517 3353/3353/3744
f 3362/3362/3745 3134/3134/3517 3352/3352/3733
f 3353/5233/3743 3136/5212/3514 3141/3141/3742
f 3136/3136/3514 3353/3353/3744 3134/3134/3517
f 3362/3362/3745 3352/3352/3733 3350/3350/3738
f 3361/3361/3741 3362/3362/3745 3350/3350/3738
f 3363/3363/3747 3356/3356/3735 3357/3357/3736
f 3143/3143/3746 3357/3357/3736 3141/3141/3742
f 3357/3357/3736 3143/3143/3746 3363/3363/3747
f 3363/3363/3747 3143/3143/3746 3360/3360/3761
f 3356/3356/3735 3363/3363/3747 3360/3360/3761
f 3358/3358/3740 3356/3356/3735 3360/3360/3761
f 3364/3364/3751 3144/3144/3748 3362/3362/3745
f 3362/3362/3745 3144/3144/3748 3134/3134/3517
f 3365/3365/3749 3145/3145/3602 3144/3144/3748
f 3366/3366/3750 3365/3365/3749 3144/3144/3748
f 3144/3144/3748 3364/3364/3751 3366/3366/3750
f 3367/3367/3752 3365/3365/3749 3366/3366/3750
f 3368/3368/3757 3365/3365/3749 3367/3367/3752
f 3365/3365/3749 3368/3368/3757 3369/3369/3823
f 3370/3370/3753 3371/3371/3754 3372/3372/3770
f 3373/3373/3755 3374/3374/3756 3371/3371/3754
f 3367/3367/3752 3364/3364/3751 3371/3371/3754
f 3366/3366/3750 3364/3364/3751 3367/3367/3752
f 3374/3374/3756 3367/3367/3752 3371/3371/3754
f 3373/3373/3755 3369/3369/3823 3368/3368/3757
f 3373/3373/3755 3368/3368/3757 3367/3367/3752
f 3374/3374/3756 3373/3373/3755 3367/3367/3752
f 3375/3375/3758 2623/2623/3739 3359/3359/3759
f 3376/3376/3760 3375/3375/3758 3359/3359/3759
f 3375/3375/3758 3376/3376/3760 3377/3377/3996
f 2627/2627/2979 2623/2623/3739 3375/3375/3758
f 3375/3375/3758 2630/2630/2980 2627/2627/2979
f 3359/3359/3759 3360/3360/3761 3378/3378/3762
f 3142/3142/3515 3170/3170/3541 3379/3379/3763
f 3360/3360/3761 3142/3142/3515 3379/3379/3763
f 3378/3378/3762 3360/3360/3761 3379/3379/3763
f 3379/3379/3763 3380/3380/3765 3378/3378/3762
f 3359/3359/3759 3378/3378/3762 3376/3376/3760
f 3169/3169/3539 3379/3379/3763 3170/3170/3541
f 3380/3380/3765 3379/3379/3763 3169/3169/3539
f 3381/3381/3764 3378/3378/3762 3380/3380/3765
f 3381/3381/3764 3376/3376/3760 3378/3378/3762
f 3377/3377/3996 3376/3376/3760 3381/3381/3764
f 3377/3377/3996 3381/3381/3764 3380/3380/3765
f 3169/3169/3539 3171/3171/3543 3380/3380/3765
f 3382/3382/4002 3380/3380/3765 3171/3171/3543
f 3382/3382/4002 3171/3171/3543 3173/3173/4006
f 3168/3168/3542 3172/3172/4004 3173/3173/4006
f 3383/3383/3768 3384/3384/3767 2626/2626/2984
f 2626/2626/2984 2634/2634/3766 3383/3383/3768
f 3384/3384/3767 3383/3383/3768 3372/3372/3770
f 3383/3383/3768 3385/3385/3769 3372/3372/3770
f 2638/2638/3077 3386/3386/3771 2637/2637/3777
f 3387/3387/3774 3322/3322/3856 3388/3388/3776
f 3386/3386/3771 3389/3389/3772 3390/3390/3773
f 3387/3387/3774 3390/3390/3773 3389/3389/3772
f 3390/3390/3773 3391/3391/3778 3386/3386/3771
f 3387/3387/3774 3392/3392/3775 3390/3390/3773
f 3392/3392/3775 3387/3387/3774 3388/3388/3776
f 3393/3393/3779 3383/3383/3768 2634/2634/3766
f 3393/3393/3779 3385/3385/3769 3383/3383/3768
f 2637/2637/3777 3393/3393/3779 2634/2634/3766
f 2637/2637/3777 3391/3391/3778 3393/3393/3779
f 3391/3391/3778 2637/2637/3777 3386/3386/3771
f 3393/3393/3779 3394/3394/3780 3385/3385/3769
f 3391/3391/3778 3394/3394/3780 3393/3393/3779
f 3395/3395/3781 3394/3394/3780 3391/3391/3778
f 3396/3396/3782 3395/3395/3781 3391/3391/3778
f 3390/3390/3773 3396/3396/3782 3391/3391/3778
f 3396/3396/3782 3390/3390/3773 3392/3392/3775
f 3397/3397/3783 3332/3332/3711 3331/3331/3710
f 3332/3332/3711 3397/3397/3783 3333/3333/3717
f 3398/3398/3784 3333/3333/3717 3399/3399/3840
f 3372/3372/3770 3385/3385/3769 3370/3370/3753
f 3400/3400/3786 3371/3371/3754 3370/3370/3753
f 3394/3394/3780 3370/3370/3753 3385/3385/3769
f 3394/3394/3780 3400/3400/3786 3370/3370/3753
f 3401/3401/3785 3400/3400/3786 3394/3394/3780
f 3402/3402/3787 3400/3400/3786 3401/3401/3785
f 3402/3402/3787 3401/3401/3785 3395/3395/3781
f 3402/3402/3787 3395/3395/3781 3403/3403/3788
f 3402/3402/3787 3403/3403/3788 3404/3404/3796
f 3405/3405/3844 3403/3403/3788 3406/3406/3793
f 3336/3336/3716 3338/3338/3789 3337/3337/3790
f 3388/3388/3776 3322/3322/3856 3335/3335/3715
f 3388/3388/3776 3335/3335/3715 3337/3337/3790
f 3388/3388/3776 3337/3337/3790 3407/3407/3791
f 3337/3337/3790 3338/3338/3789 3407/3407/3791
f 3388/3388/3776 3407/3407/3791 3408/3408/3794
f 3338/3338/3789 3333/3333/3717 3398/3398/3784
f 3398/3398/3784 3407/3407/3791 3338/3338/3789
f 3392/3392/3775 3395/3395/3781 3396/3396/3782
f 3388/3388/3776 3409/3409/3792 3392/3392/3775
f 3395/3395/3781 3392/3392/3775 3409/3409/3792
f 3395/3395/3781 3401/3401/3785 3394/3394/3780
f 3409/3409/3792 3388/3388/3776 3408/3408/3794
f 3407/3407/3791 3406/3406/3793 3408/3408/3794
f 3409/3409/3792 3408/3408/3794 3395/3395/3781
f 3403/3403/3788 3408/3408/3794 3406/3406/3793
f 3395/3395/3781 3408/3408/3794 3403/3403/3788
f 3400/3400/3786 3373/3373/3755 3371/3371/3754
f 3400/3400/3786 3402/3402/3787 3410/3410/3795
f 3400/3400/3786 3410/3410/3795 3373/3373/3755
f 3410/3410/3795 3411/3411/3798 3373/3373/3755
f 3404/3404/3796 3410/3410/3795 3402/3402/3787
f 3410/3410/3795 3404/3404/3796 3412/3412/3797
f 3412/3412/3797 3404/3404/3796 3403/3403/3788
f 3411/3411/3798 3410/3410/3795 3412/3412/3797
f 3405/3405/3844 3412/3412/3797 3403/3403/3788
f 3342/3342/3723 3343/3343/3799 3347/3347/3729
f 3347/3347/3729 3343/3343/3799 3413/3413/3800
f 3239/3239/3804 3414/3414/3801 3343/3343/3799
f 3415/3415/3810 3413/3413/3800 3414/3414/3801
f 3413/3413/3800 3343/3343/3799 3414/3414/3801
f 3415/3415/3810 3414/3414/3801 3416/3416/3802
f 3417/3417/3803 3145/3145/3602 3365/3365/3749
f 3417/3417/3803 3220/3220/3603 3145/3145/3602
f 3418/3418/3816 3220/3220/3603 3417/3417/3803
f 3220/3220/3603 3418/3418/3816 3204/3204/3575
f 3227/3227/3607 3224/3224/3806 3222/3222/3598
f 3414/3414/3801 3239/3239/3804 3416/3416/3802
f 3419/3419/3805 3224/3224/3806 3227/3227/3607
f 3224/3224/3806 3419/3419/3805 3228/3228/3609
f 3227/3227/3607 3420/3420/3807 3419/3419/3805
f 3326/3326/3726 3421/3421/3811 3422/3422/3809
f 3421/3421/3811 3326/3326/3726 3346/3346/3725
f 3423/3423/3808 3422/3422/3809 3421/3421/3811
f 3416/3416/3802 3424/3424/3812 3415/3415/3810
f 3346/3346/3725 3347/3347/3729 3413/3413/3800
f 3346/3346/3725 3413/3413/3800 3415/3415/3810
f 3415/3415/3810 3421/3421/3811 3346/3346/3725
f 3424/3424/3812 3425/3425/3841 3415/3415/3810
f 3421/3421/3811 3415/3415/3810 3425/3425/3841
f 3424/3424/3812 3416/3416/3802 3426/3426/3831
f 3343/3343/3799 3128/3128/3509 3235/3235/3615
f 3235/3235/3615 3239/3239/3804 3343/3343/3799
f 3416/3416/3802 3239/3239/3804 3240/3240/3619
f 3240/3240/3619 3427/3427/3813 3416/3416/3802
f 3365/3365/3749 3428/3428/3829 3417/3417/3803
f 3369/3369/3823 3428/3428/3829 3365/3365/3749
f 3429/3429/3825 3418/3418/3816 3417/3417/3803
f 3417/3417/3803 3428/3428/3829 3429/3429/3825
f 3228/3228/3609 3229/3229/3814 3216/5221/3608
f 3229/3229/3814 3430/3430/3815 3247/3247/3629
f 3430/3430/3815 3251/3251/3633 3247/3247/3629
f 3430/3430/3815 3431/3431/3819 3251/3251/3633
f 3227/3227/3607 3204/3204/3575 3418/3418/3816
f 3420/3420/3807 3228/3228/3609 3419/3419/3805
f 3420/3420/3824 3227/3227/3607 3418/3418/3816
f 3432/3432/3817 3228/3228/3609 3420/3420/3807
f 3416/3416/3802 3427/3427/3813 3426/3426/3831
f 3228/3228/3609 3430/3430/3815 3229/3229/3814
f 3432/3432/3817 3430/3430/3815 3228/3228/3609
f 3433/3433/3820 3249/3249/3631 3251/3251/3633
f 3287/3287/3821 3252/3252/3634 3249/3249/3631
f 3434/3434/3818 3287/3287/3821 3249/3249/3631
f 3431/3431/3819 3433/3433/3820 3251/3251/3633
f 3434/3434/3818 3249/3249/3631 3433/3433/3820
f 3433/3433/3820 3435/3435/3835 3434/3434/3818
f 3436/3436/3837 3434/3434/3818 3435/3435/3835
f 3436/3436/3837 3437/3437/3832 3287/3287/3821
f 3287/3287/3821 3434/3434/3818 3436/3436/3837
f 3438/3438/3822 3428/3428/3829 3369/3369/3823
f 3439/3439/3846 3369/3369/3823 3373/3373/3755
f 3438/3438/3822 3369/3369/3823 3439/3439/3846
f 3429/3429/3825 3420/3420/3824 3418/3418/3816
f 3440/3440/3827 3420/3420/3824 3429/3429/3825
f 3440/3440/3827 3429/3429/3825 3428/3428/3829
f 3441/3441/3830 3428/3428/3829 3438/3438/3822
f 3431/3431/3819 3430/3430/3815 3432/3432/3817
f 3420/3420/3807 3440/3440/3827 3432/3432/3817
f 3442/3442/3826 3431/3431/3819 3432/3432/3817
f 3442/3442/3826 3432/3432/3817 3440/3440/3827
f 3443/3443/3828 3424/3424/3812 3444/3444/3833
f 3426/3426/3831 3444/3444/3833 3424/3424/3812
f 3444/3444/3833 3445/3445/3836 3443/3443/3828
f 3446/3446/3834 3428/3428/3829 3441/3441/3830
f 3435/3435/3835 3433/3433/3820 3431/3431/3819
f 3426/3426/3831 3437/3437/3832 3444/3444/3833
f 3440/3440/3827 3435/3435/3835 3442/3442/3826
f 3446/3446/3834 3435/3435/3835 3440/3440/3827
f 3435/3435/3835 3431/3431/3819 3442/3442/3826
f 3445/3445/3836 3436/3436/3837 3447/3447/3838
f 3435/3435/3835 3447/3447/3838 3436/3436/3837
f 3446/3446/3834 3440/3440/3827 3428/3428/3829
f 3447/3447/3838 3435/3435/3835 3446/3446/3834
f 3448/3448/3847 3447/3447/3838 3446/3446/3834
f 3445/3445/3836 3447/3447/3838 3443/3443/3828
f 3445/3445/3836 3444/3444/3833 3437/3437/3832
f 3445/3445/3836 3437/3437/3832 3436/3436/3837
f 3427/3427/3813 3240/3240/3619 3281/3281/3663
f 3427/3427/3813 3281/3281/3663 3286/3286/3839
f 3286/3286/3839 3426/3426/3831 3427/3427/3813
f 3286/3286/3839 3437/3437/3832 3426/3426/3831
f 3437/3437/3832 3286/3286/3839 3289/3289/3669
f 3289/3289/3669 3287/3287/3821 3437/3437/3832
f 3331/3331/3710 3326/3326/3726 3422/3422/3809
f 3422/3422/3809 3397/3397/3783 3331/3331/3710
f 3423/3423/3808 3397/3397/3783 3422/3422/3809
f 3399/3399/3840 3423/3423/3808 3421/3421/3811
f 3333/3333/3717 3397/3397/3783 3423/3423/3808
f 3333/3333/3717 3423/3423/3808 3399/3399/3840
f 3399/3399/3840 3425/3425/3841 3449/3449/3842
f 3449/3449/3842 3443/3443/3828 3450/3450/3843
f 3398/3398/3784 3399/3399/3840 3450/3450/3843
f 3450/3450/3843 3451/3451/3851 3398/3398/3784
f 3449/3449/3842 3450/3450/3843 3399/3399/3840
f 3406/3406/3793 3451/3451/3851 3405/3405/3844
f 3399/3399/3840 3421/3421/3811 3425/3425/3841
f 3424/3424/3812 3449/3449/3842 3425/3425/3841
f 3406/3406/3793 3407/3407/3791 3451/3451/3851
f 3407/3407/3791 3398/3398/3784 3451/3451/3851
f 3438/3438/3822 3452/3452/3845 3441/3441/3830
f 3439/3439/3846 3373/3373/3755 3411/3411/3798
f 3439/3439/3846 3411/3411/3798 3452/3452/3845
f 3438/3438/3822 3439/3439/3846 3452/3452/3845
f 3453/3453/3848 3441/3441/3830 3452/3452/3845
f 3446/3446/3834 3441/3441/3830 3448/3448/3847
f 3448/3448/3847 3441/3441/3830 3453/3453/3848
f 3453/3453/3848 3454/3454/3850 3448/3448/3847
f 3455/3455/3849 3454/3454/3850 3453/3453/3848
f 3455/3455/3849 3443/3443/3828 3454/3454/3850
f 3412/3412/3797 3452/3452/3845 3411/3411/3798
f 3453/3453/3848 3452/3452/3845 3412/3412/3797
f 3405/3405/3844 3453/3453/3848 3412/3412/3797
f 3451/3451/3851 3455/3455/3849 3405/3405/3844
f 3453/3453/3848 3405/3405/3844 3455/3455/3849
f 3451/3451/3851 3450/3450/3843 3443/3443/3828
f 3455/3455/3849 3451/3451/3851 3443/3443/3828
f 3443/3443/3828 3449/3449/3842 3424/3424/3812
f 3448/3448/3847 3454/3454/3850 3447/3447/3838
f 3447/3447/3838 3454/3454/3850 3443/3443/3828
f 3311/3311/3694 2698/2698/3852 2697/2697/3044
f 2712/2712/3700 2698/2698/3852 3311/3311/3694
f 2716/2716/3855 2714/2714/3064 3456/3456/3853
f 2712/2712/3700 3456/3456/3853 2714/2714/3064
f 2712/2712/3700 3319/3319/3854 3456/3456/3853
f 3319/3319/3854 2716/2716/3855 3456/3456/3853
f 3320/3320/3702 2716/2716/3855 3319/3319/3854
f 3320/3320/3702 2718/2718/3067 2716/2716/3855
f 2722/2722/3069 2718/2718/3067 3320/3320/3702
f 2722/2722/3069 3320/3320/3702 3322/3322/3856
f 3389/3389/3772 3386/3386/3771 2721/2721/3857
f 2722/2722/3069 3389/3389/3772 2717/2717/3068
f 2717/2717/3068 3389/3389/3772 2721/2721/3857
f 2722/2722/3069 3387/3387/3774 3389/3389/3772
f 2638/2638/3077 2721/2721/3857 3386/3386/3771
f 3322/3322/3856 3387/3387/3774 2722/2722/3069
f 2600/2600/2952 3457/3457/3858 1689/1689/3532
f 2600/2600/2952 3458/3458/3859 3457/3457/3858
f 3158/3158/3909 1689/1689/3532 3457/3457/3858
f 3458/3458/3859 2600/2600/2952 2602/2602/2957
f 3458/3458/3859 2602/2602/2957 3459/3459/3948
f 2601/2601/2956 3460/3460/3860 2203/2203/2369
f 3461/3461/3865 2601/2601/2956 2211/2211/2377
f 2610/2610/3861 3461/3461/3865 2211/2211/2377
f 3460/3460/3860 2602/2602/2957 2203/2203/2369
f 3461/3461/3865 3460/3460/3860 2601/2601/2956
f 3459/3459/3948 2602/2602/2957 3460/3460/3860
f 2640/2640/2991 2629/2629/2978 2630/2630/2980
f 2630/2630/2980 3462/3462/3862 2640/2640/2991
f 3463/3463/3863 2614/2614/3864 2640/2640/2991
f 3460/3460/3860 3464/3464/3866 3459/3459/3948
f 3461/3461/3865 3464/3464/3866 3460/3460/3860
f 3461/3461/3865 3465/3465/3951 3464/3464/3866
f 3466/3466/3875 3465/3465/3951 3461/3461/3865
f 2615/2615/3070 2614/2614/3864 3463/3463/3863
f 2610/2610/3861 2723/2723/3071 3467/3467/3868
f 2723/2723/3071 2725/2725/3867 3467/3467/3868
f 3468/3468/3872 2724/2724/3870 2403/2403/2608
f 3467/3467/3868 2725/2725/3867 3469/3469/3871
f 2610/2610/3861 3467/3467/3868 3469/3469/3871
f 3469/3469/3871 3470/3470/3869 2610/2610/3861
f 3469/3469/3871 2725/2725/3867 2724/2724/3870
f 3469/3469/3871 2724/2724/3870 3468/3468/3872
f 3470/3470/3869 3469/3469/3871 3468/3468/3872
f 3470/3470/3869 3471/3471/3873 2610/2610/3861
f 3468/3468/3872 3472/3472/3874 3470/3470/3869
f 3470/3470/3869 3472/3472/3874 3471/3471/3873
f 2610/2610/3861 3466/3466/3875 3461/3461/3865
f 3466/3466/3875 2610/2610/3861 3471/3471/3873
f 3472/3472/3874 3468/3468/3872 3473/3473/3876
f 3473/3473/3876 3468/3468/3872 2403/2403/2608
f 3474/3474/3877 3471/3471/3873 3472/3472/3874
f 3474/3474/3877 3472/3472/3874 3473/3473/3876
f 3471/3471/3873 3475/3475/3878 3466/3466/3875
f 3476/3476/3890 3477/3477/3879 3478/3478/3880
f 3477/3477/3879 3479/3479/3920 3480/3480/3881
f 3477/3477/3879 3480/3480/3881 3478/3478/3880
f 3481/3481/3916 3482/3482/3883 3480/3480/3881
f 3483/3483/3882 3484/3484/3894 3478/3478/3880
f 3478/3478/3880 3480/3480/3881 3482/3482/3883
f 3483/3483/3882 3478/3478/3880 3482/3482/3883
f 3485/3485/3884 3483/3483/3882 3482/3482/3883
f 3486/3486/3885 3487/3487/3886 3488/3488/3887
f 3489/3489/3919 3490/3490/3893 3486/3486/3885
f 3487/3487/3886 3486/3486/3885 3491/3491/3888
f 3159/3159/3534 3488/3488/3887 3131/3131/3535
f 3492/3492/3889 3131/3131/3535 3488/3488/3887
f 3131/3131/3535 3492/3492/3889 3132/3132/3923
f 3487/3487/3886 3492/3492/3889 3488/3488/3887
f 3476/3476/3890 3478/3478/3880 3484/3484/3894
f 3476/3476/3890 3484/3484/3894 3493/3493/3891
f 3477/3477/3879 3476/3476/3890 3489/3489/3919
f 3489/3489/3919 3476/3476/3890 3490/3490/3893
f 3493/3493/3891 3490/3490/3893 3476/3476/3890
f 3491/3491/3888 3493/3493/3891 3494/3494/3892
f 3490/3490/3893 3493/3493/3891 3491/3491/3888
f 3491/3491/3888 3486/3486/3885 3490/3490/3893
f 3484/3484/3894 3483/3483/3882 3495/3495/3895
f 3484/3484/3894 3495/3495/3895 3496/3496/3896
f 3496/3496/3896 3493/3493/3891 3484/3484/3894
f 3493/3493/3891 3496/3496/3896 3494/3494/3892
f 3494/3494/3892 3496/3496/3896 3497/3497/3902
f 3487/3487/3886 3491/3491/3888 3498/3498/3924
f 3498/3498/3924 3491/3491/3888 3494/3494/3892
f 3494/3494/3892 3499/3499/3897 3498/3498/3924
f 3499/3499/3897 3494/3494/3892 3497/3497/3902
f 3499/3499/3897 3497/3497/3902 3500/3500/3898
f 3483/3483/3882 3485/3485/3884 3501/3501/3899
f 3502/3502/3900 3483/3483/3882 3501/3501/3899
f 3503/3503/3945 3502/3502/3900 3501/3501/3899
f 3495/3495/3895 3483/3483/3882 3502/3502/3900
f 3496/3496/3896 3495/3495/3895 3504/3504/3901
f 3497/3497/3902 3496/3496/3896 3505/3505/3903
f 3505/3505/3903 3500/3500/3898 3497/3497/3902
f 3506/3506/3905 3496/3496/3896 3504/3504/3901
f 3506/3506/3905 3505/3505/3903 3496/3496/3896
f 3495/3495/3895 3502/3502/3900 3504/3504/3901
f 3507/3507/3904 3504/3504/3901 3502/3502/3900
f 3502/3502/3900 3503/3503/3945 3507/3507/3904
f 3508/3508/3907 3505/3505/3903 3506/3506/3905
f 3509/3509/3906 3506/3506/3905 3504/3504/3901
f 3509/3509/3906 3508/3508/3907 3506/3506/3905
f 3508/5236/3907 3509/5237/3906 3510/3510/3957
f 3511/3511/3953 3500/3500/3898 3505/3505/3903
f 3511/3511/3953 3505/3505/3903 3508/3508/3907
f 3512/3512/3908 3504/3504/3901 3507/3507/3904
f 3504/5235/3901 3512/5239/3908 3509/5237/3906
f 3513/3513/3956 3509/5237/3906 3512/5239/3908
f 3155/3155/3533 1688/1688/3531 3154/3154/3526
f 3154/3154/3526 1688/1688/3531 3158/3158/3909
f 3514/3514/3910 3154/3154/3526 3158/3158/3909
f 3457/3457/3858 3514/3514/3910 3158/3158/3909
f 3515/3515/3913 3514/3514/3910 3516/3516/3918
f 3517/3517/3921 3130/3130/3522 3152/3152/3523
f 3518/3518/3911 3519/3519/3912 3515/3515/3913
f 3520/3520/3915 3518/3518/3911 3515/3515/3913
f 3519/3519/3912 3518/3518/3911 3479/3479/3920
f 3152/3152/3523 3151/3151/3524 3154/3154/3526
f 3514/3514/3910 3152/3152/3523 3154/3154/3526
f 3514/3514/3910 3515/3515/3913 3152/3152/3523
f 3152/3152/3523 3515/3515/3913 3519/3519/3912
f 3515/3515/3913 3516/3516/3918 3520/3520/3915
f 3521/3521/3938 3520/3520/3915 3516/3516/3918
f 3521/3521/3938 3516/3516/3918 3522/3522/3914
f 3520/3520/3915 3480/3480/3881 3518/3518/3911
f 3520/3520/3915 3481/3481/3916 3480/3480/3881
f 3518/3518/3911 3480/3480/3881 3479/3479/3920
f 3523/3523/3940 3482/3482/3883 3481/3481/3916
f 3523/3523/3940 3485/3485/3884 3482/3482/3883
f 3520/3520/3915 3521/3521/3938 3481/3481/3916
f 3521/3521/3938 3523/3523/3940 3481/3481/3916
f 3524/3524/3917 3457/3457/3858 3458/3458/3859
f 3524/3524/3917 3516/3516/3918 3514/3514/3910
f 3514/3514/3910 3457/3457/3858 3524/3524/3917
f 3522/3522/3914 3516/3516/3918 3524/3524/3917
f 3130/3130/3522 3517/3517/3921 3159/3159/3534
f 3519/3519/3912 3517/3517/3921 3152/3152/3523
f 3489/3489/3919 3519/3519/3912 3479/3479/3920
f 3517/3517/3921 3519/3519/3912 3489/3489/3919
f 3477/3477/3879 3489/3489/3919 3479/3479/3920
f 3488/3488/3887 3517/3517/3921 3486/3486/3885
f 3486/3486/3885 3517/3517/3921 3489/3489/3919
f 3488/3488/3887 3159/3159/3534 3517/3517/3921
f 3498/3498/3924 3492/3492/3889 3487/3487/3886
f 3492/3492/3889 3525/3525/3922 3132/3132/3923
f 3492/3492/3889 3498/3498/3924 3525/3525/3922
f 3194/3194/3925 3132/3132/3923 3525/3525/3922
f 3195/3195/3564 3526/3526/3931 3527/3527/3926
f 3165/3165/3927 3195/3195/3564 3527/3527/3926
f 3164/3164/3537 3165/3165/3927 3528/3528/3928
f 3499/3499/3897 3525/3525/3922 3498/3498/3924
f 3525/3525/3922 3499/3499/3897 3529/3529/3929
f 3526/3526/3931 3194/3194/3925 3525/3525/3922
f 3526/3526/3931 3525/3525/3922 3529/3529/3929
f 3529/3529/3929 3499/3499/3897 3500/3500/3898
f 3527/3527/3926 3528/3528/3928 3165/3165/3927
f 3530/3530/3930 3527/3527/3926 3526/3526/3931
f 3527/3527/3926 3530/3530/3930 3528/3528/3928
f 3526/3526/3931 3529/3529/3929 3530/3530/3930
f 3531/3531/3962 3528/5240/3928 3530/5241/3930
f 3163/5215/3536 3532/3532/3934 3167/3167/3932
f 3167/3167/3932 3533/3533/4005 3172/3172/4004
f 3533/3533/4005 3167/3167/3932 3532/3532/3934
f 3163/5215/3536 3164/5216/3537 3534/3534/3933
f 3534/3534/3933 3532/3532/3934 3163/5215/3536
f 3534/3534/3933 3164/5216/3537 3528/5240/3928
f 3532/3532/3934 3534/3534/3933 3535/3535/3935
f 3536/3536/4017 3532/3532/3934 3537/3537/4019
f 3538/3538/3936 3539/3539/3937 3521/3521/3938
f 3522/3522/3914 3540/3540/3939 3521/3521/3938
f 3538/3538/3936 3521/3521/3938 3540/3540/3939
f 3539/3539/3937 3485/3485/3884 3523/3523/3940
f 3541/3541/3941 3485/3485/3884 3539/3539/3937
f 3523/3523/3940 3521/3521/3938 3539/3539/3937
f 3541/3541/3941 3501/3501/3899 3485/3485/3884
f 3501/3501/3899 3541/3541/3941 3503/3503/3945
f 3542/3542/3943 3503/3503/3945 3541/3541/3941
f 3538/3538/3936 3541/3541/3941 3539/3539/3937
f 3543/3543/3942 3541/3541/3941 3538/3538/3936
f 3541/3541/3941 3543/3543/3942 3542/3542/3943
f 3544/3544/3944 3542/3542/3943 3543/3543/3942
f 3545/3545/3952 3542/3542/3943 3544/3544/3944
f 3546/3546/3946 3503/3503/3945 3542/3542/3943
f 3507/3507/3904 3503/3503/3945 3546/3546/3946
f 3546/3546/3946 3542/3542/3943 3547/3547/3947
f 3547/3547/3947 3542/3542/3943 3545/3545/3952
f 3524/3524/3917 3458/3458/3859 3459/3459/3948
f 3524/3524/3917 3540/3540/3939 3522/3522/3914
f 3548/3548/3949 3524/3524/3917 3459/3459/3948
f 3524/3524/3917 3548/3548/3949 3540/3540/3939
f 3543/3543/3942 3538/3538/3936 3540/3540/3939
f 3548/3548/3949 3549/3549/3950 3540/3540/3939
f 3549/3549/3950 3543/3543/3942 3540/3540/3939
f 3459/3459/3948 3549/3549/3950 3548/3548/3949
f 3464/3464/3866 3549/3549/3950 3459/3459/3948
f 3465/3465/3951 3549/3549/3950 3464/3464/3866
f 3465/3465/3951 3545/3545/3952 3549/3549/3950
f 3543/3543/3942 3549/3549/3950 3544/3544/3944
f 3545/3545/3952 3544/3544/3944 3549/3549/3950
f 3511/3511/3953 3529/3529/3929 3500/3500/3898
f 3511/3511/3953 3530/3530/3930 3529/3529/3929
f 3511/5238/3953 3508/5236/3907 3550/3550/3954
f 3530/5241/3930 3511/5238/3953 3550/3550/3954
f 3551/3551/3964 3550/3550/3954 3508/5236/3907
f 3531/3531/3962 3530/5241/3930 3550/3550/3954
f 3510/3510/3957 3551/3551/3964 3508/5236/3907
f 3546/3546/3946 3552/3552/3955 3507/3507/3904
f 3552/3552/3955 3512/3512/3908 3507/3507/3904
f 3552/5242/3955 3513/3513/3956 3512/5239/3908
f 3547/3547/3947 3552/3552/3955 3546/3546/3946
f 3510/3510/3957 3509/5237/3906 3513/3513/3956
f 3547/3547/3947 3553/3553/3968 3552/3552/3955
f 3554/3554/3958 3513/3513/3956 3552/5242/3955
f 3510/3510/3957 3513/3513/3956 3554/3554/3958
f 3554/3554/3958 3551/3551/3964 3510/3510/3957
f 3537/3537/4019 3555/3555/3959 3556/3556/3960
f 3534/3534/3933 3528/5240/3928 3557/3557/3961
f 3557/3557/3961 3535/3535/3935 3534/3534/3933
f 3557/3557/3961 3555/3555/3959 3535/3535/3935
f 3558/3558/3963 3555/3555/3959 3557/3557/3961
f 3528/5240/3928 3531/3531/3962 3557/3557/3961
f 3531/3531/3962 3550/3550/3954 3558/3558/3963
f 3531/3531/3962 3558/3558/3963 3557/3557/3961
f 3558/3558/3963 3550/3550/3954 3551/3551/3964
f 3532/3532/3934 3535/3535/3935 3537/3537/4019
f 3537/3537/4019 3535/3535/3935 3555/3555/3959
f 3558/3558/3963 3556/3556/3960 3555/3555/3959
f 3536/3536/4017 3537/3537/4019 3559/3559/3965
f 3545/3545/3952 3560/3560/4020 3547/3547/3947
f 3560/3560/4020 3553/3553/3968 3547/3547/3947
f 3561/3561/3967 3551/3551/3964 3554/3554/3958
f 3562/3562/3966 3556/3556/3960 3561/3561/3967
f 3552/5242/3955 3553/5243/3968 3554/3554/3958
f 3562/3562/3966 3561/3561/3967 3554/3554/3958
f 3562/3562/3966 3554/3554/3958 3553/5243/3968
f 3556/3556/3960 3562/3562/3966 3537/3537/4019
f 3561/3561/3967 3558/3558/3963 3551/3551/3964
f 3558/3558/3963 3561/3561/3967 3556/3556/3960
f 3195/3195/3564 3194/3194/3925 3526/3526/3931
f 3271/3271/3655 3277/3277/3969 3280/3280/3970
f 3278/3278/3975 3277/3277/3969 3269/3269/3660
f 3277/3277/3969 3278/3278/3975 3280/3280/3970
f 3280/3280/3970 3563/3563/3985 3275/3275/3661
f 3280/3280/3970 3278/3278/3975 3564/3564/3971
f 3285/3285/3667 3565/3565/3972 3279/3279/3973
f 3566/3566/3974 3564/3564/3971 3278/3278/3975
f 3565/3565/3972 3278/5230/3975 3279/3279/3973
f 3565/3565/3972 3566/5246/3976 3278/5230/3975
f 3563/5245/3977 3280/3280/3970 3564/3564/3971
f 3563/3563/3985 3283/3283/3978 3275/3275/3661
f 3564/3564/3979 3567/3567/3980 3563/5245/3981
f 3567/3567/3980 3564/3564/3979 3566/3566/3982
f 3565/3565/3972 3568/3568/3983 3566/5246/3976
f 3569/3569/3984 3568/3568/3983 3565/3565/3972
f 3288/3288/3668 3565/3565/3972 3285/3285/3667
f 3284/3284/3666 3565/3565/3972 3288/3288/3668
f 3565/3565/3972 3284/3284/3666 3569/3569/3984
f 3569/3569/3984 3284/3284/3666 3283/3283/3978
f 3563/3563/3985 3569/3569/3984 3283/3283/3978
f 3568/5247/3983 3569/5248/3984 3570/3570/3986
f 3568/5247/3983 3571/3571/3987 3566/3566/3976
f 3568/5247/3983 3570/3570/3986 3571/3571/3987
f 3569/5249/3984 3563/5245/3985 3572/3572/3988
f 3572/3572/3989 3563/5245/3981 3567/3567/3980
f 3569/5248/3984 3573/3573/3990 3570/3570/3986
f 3569/5249/3984 3572/3572/3988 3573/5251/3990
f 3566/3566/3982 3571/3571/3991 3567/3567/3980
f 3570/3570/3992 3567/3567/3980 3571/3571/3991
f 3573/5250/3993 3567/3567/3980 3570/3570/3992
f 3573/5251/3993 3572/3572/3989 3567/3567/3980
f 3462/3462/3862 3463/3463/3863 2640/2640/2991
f 3462/3462/3862 2630/2630/2980 3574/3574/3995
f 3575/3575/3999 3463/3463/3863 3462/3462/3862
f 3576/3576/3994 3574/3574/3995 2630/2630/2980
f 2630/2630/2980 3375/3375/3758 3576/3576/3994
f 3576/3576/3994 3375/3375/3758 3377/3377/3996
f 3576/3576/3994 3377/3377/3996 3577/3577/3997
f 3575/3575/3999 3462/3462/3862 3574/3574/3995
f 3577/3577/3997 3578/3578/3998 3575/3575/3999
f 3574/3574/3995 3576/3576/3994 3577/3577/3997
f 3577/3577/3997 3575/3575/3999 3574/3574/3995
f 3579/3579/4013 3575/3575/3999 3578/3578/3998
f 3463/3463/3863 3575/3575/3999 3579/3579/4013
f 3377/3377/3996 3380/3380/3765 3580/3580/4000
f 3580/3580/4000 3577/3577/3997 3377/3377/3996
f 3380/3380/3765 3382/3382/4002 3580/3580/4000
f 3581/3581/4003 3578/3578/3998 3580/3580/4000
f 3582/3582/4001 3578/3578/3998 3581/3581/4003
f 3580/3580/4000 3382/3382/4002 3581/3581/4003
f 3583/3583/4007 3173/3173/4006 3172/3172/4004
f 3583/3583/4007 3172/3172/4004 3533/3533/4005
f 3173/3173/4006 3581/3581/4003 3382/3382/4002
f 3583/3583/4007 3581/3581/4003 3173/3173/4006
f 3581/3581/4003 3583/3583/4007 3584/3584/4008
f 3584/3584/4008 3582/3582/4001 3581/3581/4003
f 3585/3585/4009 3582/3582/4001 3584/3584/4008
f 3585/3585/4009 3584/3584/4008 3586/3586/4010
f 3532/3532/3934 3536/3536/4017 3533/3533/4005
f 3533/3533/4005 3536/3536/4017 3587/3587/4011
f 3583/3583/4007 3533/3533/4005 3587/3587/4011
f 3583/3583/4007 3587/3587/4011 3588/3588/4012
f 3584/3584/4008 3583/3583/4007 3588/3588/4012
f 3584/3584/4008 3588/3588/4012 3586/3586/4010
f 3580/3580/4000 3578/3578/3998 3577/3577/3997
f 3589/3589/4014 3579/3579/4013 3582/3582/4001
f 3582/3582/4001 3579/3579/4013 3578/3578/3998
f 3579/3579/4013 3589/3589/4014 3463/3463/3863
f 3582/3582/4001 3585/3585/4009 3589/3589/4014
f 3590/3590/4015 3463/3463/3863 3589/3589/4014
f 3589/3589/4014 3585/3585/4009 3591/3591/4016
f 3590/3590/4015 3589/3589/4014 3591/3591/4016
f 2615/2615/3070 3463/3463/3863 3590/3590/4015
f 3592/3592/4025 2615/2615/3070 3590/3590/4015
f 3592/3592/4025 3590/3590/4015 3591/3591/4016
f 3591/3591/4016 3585/3585/4009 3586/3586/4010
f 3466/3466/3875 3560/3560/4020 3465/3465/3951
f 3560/3560/4020 3545/3545/3952 3465/3465/3951
f 3586/3586/4010 3587/3587/4011 3593/3593/4023
f 3593/3593/4023 3587/3587/4011 3536/3536/4017
f 3559/3559/3965 3593/3593/4023 3536/3536/4017
f 3588/3588/4012 3587/3587/4011 3586/3586/4010
f 3594/3594/4024 3593/3593/4023 3559/3559/3965
f 3595/3595/4018 3537/3537/4019 3562/3562/3966
f 3560/5244/4020 3562/3562/3966 3553/5243/3968
f 3537/3537/4019 3595/3595/4018 3559/3559/3965
f 3562/3562/3966 3560/5244/4020 3596/3596/4036
f 3596/3596/4036 3595/3595/4018 3562/3562/3966
f 3597/3597/4021 3586/3586/4010 3593/3593/4023
f 3591/3591/4016 3586/3586/4010 3597/3597/4021
f 3592/3592/4025 3591/3591/4016 3597/3597/4021
f 3598/3598/4022 3597/3597/4021 3593/3593/4023
f 3598/3598/4022 3593/3593/4023 3594/3594/4024
f 3599/3599/4029 3597/3597/4021 3598/3598/4022
f 3600/3600/4028 3592/3592/4025 3597/3597/4021
f 3598/3598/4022 3594/3594/4024 3559/3559/3965
f 3601/3601/4034 3595/3595/4018 3596/3596/4036
f 2397/2397/2598 2615/2615/3070 3592/3592/4025
f 2397/2397/2598 3592/3592/4025 3602/3602/4026
f 3603/3603/4042 3604/3604/4027 3466/3466/3875
f 3599/3599/4029 3600/3600/4028 3597/3597/4021
f 3605/3605/4032 3559/3559/3965 3595/3595/4018
f 3598/3598/4022 3559/3559/3965 3605/3605/4032
f 3599/3599/4029 3606/3606/4030 3600/3600/4028
f 3606/3606/4030 3599/3599/4029 3598/3598/4022
f 3605/3605/4032 3607/3607/4031 3598/3598/4022
f 3607/3607/4031 3605/3605/4032 3608/3608/4033
f 3608/3608/4033 3605/3605/4032 3601/3601/4034
f 3604/3604/4027 3560/3560/4020 3466/3466/3875
f 3560/3560/4020 3604/3604/4027 3596/5252/4036
f 3609/3609/4035 3601/3601/4034 3596/3596/4036
f 3596/5252/4036 3604/3604/4027 3609/5253/4035
f 3595/3595/4018 3601/3601/4034 3605/3605/4032
f 3608/3608/4033 3601/3601/4034 3609/3609/4035
f 3602/3602/4026 3592/3592/4025 3600/3600/4028
f 2408/2408/2614 2397/2397/2598 3602/3602/4026
f 3610/3610/4037 3602/3602/4026 3611/3611/4038
f 3610/3610/4037 2408/2408/2614 3602/3602/4026
f 3610/3610/4037 3612/3612/4039 3613/3613/4046
f 3611/3611/4038 3612/3612/4039 3610/3610/4037
f 3614/3614/4040 3615/3615/4041 3603/3603/4042
f 3616/3616/4043 3615/5255/4041 3614/5254/4040
f 3617/3617/4048 3616/3616/4043 3614/5254/4040
f 3608/3608/4033 3616/3616/4043 3611/3611/4038
f 3617/3617/4048 3613/3613/4046 3612/3612/4039
f 3617/3617/4048 3612/3612/4039 3616/3616/4043
f 3616/3616/4043 3612/3612/4039 3611/3611/4038
f 3618/3618/4044 3600/3600/4028 3606/3606/4030
f 3606/3606/4030 3598/3598/4022 3607/3607/4031
f 3602/3602/4026 3600/3600/4028 3618/3618/4044
f 3606/3606/4030 3611/3611/4038 3618/3618/4044
f 3606/3606/4030 3607/3607/4031 3608/3608/4033
f 3606/3606/4030 3608/3608/4033 3611/3611/4038
f 3618/3618/4044 3611/3611/4038 3602/3602/4026
f 3615/3615/4041 3604/3604/4027 3603/3603/4042
f 3604/3604/4027 3615/3615/4041 3609/5253/4035
f 3615/5255/4041 3608/3608/4033 3609/3609/4035
f 3615/5255/4041 3616/3616/4043 3608/3608/4033
f 3619/3619/4045 3473/3473/3876 2403/2403/2608
f 3619/3619/4045 3474/3474/3877 3473/3473/3876
f 2403/2403/2608 2408/2408/2614 3613/3613/4046
f 3471/3471/3873 3474/3474/3877 3475/3475/3878
f 3613/3613/4046 3619/3619/4045 2403/2403/2608
f 3474/3474/3877 3620/3620/4047 3475/3475/3878
f 3475/3475/3878 3603/3603/4042 3466/3466/3875
f 3620/3620/4047 3603/3603/4042 3475/3475/3878
f 3620/3620/4047 3474/3474/3877 3619/3619/4045
f 3613/3613/4046 2408/2408/2614 3610/3610/4037
f 3617/3617/4048 3620/3620/4047 3619/3619/4045
f 3617/3617/4048 3619/3619/4045 3613/3613/4046
f 3620/3620/4047 3617/3617/4048 3614/3614/4040
f 3603/3603/4042 3620/3620/4047 3614/3614/4040
f 1906/1906/1908 1905/4906/1896 1801/4898/1795
f 2254/2254/2421 1920/1920/2488 2248/2248/2418
f 2598/2598/2976 2596/2596/2948 3621/3621/4049
f 2539/2539/2850 2540/2540/2852 2594/2594/2949
f 3621/3621/4049 2596/2596/2948 2597/2597/2950
f 2596/2596/2948 2598/2598/2976 2575/2575/2916
f 3384/3384/3767 2625/2625/2977 2626/2626/2984
f 3621/3621/4049 2597/2597/2950 2631/2631/4050
f 2633/2633/2983 2598/2598/2976 3621/3621/4049
f 2631/2631/4050 2633/2633/2983 3621/3621/4049
f 2633/2633/2983 2626/2626/2984 2598/2598/2976
f 2636/2636/2987 2626/2626/2984 2633/2633/2983
f 2635/2635/2985 2626/2626/2984 2636/2636/2987
f 2635/2635/2985 2636/2636/2987 2634/2634/3766
f 2540/2540/2852 2674/2674/4051 2597/2597/2950
f 2677/2677/3072 2597/2597/2950 2674/2674/4051
f 2631/2631/4050 2597/2597/2950 2677/2677/3072
f 3199/3199/3570 3108/3108/3569 3198/3198/3567
f 3225/3225/3600 3199/3199/3570 3198/3198/3567
f 3226/3226/3606 3244/3244/3630 3215/3215/3590
f 3247/3247/3629 3226/5226/3606 3229/3229/3814
f 3247/3247/3629 3244/5227/3630 3226/5226/3606
f 2625/2625/2977 3384/3384/3767 3361/3361/3741
f 3372/3372/3770 3361/3361/3741 3384/3384/3767
f 3142/3142/3515 3360/3360/3761 3143/3143/3746
f 3361/3361/3741 3364/3364/3751 3362/3362/3745
f 3361/3361/3741 3371/3371/3754 3364/3364/3751
f 3361/3361/3741 3372/3372/3770 3371/3371/3754
f 3622/3622/4052 87/87/70 3623/3623/4065
f 90/90/4053 3624/3624/4054 3625/3625/4055
f 3624/3624/4054 90/90/4053 3622/3622/4052
f 87/87/70 88/88/72 3623/3623/4065
f 3626/3626/4059 3625/3625/4055 3624/3624/4054
f 3625/3625/4055 3626/3626/4059 3627/3627/4177
f 3626/3626/4059 3628/3628/4056 3627/3627/4177
f 3629/3629/4064 3622/3622/4052 3623/3623/4065
f 3624/3624/4054 3622/3622/4052 3629/3629/4064
f 3630/3630/4057 3623/3623/4065 88/88/72
f 3631/3631/4058 3626/3626/4059 3624/3624/4054
f 3632/3632/4061 3628/3628/4056 3626/3626/4059
f 3633/3633/4060 3628/3628/4056 3632/3632/4061
f 3629/3629/4064 3631/3631/4058 3624/3624/4054
f 3632/3632/4061 3626/3626/4059 3631/3631/4058
f 3634/3634/4066 92/92/83 3633/3633/4060
f 3635/3635/4062 3633/3633/4060 3632/3632/4061
f 3635/3635/4062 3632/3632/4061 3631/3631/4058
f 3631/3631/4058 3636/3636/4071 3635/3635/4062
f 3636/3636/4071 3631/3631/4058 3637/3637/4063
f 3637/3637/4063 3631/3631/4058 3629/3629/4064
f 3623/3623/4065 3638/3638/4068 3629/3629/4064
f 3639/3639/4073 3633/3633/4060 3635/3635/4062
f 3633/3633/4060 3639/3639/4073 3634/3634/4066
f 3640/3640/4067 100/100/82 3634/3634/4066
f 3623/3623/4065 3630/3630/4057 3641/3641/4126
f 3638/3638/4068 3623/3623/4065 3641/3641/4126
f 3642/3642/4069 3629/3629/4064 3638/3638/4068
f 3643/3643/4070 3642/3642/4069 3638/3638/4068
f 3636/3636/4071 3637/3637/4063 3642/3642/4069
f 3644/3644/4076 3642/3642/4069 3643/3643/4070
f 3644/3644/4076 3636/3636/4071 3642/3642/4069
f 3645/3645/4072 3638/3638/4068 3641/3641/4126
f 3643/3643/4070 3638/3638/4068 3645/3645/4072
f 3637/3637/4063 3629/3629/4064 3642/3642/4069
f 3636/3636/4071 3646/3646/4077 3635/3635/4062
f 3646/3646/4077 3639/3639/4073 3635/3635/4062
f 3647/3647/4080 3634/3634/4066 3639/3639/4073
f 3648/3648/4074 3634/3634/4066 3647/3647/4080
f 3634/3634/4066 3648/3648/4074 3640/3640/4067
f 3649/3649/4075 3644/3644/4076 3643/3643/4070
f 3650/3650/4084 3643/3643/4070 3651/3651/4082
f 3649/3649/4075 3643/3643/4070 3650/3650/4084
f 3645/3645/4072 3651/3651/4082 3643/3643/4070
f 3652/3652/4078 3636/3636/4071 3644/3644/4076
f 3646/3646/4077 3636/3636/4071 3652/3652/4078
f 3652/3652/4078 3644/3644/4076 3649/3649/4075
f 3653/3653/4079 3646/3646/4077 3652/3652/4078
f 3646/3646/4077 3653/3653/4079 3639/3639/4073
f 3639/3639/4073 3653/3653/4079 3647/3647/4080
f 3654/3654/4091 3652/3652/4078 3649/3649/4075
f 3655/3655/4083 3654/3654/4091 3649/3649/4075
f 3656/3656/4081 3651/3651/4082 3645/3645/4072
f 3655/3655/4083 3650/3650/4084 3651/3651/4082
f 3657/3657/4085 3655/3655/4083 3651/3651/4082
f 3657/3657/4085 3651/3651/4082 3656/3656/4081
f 3655/3655/4083 3649/3649/4075 3650/3650/4084
f 3658/3658/4086 3655/3655/4083 3657/3657/4085
f 3659/3659/4102 3654/3654/4091 3655/3655/4083
f 3660/3660/4087 3657/3657/4085 3656/3656/4081
f 3660/3660/4087 3656/3656/4081 3661/3661/4088
f 3653/3653/4079 3652/3652/4078 3662/3662/4089
f 3663/3663/4090 3653/3653/4079 3662/3662/4089
f 3662/3662/4089 3652/3652/4078 3654/3654/4091
f 3664/3664/4096 3663/3663/4090 3662/3662/4089
f 3663/3663/4090 3647/3647/4080 3653/3653/4079
f 3665/3665/4095 3647/3647/4080 3663/3663/4090
f 3664/3664/4096 3665/3665/4095 3663/3663/4090
f 3654/3654/4091 3666/3666/4092 3662/3662/4089
f 3667/3667/4093 3664/3664/4096 3662/3662/4089
f 3667/3667/4093 3662/3662/4089 3666/3666/4092
f 3668/3668/4094 3647/3647/4080 3665/3665/4095
f 3647/3647/4080 3668/3668/4094 3648/3648/4074
f 3665/3665/4095 3664/3664/4096 3669/3669/4097
f 3669/3669/4097 3668/3668/4094 3665/3665/4095
f 3669/3669/4097 3670/3670/4098 3668/3668/4094
f 3667/3667/4093 3669/3669/4097 3664/3664/4096
f 3667/3667/4093 3670/3670/4098 3669/3669/4097
f 3671/3671/4099 3670/3670/4098 3667/3667/4093
f 3668/3668/4094 3670/3670/4098 3648/3648/4074
f 3658/3658/4086 3659/3659/4102 3655/3655/4083
f 3660/3660/4087 3658/3658/4086 3657/3657/4085
f 3658/3658/4086 3660/5256/4087 3672/3672/4128
f 3673/3673/4100 3659/3659/4102 3658/3658/4086
f 3673/3673/4100 3658/3658/4086 3672/3672/4128
f 3666/3666/4092 3654/3654/4091 3659/3659/4102
f 3674/3674/4101 3666/3666/4092 3659/3659/4102
f 3659/3659/4102 3673/3673/4100 3674/3674/4101
f 3666/3666/4092 3674/3674/4101 3675/3675/4528
f 3673/3673/4100 3672/3672/4128 3676/3676/4103
f 3672/3672/4128 3677/3677/4104 3676/3676/4103
f 3666/3666/4092 3678/3678/4105 3667/3667/4093
f 3673/3673/4100 3676/3676/4103 3674/3674/4101
f 3678/3678/4105 3671/3671/4099 3667/3667/4093
f 3675/3675/4528 3678/3678/4105 3666/3666/4092
f 3641/3641/4126 3630/3630/4057 3679/3679/4106
f 3679/3679/4106 3630/3630/4057 3680/3680/4107
f 3679/3679/4106 3680/3680/4107 3681/3681/4108
f 3681/3681/4108 3680/3680/4107 3682/3682/4109
f 3682/3682/4109 3683/3683/4115 3681/3681/4108
f 3683/3683/4115 3682/3682/4109 3684/3684/4110
f 3682/3682/4109 3685/3685/4659 3684/3684/4110
f 3686/3686/4111 3641/3641/4126 3679/3679/4106
f 3686/3686/4111 3679/3679/4106 3687/3687/4118
f 3688/3688/4121 3686/3686/4111 3687/3687/4118
f 3685/3685/4659 3689/3689/4113 3684/3684/4110
f 3690/3690/4112 3684/3684/4110 3689/3689/4113
f 3690/3690/4112 3689/3689/4113 3691/3691/4667
f 3679/3679/4106 3681/3681/4108 3692/3692/4114
f 3692/3692/4114 3681/3681/4108 3683/3683/4115
f 3692/3692/4114 3683/3683/4115 3684/3684/4110
f 3693/3693/4122 3684/3684/4110 3690/3690/4112
f 3690/3690/4670 3694/3694/4116 3695/3695/4117
f 3679/3679/4106 3692/3692/4114 3687/3687/4118
f 3696/3696/4119 3687/3687/4118 3692/3692/4114
f 3696/3696/4119 3692/3692/4114 3697/3697/4120
f 3688/3688/4121 3687/3687/4118 3696/3696/4119
f 3692/3692/4114 3684/3684/4110 3697/3697/4120
f 3693/3693/4122 3690/3690/4670 3695/3695/4117
f 3698/3698/4123 3684/3684/4110 3693/3693/4122
f 3698/3698/4123 3693/3693/4122 3695/3695/4117
f 3699/3699/4150 3700/3700/4124 3701/3701/4652
f 3697/3697/4120 3684/3684/4110 3698/3698/4123
f 3695/3695/4117 3700/3700/4124 3699/3699/4150
f 3702/3702/4148 3698/3698/4123 3695/3695/4117
f 3702/3702/4148 3695/3695/4117 3699/3699/4150
f 3699/3699/4150 3701/3701/4652 3703/3703/4125
f 3704/3704/4130 3645/3645/4072 3641/3641/4126
f 3645/3645/4072 3661/3661/4088 3656/3656/4081
f 3705/3705/4129 3660/5256/4087 3661/5257/4088
f 3661/3661/4088 3645/3645/4072 3704/3704/4130
f 3706/3706/4127 3705/3705/4129 3661/5257/4088
f 3672/3672/4128 3705/3705/4129 3707/3707/4166
f 3704/3704/4130 3641/3641/4126 3686/3686/4111
f 3704/3704/4130 3686/3686/4111 3708/3708/4131
f 3688/3688/4121 3708/3708/4131 3686/3686/4111
f 3708/3708/4131 3688/3688/4121 3709/3709/4134
f 3709/3709/4134 3688/3688/4121 3710/3710/4132
f 3708/3708/4131 3709/3709/4134 3711/3711/4133
f 3709/3709/4134 3710/3710/4132 3712/3712/4135
f 3709/3709/4134 3712/3712/4135 3713/3713/4142
f 3713/3713/4142 3711/3711/4133 3709/3709/4134
f 3713/3713/4142 3714/3714/4137 3711/3711/4133
f 3704/3704/4130 3708/3708/4131 3711/3711/4133
f 3715/3715/4136 3711/3711/4133 3714/3714/4137
f 3704/3704/4130 3711/3711/4133 3715/3715/4136
f 3715/3715/4136 3714/3714/4137 3716/3716/4138
f 3661/3661/4088 3704/3704/4130 3715/3715/4136
f 3706/3706/4127 3661/5257/4088 3715/5258/4136
f 3706/3706/4127 3717/3717/4161 3705/3705/4129
f 3710/3710/4132 3688/3688/4121 3696/3696/4119
f 3696/3696/4119 3718/3718/4139 3710/3710/4132
f 3719/3719/4143 3710/3710/4132 3718/3718/4139
f 3696/3696/4119 3697/3697/4120 3720/3720/4140
f 3718/3718/4139 3696/3696/4119 3720/3720/4140
f 3718/3718/4139 3721/3721/4151 3719/3719/4143
f 3722/3722/4141 3713/3713/4142 3712/3712/4135
f 3710/3710/4132 3719/3719/4143 3712/3712/4135
f 3723/3723/4144 3713/3713/4142 3722/3722/4141
f 3724/3724/4145 3723/3723/4144 3722/3722/4141
f 3723/3723/4144 3714/3714/4137 3713/3713/4142
f 3724/3724/4145 3725/3725/4158 3723/3723/4144
f 3712/3712/4135 3726/3726/4146 3722/3722/4141
f 3724/3724/4145 3722/3722/4141 3726/3726/4146
f 3716/3716/4138 3714/3714/4137 3723/3723/4144
f 3706/3706/4127 3715/5258/4136 3727/3727/4162
f 3721/3721/4151 3712/3712/4135 3719/3719/4143
f 3721/3721/4151 3726/3726/4146 3712/3712/4135
f 3698/3698/4123 3728/3728/4149 3697/3697/4120
f 3720/3720/4140 3697/3697/4120 3729/3729/4147
f 3729/3729/4147 3697/3697/4120 3728/3728/4149
f 3702/3702/4148 3728/3728/4149 3698/3698/4123
f 3702/3702/4148 3699/3699/4150 3730/3730/4155
f 3731/3731/4152 3702/3702/4148 3730/3730/4155
f 3721/3721/4151 3718/3718/4139 3720/3720/4140
f 3721/3721/4151 3720/3720/4140 3729/3729/4147
f 3732/3732/4157 3721/3721/4151 3729/3729/4147
f 3729/3729/4147 3728/3728/4149 3731/3731/4152
f 3731/3731/4152 3728/3728/4149 3702/3702/4148
f 3731/3731/4152 3732/3732/4157 3729/3729/4147
f 3732/3732/4157 3731/3731/4152 3733/3733/4153
f 3733/3733/4153 3734/3734/4154 3732/3732/4157
f 3730/3730/4155 3703/3703/4125 3735/3735/4672
f 3730/3730/4155 3699/3699/4150 3703/3703/4125
f 3736/3736/4695 3730/3730/4155 3737/3737/4156
f 3721/3721/4151 3732/3732/4157 3726/3726/4146
f 3724/3724/4145 3726/3726/4146 3738/3738/4160
f 3738/3738/4160 3725/3725/4158 3724/3724/4145
f 3733/3733/4159 3731/3731/4152 3730/3730/4155
f 3736/3736/4695 3733/3733/4159 3730/3730/4155
f 3734/3734/4697 3726/3726/4146 3732/3732/4157
f 3734/3734/4697 3738/3738/4160 3726/3726/4146
f 3725/5260/4158 3738/5262/4160 3739/3739/4711
f 3717/3717/4161 3707/3707/4166 3705/3705/4129
f 3717/3717/4161 3706/3706/4127 3727/3727/4162
f 3740/3740/4163 3707/3707/4166 3717/3717/4161
f 3725/5260/4158 3741/3741/4164 3742/3742/4170
f 3741/3741/4164 3725/5260/4158 3739/3739/4711
f 3743/3743/4165 3742/3742/4170 3741/3741/4164
f 3707/3707/4166 3744/3744/4167 3745/3745/4168
f 3744/3744/4167 3707/3707/4166 3746/3746/4169
f 3746/3746/4169 3742/3742/4170 3743/3743/4165
f 3746/3746/4169 3743/3743/4165 3744/3744/4167
f 3705/3705/4129 3672/3672/4128 3660/5256/4087
f 3707/3707/4166 3745/3745/4168 3672/3672/4128
f 3677/3677/4104 3672/3672/4128 3745/3745/4168
f 3723/3723/4144 3725/3725/4158 3716/3716/4138
f 3727/3727/4162 3715/5258/4136 3716/5259/4138
f 3727/3727/4162 3716/5259/4138 3742/3742/4170
f 3725/5260/4158 3742/3742/4170 3716/5259/4138
f 3717/3717/4161 3727/3727/4162 3740/3740/4163
f 3740/3740/4163 3727/3727/4162 3742/3742/4170
f 3742/3742/4170 3746/3746/4169 3740/3740/4163
f 3740/3740/4163 3746/3746/4169 3707/3707/4166
f 86/86/74 3747/3747/4171 89/89/73
f 3748/3748/4172 86/86/74 90/90/4053
f 3747/3747/4171 86/86/74 3748/3748/4172
f 89/89/73 3747/3747/4171 74/74/75
f 91/91/4174 74/74/75 3747/3747/4171
f 91/91/4174 3747/3747/4171 3749/3749/4173
f 3748/3748/4172 3749/3749/4173 3747/3747/4171
f 3749/3749/4173 3750/3750/4176 91/91/4174
f 3749/3749/4173 3751/3751/4175 3750/3750/4176
f 3749/3749/4173 3748/3748/4172 3751/3751/4175
f 87/87/70 3622/3622/4052 90/90/4053
f 3625/3625/4055 3751/3751/4175 3748/3748/4172
f 3752/3752/4178 3750/3750/4176 3751/3751/4175
f 3625/3625/4055 3748/3748/4172 90/90/4053
f 3752/3752/4178 3751/3751/4175 3625/3625/4055
f 3633/3633/4060 92/92/83 91/91/4174
f 3633/3633/4060 91/91/4174 3750/3750/4176
f 3750/3750/4176 3752/3752/4178 3633/3633/4060
f 3627/3627/4177 3752/3752/4178 3625/3625/4055
f 3633/3633/4060 3752/3752/4178 3627/3627/4177
f 3753/3753/4221 100/100/82 3754/3754/4179
f 3630/3630/4057 108/108/101 132/132/114
f 88/88/72 108/108/101 3630/3630/4057
f 132/132/114 133/133/4180 3755/3755/4181
f 3755/3755/4181 3630/3630/4057 132/132/114
f 3756/3756/4211 133/133/4180 134/134/130
f 3757/3757/4190 134/134/130 151/151/4182
f 3758/3758/4193 151/4732/4182 152/152/4183
f 3759/3759/4184 3760/3760/4186 151/4731/4182
f 151/4731/4182 3758/5263/4193 3759/3759/4184
f 3761/3761/4185 3760/3760/4186 3759/3759/4184
f 3761/3761/4185 3762/3762/4197 3760/3760/4186
f 3759/3759/4184 3763/3763/4200 3761/3761/4185
f 3757/3757/4190 151/151/4182 3760/5264/4186
f 3760/3760/4186 3762/3762/4197 3764/3764/4188
f 3760/5264/4186 3765/3765/4187 3757/3757/4190
f 3764/5265/4188 3765/3765/4187 3760/5264/4186
f 3766/3766/4189 3757/3757/4190 3765/3765/4187
f 3756/3756/4211 134/134/130 3757/3757/4190
f 3764/5265/4188 3766/3766/4189 3765/3765/4187
f 3764/3764/4188 3762/3762/4197 3767/3767/4191
f 3762/3762/4197 3768/3768/4199 3767/3767/4191
f 3769/3769/4206 3764/5265/4188 3767/3767/4191
f 3770/3770/4192 3764/5265/4188 3769/3769/4206
f 3764/5265/4188 3770/3770/4192 3766/3766/4189
f 3771/3771/4202 3772/3772/4207 3767/3767/4191
f 3769/3769/4206 3767/3767/4191 3772/3772/4207
f 3758/3758/4193 152/152/4183 153/153/4195
f 3758/5263/4193 3773/3773/4196 3774/3774/4194
f 3758/3758/4193 153/153/4195 3773/5266/4196
f 3758/5263/4193 3774/3774/4194 3759/3759/4184
f 3759/3759/4184 3774/3774/4194 3763/3763/4200
f 153/153/4195 148/148/131 149/149/4225
f 3763/3763/4200 3774/3774/4194 3775/3775/4229
f 3763/3763/4200 3762/3762/4197 3761/3761/4185
f 3762/3762/4197 3776/3776/4198 3768/3768/4199
f 3776/3776/4198 3762/3762/4197 3763/3763/4200
f 3776/3776/4198 3777/3777/4201 3768/3768/4199
f 3771/3771/4202 3768/3768/4199 3777/3777/4201
f 3767/3767/4191 3768/3768/4199 3771/3771/4202
f 3778/3778/4203 3776/3776/4198 3763/3763/4200
f 3777/3777/4201 3776/3776/4198 3778/3778/4203
f 3778/3778/4203 3763/3763/4200 3779/3779/4204
f 3771/3771/4202 3777/3777/4201 3780/3780/4248
f 3781/3781/4209 3756/3756/4211 3757/3757/4190
f 3781/3781/4209 3757/3757/4190 3766/3766/4189
f 3771/3771/4202 3782/3782/4205 3772/3772/4207
f 3769/3769/4206 3772/3772/4207 3783/3783/4208
f 3782/3782/4205 3783/3783/4208 3772/3772/4207
f 3784/3784/4217 3756/3756/4211 3781/3781/4209
f 3784/3784/4217 3781/3781/4209 3766/3766/4189
f 3785/3785/4213 3766/3766/4189 3770/3770/4192
f 3785/3785/4213 3784/3784/4217 3766/3766/4189
f 3771/3771/4202 3780/3780/4248 3782/3782/4205
f 133/133/4180 3756/3756/4211 3786/3786/4215
f 3787/3787/4210 3756/3756/4211 3784/3784/4217
f 3786/3786/4215 3756/3756/4211 3787/3787/4210
f 3788/3788/4651 3755/3755/4181 133/133/4180
f 3788/3788/4651 133/133/4180 3786/3786/4215
f 3789/3789/4212 3785/3785/4213 3790/3790/4218
f 3791/3791/4216 3785/3785/4213 3789/3789/4212
f 3789/3789/4212 3792/3792/4282 3791/3791/4216
f 3787/3787/4210 3793/3793/4214 3786/3786/4215
f 3792/3792/4282 3787/3787/4210 3791/3791/4216
f 3792/3792/4282 3793/3793/4214 3787/3787/4210
f 3791/3791/4216 3784/3784/4217 3785/3785/4213
f 3791/3791/4216 3787/3787/4210 3784/3784/4217
f 3790/3790/4218 3770/3770/4192 3769/3769/4206
f 3770/3770/4192 3790/3790/4218 3785/3785/4213
f 100/100/82 3753/3753/4221 157/157/149
f 103/103/87 158/158/143 211/211/4336
f 103/103/87 211/211/4336 106/106/4219
f 211/211/4336 3794/3794/4338 106/106/4219
f 107/107/88 106/106/4219 3794/3794/4338
f 3795/3795/4220 3753/3753/4221 3754/3754/4179
f 165/165/150 157/157/149 3753/3753/4221
f 3795/3795/4220 165/165/150 3753/3753/4221
f 3796/3796/4222 3797/3797/4223 3798/3798/4365
f 3799/3799/4224 3797/3797/4223 3796/3796/4222
f 3799/3799/4224 3796/3796/4222 3800/3800/4360
f 3799/3799/4224 3801/3801/4266 3797/3797/4223
f 105/105/86 107/107/88 146/146/4233
f 3802/3802/4228 153/153/4195 149/149/4225
f 3802/3802/4228 3803/3803/4226 153/153/4195
f 149/149/4225 3804/3804/4227 3802/3802/4228
f 3802/3802/4228 3804/3804/4227 3803/3803/4226
f 3779/3779/4204 3763/3763/4200 3775/3775/4229
f 153/153/4195 3803/3803/4226 3773/5266/4196
f 3773/3773/4196 3803/5268/4226 3774/3774/4194
f 3775/3775/4229 3774/3774/4194 3803/5268/4226
f 3775/3775/4229 3805/3805/4230 3779/3779/4204
f 3805/3805/4230 3806/3806/4231 3779/3779/4204
f 3806/3806/4231 3778/3778/4203 3779/3779/4204
f 3777/3777/4201 3778/3778/4203 3806/3806/4231
f 3780/3780/4248 3777/3777/4201 3806/3806/4231
f 3780/3780/4248 3806/3806/4231 3807/3807/4244
f 3775/3775/4229 3803/5268/4226 3808/3808/4232
f 3805/3805/4230 3807/3807/4244 3806/3806/4231
f 3808/3808/4232 3805/3805/4230 3775/3775/4229
f 146/146/4233 3809/3809/4235 147/147/128
f 3809/3809/4235 149/149/4225 147/147/128
f 146/146/4233 3810/3810/4234 3809/3809/4235
f 3811/3811/4236 3803/3803/4226 3804/3804/4227
f 3808/3808/4232 3803/5268/4226 3811/5269/4236
f 3804/3804/4227 149/149/4225 3812/3812/4255
f 3813/3813/4237 3804/3804/4227 3812/3812/4255
f 3813/3813/4237 3811/3811/4236 3804/3804/4227
f 3810/3810/4234 149/149/4225 3809/3809/4235
f 3812/3812/4255 149/149/4225 3814/3814/4271
f 3813/5270/4237 3815/3815/4238 3811/5269/4236
f 3816/3816/4239 3813/3813/4237 3812/3812/4255
f 3816/5273/4239 3815/3815/4238 3813/5270/4237
f 3817/3817/4242 3808/3808/4232 3811/5269/4236
f 3817/3817/4242 3818/3818/4240 3808/3808/4232
f 3815/3815/4238 3817/3817/4242 3811/5269/4236
f 3819/3819/4241 3817/5276/4242 3815/5272/4238
f 3819/3819/4241 3820/3820/4243 3817/5276/4242
f 3820/3820/4243 3819/3819/4241 3821/3821/4253
f 3818/3818/4240 3805/3805/4230 3808/3808/4232
f 3822/3822/4250 3780/3780/4248 3807/3807/4244
f 3818/3818/4240 3823/3823/4245 3805/3805/4230
f 3824/3824/4246 3807/3807/4244 3805/3805/4230
f 3822/3822/4250 3807/3807/4244 3824/3824/4246
f 3825/3825/4247 3780/3780/4248 3822/3822/4250
f 3823/3823/4245 3824/3824/4246 3805/3805/4230
f 3823/3823/4245 3826/3826/4249 3824/3824/4246
f 3822/3822/4250 3824/3824/4246 3826/3826/4249
f 3827/3827/4251 3818/3818/4240 3817/3817/4242
f 3827/3827/4251 3823/3823/4245 3818/3818/4240
f 3817/5276/4242 3820/3820/4243 3827/5277/4251
f 3820/3820/4243 3821/3821/4253 3827/5277/4251
f 3827/5277/4251 3821/3821/4253 3826/3826/4249
f 3826/3826/4249 3823/3823/4245 3827/3827/4251
f 3828/3828/4252 3826/3826/4249 3821/3821/4253
f 3826/3826/4249 3825/3825/4247 3822/3822/4250
f 3829/3829/4254 3815/5272/4238 3816/5274/4239
f 3812/3812/4255 3814/3814/4271 3830/3830/4256
f 3830/3830/4256 3816/3816/4239 3812/3812/4255
f 3831/3831/4257 3816/5275/4239 3830/5279/4256
f 3831/3831/4257 3830/5279/4256 3814/5271/4271
f 3832/3832/4258 3815/5272/4238 3829/3829/4254
f 3832/3832/4258 3819/3819/4241 3815/5272/4238
f 3821/3821/4253 3819/3819/4241 3833/3833/4259
f 3834/3834/4269 3816/5275/4239 3831/3831/4257
f 3816/5275/4239 3834/3834/4269 3829/5278/4254
f 3832/3832/4258 3835/3835/4261 3833/3833/4259
f 3836/3836/4273 3837/3837/4260 3829/3829/4254
f 3834/3834/4269 3836/5280/4273 3829/5278/4254
f 3829/3829/4254 3837/3837/4260 3832/3832/4258
f 3835/3835/4261 3832/3832/4258 3837/3837/4260
f 3834/3834/4269 3831/3831/4257 3814/5271/4271
f 3838/3838/4262 3839/3839/4263 3814/5271/4271
f 3832/3832/4258 3833/3833/4259 3819/3819/4241
f 3840/3840/4264 3841/3841/4265 3801/3801/4266
f 3836/3836/4273 3842/3842/4267 3837/3837/4260
f 3835/3835/4261 3837/3837/4260 3842/3842/4267
f 3843/3843/4268 3836/5280/4273 3834/3834/4269
f 3843/3843/4268 3834/3834/4269 3844/3844/4270
f 3844/3844/4270 3834/3834/4269 3814/5271/4271
f 3845/3845/4272 3835/3835/4261 3842/3842/4267
f 3844/3844/4270 3814/5271/4271 3839/3839/4263
f 3842/3842/4267 3846/3846/4274 3845/3845/4272
f 3836/3836/4273 3846/3846/4274 3842/3842/4267
f 3847/3847/4295 3846/3846/4274 3836/3836/4273
f 3839/3839/4263 3848/3848/4275 3844/3844/4270
f 3848/3848/4275 3841/3841/4265 3840/3840/4264
f 3782/3782/4205 3780/3780/4248 3825/3825/4247
f 3849/3849/4276 3828/3828/4252 3821/3821/4253
f 3821/3821/4253 3833/3833/4259 3849/3849/4276
f 3825/3825/4247 3826/3826/4249 3828/3828/4252
f 3850/3850/4279 3825/3825/4247 3828/3828/4252
f 3845/3845/4272 3833/3833/4259 3835/3835/4261
f 3851/3851/4277 3833/3833/4259 3845/3845/4272
f 3851/3851/4277 3849/3849/4276 3833/3833/4259
f 3852/3852/4278 3850/3850/4279 3828/3828/4252
f 3828/3828/4252 3849/3849/4276 3852/3852/4278
f 3845/3845/4272 3846/3846/4274 3851/3851/4277
f 3825/3825/4247 3850/3850/4279 3853/3853/4292
f 3628/3628/4056 3633/3633/4060 3627/3627/4177
f 3854/3854/4280 3786/3786/4215 3793/3793/4214
f 3793/3793/4214 3855/3855/4281 3854/3854/4280
f 3855/3855/4281 3793/3793/4214 3792/3792/4282
f 3855/3855/4281 3792/3792/4282 3789/3789/4212
f 100/100/82 92/92/83 3634/3634/4066
f 3640/3640/4067 3754/3754/4179 100/100/82
f 3856/3856/4469 3857/3857/4283 3799/3799/4224
f 3800/3800/4360 3856/3856/4469 3799/3799/4224
f 3856/3856/4469 3858/3858/4831 3857/3857/4283
f 3800/3800/4360 3859/3859/4286 3856/3856/4469
f 3860/3860/4284 3856/3856/4469 3859/3859/4286
f 3795/3795/4220 3754/3754/4179 3861/3861/4285
f 3861/3861/4285 3862/3862/4288 3795/3795/4220
f 3860/3860/4284 3859/3859/4286 3863/3863/4287
f 3795/3795/4220 3864/3864/4289 3865/3865/4320
f 3862/3862/4288 3864/3864/4289 3795/3795/4220
f 3801/3801/4266 3857/3857/4283 3840/3840/4264
f 3847/5281/4295 3836/5280/4273 3843/3843/4268
f 3866/3866/4290 3847/5281/4295 3843/3843/4268
f 3847/5281/4295 3866/3866/4290 3867/3867/4291
f 3853/3853/4292 3782/3782/4205 3825/3825/4247
f 3850/3850/4279 3868/3868/4293 3853/3853/4292
f 3850/3850/4279 3852/3852/4278 3868/3868/4293
f 3846/3846/4274 3847/3847/4295 3851/3851/4277
f 3869/3869/4294 3851/3851/4277 3847/3847/4295
f 3851/3851/4277 3869/3869/4294 3849/3849/4276
f 3869/3869/4294 3847/3847/4295 3867/5282/4291
f 3870/3870/4296 3866/3866/4290 3871/3871/4301
f 3870/3870/4296 3867/3867/4291 3866/3866/4290
f 3869/3869/4294 3867/5282/4291 3872/3872/4297
f 3870/3870/4296 3872/5283/4297 3867/3867/4291
f 3872/3872/4297 3873/3873/4298 3869/3869/4294
f 3874/3874/4300 3872/5283/4297 3870/3870/4296
f 3874/3874/4300 3870/3870/4296 3871/3871/4301
f 3875/3875/4299 3873/3873/4298 3872/3872/4297
f 3873/3873/4298 3876/3876/4315 3869/3869/4294
f 3874/3874/4300 3875/5284/4299 3872/5283/4297
f 3866/3866/4290 3843/3843/4268 3844/3844/4270
f 3871/3871/4301 3866/3866/4290 3844/3844/4270
f 3871/3871/4301 3844/3844/4270 3848/3848/4275
f 3869/3869/4294 3876/3876/4315 3849/3849/4276
f 3876/3876/4315 3852/3852/4278 3849/3849/4276
f 3877/3877/4448 3878/3878/4302 3879/3879/4303
f 3857/3857/4283 3858/3858/4831 3840/3840/4264
f 3880/3880/4470 3856/3856/4469 3860/3860/4284
f 3881/3881/4309 3873/3873/4298 3875/3875/4299
f 3882/3882/4304 3875/5284/4299 3874/3874/4300
f 3882/3882/4304 3874/3874/4300 3871/3871/4301
f 3871/3871/4301 3883/3883/4307 3882/3882/4304
f 3873/3873/4298 3881/3881/4309 3876/3876/4315
f 3871/3871/4301 3848/3848/4275 3884/3884/4305
f 3884/3884/4305 3848/3848/4275 3840/3840/4264
f 3884/3884/4305 3883/3883/4307 3871/3871/4301
f 3885/3885/4306 3875/5284/4299 3882/3882/4304
f 3885/3885/4306 3882/3882/4304 3883/3883/4307
f 3886/3886/4487 3885/3885/4306 3883/3883/4307
f 3887/3887/4308 3884/3884/4305 3840/3840/4264
f 3883/3883/4307 3884/3884/4305 3886/3886/4487
f 3881/3881/4309 3875/3875/4299 3888/3888/4311
f 3888/3888/4311 3889/3889/4310 3881/3881/4309
f 3876/3876/4315 3881/3881/4309 3889/3889/4310
f 3885/3885/4306 3888/5287/4311 3875/5284/4299
f 3879/3879/4312 3888/5287/4311 3885/3885/4306
f 3879/3879/4312 3890/3890/4313 3888/5287/4311
f 3890/5288/4313 3889/3889/4310 3888/3888/4311
f 3891/3891/4314 3876/3876/4315 3889/3889/4310
f 183/183/168 181/181/166 164/164/4319
f 3892/3892/4316 3893/3893/4325 191/191/173
f 3893/3893/4325 3892/3892/4316 3894/3894/4323
f 3895/3895/4317 3893/3893/4325 3894/3894/4323
f 3896/3896/4318 183/183/168 164/164/4319
f 3897/3897/4322 183/183/168 3896/3896/4318
f 3897/3897/4322 191/191/173 183/183/168
f 3892/3892/4316 191/191/173 3897/3897/4322
f 3865/3865/4320 3896/3896/4318 164/164/4319
f 3898/3898/4321 3896/3896/4318 3865/3865/4320
f 3898/3898/4321 3897/3897/4322 3896/3896/4318
f 3894/3894/4323 3892/3892/4316 3897/3897/4322
f 3894/3894/4323 3897/3897/4322 3898/3898/4321
f 182/182/172 191/191/173 190/190/4324
f 3893/3893/4325 190/190/4324 191/191/173
f 196/196/4329 190/190/4324 3893/3893/4325
f 3899/3899/4326 197/197/180 196/196/4329
f 198/198/181 197/197/180 3899/3899/4326
f 198/198/181 3899/3899/4326 3900/3900/4327
f 3895/3895/4317 196/196/4329 3893/3893/4325
f 3901/3901/4331 3894/3894/4323 3898/3898/4321
f 3901/3901/4331 3895/3895/4317 3894/3894/4323
f 3895/3895/4317 3901/3901/4331 3902/3902/4330
f 3903/3903/4328 3899/3899/4326 196/196/4329
f 3902/3902/4330 196/196/4329 3895/3895/4317
f 196/196/4329 3902/3902/4330 3903/3903/4328
f 3900/3900/4327 3899/3899/4326 3904/3904/4333
f 3904/3904/4333 3899/3899/4326 3903/3903/4328
f 3905/3905/4578 3901/3901/4331 3898/3898/4321
f 3906/3906/4332 3902/3902/4330 3901/3901/4331
f 3902/3902/4330 3906/3906/4332 3903/3903/4328
f 198/198/181 3900/3900/4327 202/4734/213
f 3904/3904/4333 3903/3903/4328 3907/3907/4334
f 3907/3907/4334 3900/3900/4327 3904/3904/4333
f 211/211/4336 207/207/188 3908/3908/4337
f 3865/3865/4320 164/164/4319 165/165/150
f 3909/3909/4335 211/211/4336 3908/3908/4337
f 3794/3794/4338 3909/3909/4335 3910/3910/4374
f 3910/3910/4374 3911/3911/4339 3794/3794/4338
f 3794/3794/4338 3912/3912/4340 107/107/88
f 3912/3912/4340 146/146/4233 107/107/88
f 3913/3913/4380 146/146/4233 3912/3912/4340
f 3794/3794/4338 211/211/4336 3909/3909/4335
f 3794/3794/4338 3911/3911/4339 3912/3912/4340
f 3914/3914/4344 3908/3908/4337 207/207/188
f 207/207/188 3915/3915/4341 3914/3914/4344
f 206/206/187 3915/3915/4341 207/207/188
f 3915/3915/4341 206/206/187 3916/3916/4342
f 3917/3917/4343 3915/3915/4341 3916/5289/4342
f 3917/3917/4343 3916/5289/4342 3918/3918/4349
f 210/210/192 3916/3916/4342 206/206/187
f 3915/3915/4341 3917/3917/4343 3914/3914/4344
f 3919/3919/4345 3914/3914/4344 3917/3917/4343
f 3919/3919/4345 3917/3917/4343 3920/3920/4351
f 3918/3918/4349 3916/5289/4342 3921/3921/4346
f 3921/3921/4346 3916/5289/4342 213/4735/193
f 3916/3916/4342 210/210/192 213/213/193
f 3921/3921/4346 213/4735/193 221/221/4347
f 3922/3922/4348 3921/3921/4346 221/221/4347
f 3921/3921/4346 3922/3922/4348 3918/3918/4349
f 3920/3920/4351 3917/3917/4343 3918/3918/4349
f 3918/3918/4349 3923/3923/4350 3920/3920/4351
f 3908/3908/4337 3914/3914/4344 3919/3919/4345
f 3908/3908/4337 3924/3924/4352 3909/3909/4335
f 3910/3910/4374 3909/3909/4335 3924/3924/4352
f 3924/3924/4352 3908/3908/4337 3919/3919/4345
f 3920/3920/4351 3925/3925/4377 3919/3919/4345
f 3923/3923/4350 3925/3925/4377 3920/3920/4351
f 3925/3925/4377 3924/3924/4352 3919/3919/4345
f 3922/3922/4348 221/221/4347 222/222/201
f 222/4738/201 225/225/4353 3922/5290/4348
f 3923/3923/4350 3918/3918/4349 3922/3922/4348
f 3922/5290/4348 225/225/4353 3926/3926/4354
f 3925/3925/4377 3923/3923/4350 3927/3927/4356
f 3923/3923/4350 3922/3922/4348 3928/3928/4355
f 3927/3927/4356 3923/3923/4350 3928/3928/4355
f 3927/3927/4356 3928/3928/4355 3929/3929/4378
f 3930/3930/4357 3922/5290/4348 3926/3926/4354
f 3928/3928/4355 3922/3922/4348 3930/5291/4357
f 3931/3931/4358 3930/3930/4357 3926/3926/4354
f 3932/3932/4385 3930/3930/4357 3931/3931/4358
f 3865/3865/4320 3933/3933/4586 3898/3898/4321
f 3934/3934/4363 3935/3935/4359 3936/3936/4370
f 3935/5294/4359 3934/5293/4363 3937/3937/4361
f 3938/3938/4422 3800/3800/4360 3937/3937/4361
f 3939/3939/4362 3934/3934/4363 3936/3936/4370
f 3938/3938/4422 3934/5293/4363 3939/5295/4362
f 3938/3938/4422 3937/3937/4361 3934/5293/4363
f 3940/3940/4364 3941/3941/4366 3798/5267/4365
f 3941/3941/4366 3940/3940/4364 3942/3942/4402
f 3798/3798/4365 3935/5294/4359 3796/3796/4222
f 3941/3941/4366 3935/3935/4359 3798/5267/4365
f 3936/3936/4370 3935/3935/4359 3941/3941/4366
f 3943/3943/4368 3941/3941/4366 3942/3942/4402
f 3943/3943/4368 3942/3942/4402 3944/3944/4367
f 3941/3941/4366 3943/3943/4368 3936/3936/4370
f 3943/3943/4368 3945/3945/4369 3936/3936/4370
f 3937/3937/4361 3796/3796/4222 3935/5294/4359
f 3800/3800/4360 3796/3796/4222 3937/3937/4361
f 3945/3945/4369 3939/3939/4362 3936/3936/4370
f 3946/3946/4371 3938/3938/4422 3939/5295/4362
f 3947/3947/4372 3939/3939/4362 3945/3945/4369
f 3945/3945/4369 3948/3948/4403 3947/3947/4372
f 3946/5296/4371 3939/3939/4362 3947/3947/4372
f 3946/5296/4371 3947/3947/4372 3949/3949/4373
f 3945/3945/4369 3943/3943/4368 3944/3944/4367
f 3950/3950/4376 3911/3911/4339 3910/3910/4374
f 3950/3950/4376 3910/3910/4374 3924/3924/4352
f 3950/3950/4376 3924/3924/4352 3925/3925/4377
f 3905/3905/4578 3898/3898/4321 3933/3933/4586
f 3950/3950/4376 3951/3951/4375 3911/3911/4339
f 3950/3950/4376 3925/3925/4377 3929/3929/4378
f 3950/3950/4376 3929/3929/4378 3951/3951/4375
f 3927/3927/4356 3929/3929/4378 3925/3925/4377
f 3911/3911/4339 3951/3951/4375 3952/3952/4379
f 3952/3952/4379 3913/3913/4380 3912/3912/4340
f 3952/3952/4379 3953/3953/4382 3913/3913/4380
f 3911/3911/4339 3952/3952/4379 3912/3912/4340
f 3954/3954/4381 3955/3955/4393 3953/3953/4382
f 3952/3952/4379 3956/3956/4383 3953/3953/4382
f 3929/3929/4378 3952/3952/4379 3951/3951/4375
f 3952/3952/4379 3929/3929/4378 3956/3956/4383
f 3956/3956/4383 3929/3929/4378 3957/3957/4384
f 3928/3928/4355 3957/3957/4384 3929/3929/4378
f 3954/3954/4381 3953/3953/4382 3956/3956/4383
f 3928/3928/4355 3930/5291/4357 3932/5292/4385
f 3957/3957/4384 3928/3928/4355 3932/5292/4385
f 3956/3956/4383 3957/3957/4384 3932/5292/4385
f 3958/3958/4387 3959/3959/4389 3954/3954/4381
f 3932/5292/4385 3958/3958/4387 3956/3956/4383
f 3954/3954/4381 3956/3956/4383 3958/3958/4387
f 3932/3932/4385 3960/3960/4386 3958/5298/4387
f 3931/3931/4358 3960/3960/4386 3932/3932/4385
f 3959/5299/4389 3958/5298/4387 3960/3960/4386
f 3961/3961/4388 3959/5299/4389 3960/3960/4386
f 3961/3961/4388 3960/3960/4386 3962/3962/4417
f 3945/3945/4369 3944/3944/4367 3948/3948/4403
f 3963/3963/4391 3947/3947/4372 3948/3948/4403
f 3964/3964/4436 3965/3965/4390 3963/5300/4391
f 3963/3963/4391 3948/3948/4403 3966/3966/4392
f 3948/3948/4403 3967/3967/4408 3966/3966/4392
f 3968/3968/4409 3966/5301/4392 3967/5302/4408
f 3964/3964/4436 3963/5300/4391 3966/5301/4392
f 3964/3964/4436 3966/5301/4392 3968/3968/4409
f 146/146/4233 3913/3913/4380 3810/3810/4234
f 3955/3955/4393 149/149/4225 3810/3810/4234
f 149/149/4225 3955/3955/4393 3969/3969/4394
f 3970/3970/4395 149/149/4225 3969/3969/4394
f 3810/3810/4234 3913/3913/4380 3953/3953/4382
f 3814/3814/4271 149/149/4225 3971/3971/4396
f 3971/3971/4396 149/149/4225 3970/3970/4395
f 3971/3971/4396 3972/3972/4401 3973/3973/4397
f 3972/3972/4401 3971/3971/4396 3974/3974/4404
f 3974/3974/4404 3971/3971/4396 3970/3970/4395
f 3798/3798/4365 3797/3797/4223 3975/3975/4398
f 3975/3975/4398 3976/3976/4399 3977/3977/4400
f 3976/5304/4399 3973/3973/4397 3972/3972/4401
f 3838/3838/4262 3973/5303/4397 3976/3976/4399
f 3976/3976/4399 3975/3975/4398 3838/3838/4262
f 3839/3839/4263 3838/3838/4262 3975/3975/4398
f 3839/3839/4263 3975/3975/4398 3841/3841/4265
f 3940/3940/4364 3798/5267/4365 3977/5305/4400
f 3977/3977/4400 3798/3798/4365 3975/3975/4398
f 3942/3942/4402 3940/3940/4364 3977/5305/4400
f 3972/3972/4401 3977/5305/4400 3976/5304/4399
f 3942/3942/4402 3977/5305/4400 3972/3972/4401
f 3838/3838/4262 3814/5271/4271 3973/5303/4397
f 3973/3973/4397 3814/3814/4271 3971/3971/4396
f 3972/3972/4401 3974/3974/4404 3942/3942/4402
f 3978/3978/4406 3970/3970/4395 3969/3969/4394
f 3974/3974/4404 3970/3970/4395 3978/3978/4406
f 3801/3801/4266 3841/3841/4265 3797/3797/4223
f 3797/3797/4223 3841/3841/4265 3975/3975/4398
f 3841/3841/4265 3848/3848/4275 3839/3839/4263
f 3942/3942/4402 3974/3974/4404 3948/3948/4403
f 3953/3953/4382 3955/3955/4393 3810/3810/4234
f 3955/3955/4393 3954/3954/4381 3969/3969/4394
f 3978/3978/4406 3969/3969/4394 3959/3959/4389
f 3959/3959/4389 3969/3969/4394 3954/3954/4381
f 3959/5299/4389 3979/3979/4411 3978/5306/4406
f 3979/3979/4411 3959/5299/4389 3961/3961/4388
f 3944/3944/4367 3942/3942/4402 3948/3948/4403
f 3948/3948/4403 3974/3974/4404 3980/3980/4405
f 3980/3980/4405 3974/3974/4404 3978/3978/4406
f 3980/3980/4405 3978/3978/4406 3967/3967/4408
f 3948/3948/4403 3980/3980/4405 3967/3967/4408
f 3981/3981/4407 3967/5302/4408 3978/5306/4406
f 3981/3981/4407 3978/5306/4406 3979/3979/4411
f 3968/3968/4409 3967/5302/4408 3981/3981/4407
f 3982/3982/4410 3981/3981/4407 3979/3979/4411
f 3968/3968/4409 3981/3981/4407 3982/3982/4410
f 3983/3983/4438 3968/3968/4409 3982/3982/4410
f 3979/3979/4411 3984/3984/4412 3982/3982/4410
f 3984/3984/4412 3979/3979/4411 3961/3961/4388
f 3926/3926/4354 225/225/4353 241/241/222
f 3985/3985/4415 242/242/224 243/243/232
f 242/242/224 3926/3926/4354 241/241/222
f 3931/3931/4358 3926/3926/4354 242/242/224
f 246/246/229 202/4734/213 3900/3900/4327
f 3986/3986/4413 3985/3985/4415 243/243/232
f 243/243/232 246/246/229 3986/3986/4413
f 3987/3987/4414 3986/3986/4413 246/246/229
f 3900/3900/4327 3987/3987/4414 246/246/229
f 3985/3985/4415 3986/3986/4413 3987/3987/4414
f 3931/3931/4358 242/242/224 3988/3988/4418
f 242/242/224 3985/3985/4415 3988/3988/4418
f 3988/3988/4418 3985/3985/4415 3989/3989/4416
f 3987/3987/4414 3989/3989/4416 3985/3985/4415
f 3900/3900/4327 3990/3990/4430 3991/3991/4419
f 3991/3991/4419 3987/3987/4414 3900/3900/4327
f 3962/3962/4417 3931/3931/4358 3988/3988/4418
f 3960/3960/4386 3931/3931/4358 3962/3962/4417
f 3989/3989/4416 3962/3962/4417 3988/3988/4418
f 3991/3991/4419 3989/3989/4416 3987/3987/4414
f 3991/3991/4419 3962/3962/4417 3989/3989/4416
f 3992/3992/4421 3961/3961/4388 3962/3962/4417
f 3962/3962/4417 3991/3991/4419 3992/3992/4421
f 3991/3991/4419 3993/3993/4420 3992/3992/4421
f 3865/3865/4320 165/165/150 3795/3795/4220
f 3938/3938/4422 3994/3994/4423 3800/3800/4360
f 3994/3994/4423 3938/3938/4422 3946/3946/4371
f 3946/3946/4371 3949/5297/4373 3994/3994/4423
f 3995/3995/4425 3994/3994/4423 3949/5297/4373
f 3863/3863/4287 3800/3800/4360 3994/3994/4423
f 3859/3859/4286 3800/3800/4360 3863/3863/4287
f 3995/3995/4425 3949/5297/4373 3996/3996/4427
f 3997/3997/4424 3995/3995/4425 3996/3996/4427
f 3994/3994/4423 3995/3995/4425 3997/3997/4424
f 3998/3998/4432 3994/3994/4423 3997/3997/4424
f 3994/3994/4423 3998/3998/4432 3863/3863/4287
f 3999/3999/4426 3996/3996/4427 4000/4000/4428
f 3996/3996/4427 3999/3999/4426 3997/3997/4424
f 3901/3901/4331 3905/3905/4578 4001/4001/4429
f 4001/4001/4429 3906/3906/4332 3901/3901/4331
f 3907/3907/4334 3990/3990/4430 3900/3900/4327
f 3963/3963/4391 3949/3949/4373 3947/3947/4372
f 3949/5297/4373 3963/5300/4391 3996/3996/4427
f 3996/3996/4427 3963/5300/4391 3965/3965/4390
f 3965/3965/4390 4000/4000/4428 3996/3996/4427
f 3965/3965/4390 3964/3964/4436 4000/4000/4428
f 4000/4000/4428 3964/3964/4436 4002/4002/4431
f 3906/3906/4332 4003/4003/4580 4004/4004/4584
f 4003/4003/4580 3906/3906/4332 4001/4001/4429
f 4005/4005/4434 3863/3863/4287 3998/3998/4432
f 4006/4006/4472 3863/3863/4287 4005/4005/4434
f 3998/3998/4432 3997/3997/4424 4007/4007/4433
f 3998/3998/4432 4007/4007/4433 4005/4005/4434
f 4007/4007/4433 3997/3997/4424 3999/3999/4426
f 4008/4008/4832 4005/4005/4434 4007/4007/4433
f 4006/4006/4472 4005/4005/4434 4008/4008/4832
f 4009/4009/4435 4007/4007/4433 3999/3999/4426
f 3999/3999/4426 4000/4000/4428 4009/4009/4435
f 4004/4004/4584 3903/3903/4328 3906/3906/4332
f 3907/3907/4334 3903/3903/4328 4004/4004/4584
f 4010/4010/4590 3990/3990/4430 3907/3907/4334
f 3990/3990/4430 3993/3993/4420 3991/3991/4419
f 3983/3983/4438 3964/3964/4436 3968/3968/4409
f 3964/3964/4436 3983/3983/4438 4002/4002/4431
f 4011/4011/4437 4002/4002/4431 3983/3983/4438
f 4012/4012/4442 4011/4011/4437 3983/3983/4438
f 4012/4012/4442 3982/3982/4410 3984/3984/4412
f 3982/3982/4410 4012/4012/4442 3983/3983/4438
f 3961/3961/4388 4013/4013/4439 3984/3984/4412
f 3984/3984/4412 4013/4013/4439 4012/4012/4442
f 4012/4012/4442 4013/4013/4439 4014/4014/4443
f 4015/4015/4440 4014/4014/4443 3992/3992/4421
f 4000/4000/4428 4002/4002/4431 4016/4016/4596
f 4002/4002/4431 4017/4017/4597 4016/4016/4596
f 3992/3992/4421 3993/3993/4420 4015/4015/4440
f 4018/4018/4441 4012/4012/4442 4014/4014/4443
f 4018/4018/4441 4014/4014/4443 4015/4015/4440
f 4017/4017/4597 4002/4002/4431 4011/4011/4437
f 3992/3992/4421 4013/4013/4439 3961/3961/4388
f 4014/4014/4443 4013/4013/4439 3992/3992/4421
f 3862/3862/4288 3861/3861/4285 3754/3754/4179
f 3754/3754/4179 3640/3640/4067 4019/4019/4444
f 3754/3754/4179 4019/4019/4444 3862/3862/4288
f 4020/4020/4445 3865/3865/4320 3864/3864/4289
f 3864/3864/4289 3862/3862/4288 4020/4020/4445
f 3877/3877/4448 4021/4021/4446 4022/4022/4447
f 4021/4021/4446 4023/4023/4455 4022/4022/4447
f 4024/4024/4458 3879/3879/4312 3885/3885/4306
f 3877/3877/4448 4022/4022/4447 3878/3878/4302
f 3877/3877/4448 3879/3879/4303 4024/4024/4458
f 4025/4025/4449 3878/5285/4450 4022/5307/4451
f 4025/4025/4449 4022/5307/4451 4023/5308/4455
f 3878/5285/4302 3890/5288/4452 3879/5286/4303
f 3890/5288/4313 3878/5285/4450 4025/4025/4449
f 4021/4021/4446 3877/3877/4448 4024/4024/4458
f 4026/4026/4453 4025/4025/4449 4023/5308/4455
f 4021/4021/4446 4027/4027/4454 4023/4023/4455
f 4027/5309/4454 4026/4026/4453 4023/5308/4455
f 4024/4024/4458 4027/4027/4456 4021/4021/4446
f 4028/4028/4457 4024/4024/4458 3885/3885/4306
f 4029/4029/4460 4026/4026/4459 4027/5309/4456
f 3889/3889/4310 4025/4025/4449 4026/4026/4453
f 4029/4029/4464 3889/3889/4310 4026/4026/4453
f 4029/4029/4464 3891/3891/4314 3889/3889/4310
f 4029/5311/4460 4027/4027/4456 4024/4024/4458
f 4028/4028/4457 4029/5311/4460 4024/4024/4458
f 4030/4030/4461 4029/4029/4462 4028/5310/4463
f 4031/4031/4466 3891/3891/4314 4029/4029/4464
f 4032/4032/4465 4031/4031/4466 4029/4029/4464
f 4029/4029/4464 4030/4030/4467 4032/4032/4465
f 4030/4030/4467 4028/5310/4468 4032/4032/4465
f 4028/4028/4457 4033/4033/4488 4034/4034/4501
f 4032/4032/4465 4035/4035/4497 4031/4031/4466
f 4036/4036/4500 4032/4032/4465 4028/5310/4468
f 4028/5310/4457 4034/5312/4501 4036/4036/4500
f 4037/4037/4474 3856/3856/4469 3880/3880/4470
f 4037/4037/4474 3858/3858/4831 3856/3856/4469
f 4038/4038/4476 3880/3880/4470 4039/4039/4471
f 4037/4037/4474 4040/4040/4473 3858/3858/4831
f 3880/3880/4470 3860/3860/4284 3863/3863/4287
f 4039/4039/4471 3863/3863/4287 4006/4006/4472
f 4039/4039/4471 3880/3880/4470 3863/3863/4287
f 4038/4038/4476 4040/4040/4473 4037/4037/4474
f 4038/4038/4476 4037/4037/4474 3880/3880/4470
f 4041/4041/4475 4038/4038/4476 4039/4039/4471
f 4042/4042/4478 4040/4040/4473 4038/4038/4476
f 4043/4043/4477 4040/4040/4473 4042/4042/4478
f 4038/4038/4476 4041/4041/4475 4042/4042/4478
f 4043/4043/4477 4042/4042/4478 4044/4044/4479
f 4045/4045/4491 4042/4042/4478 4041/4041/4475
f 4042/4042/4478 4045/4045/4491 4044/4044/4479
f 4041/4041/4475 4039/4039/4471 4046/4046/4480
f 4047/4047/4481 4039/4039/4471 4006/4006/4472
f 4046/4046/4480 4039/4039/4471 4047/4047/4481
f 4046/4046/4480 4048/4048/4593 4045/4045/4491
f 4046/4046/4480 4045/4045/4491 4041/4041/4475
f 4049/4049/4482 3886/3886/4487 3884/3884/4305
f 3887/3887/4308 4049/4049/4482 3884/3884/4305
f 4049/4049/4482 3887/3887/4308 4050/4050/4483
f 3890/5288/4313 4025/4025/4449 3889/3889/4310
f 3885/3885/4306 3886/3886/4487 4028/4028/4457
f 4033/4033/4488 4028/4028/4457 3886/3886/4487
f 4049/4049/4482 4050/4050/4483 4051/4051/4486
f 4044/4044/4479 4052/4052/4484 4043/4043/4477
f 4050/4050/4483 4043/4043/4477 4052/4052/4484
f 4052/4052/4484 4051/4051/4486 4050/4050/4483
f 4052/4052/4484 4044/4044/4479 4053/4053/4485
f 4053/4053/4485 4044/4044/4479 4054/4054/4493
f 4051/4051/4486 4033/4033/4488 3886/3886/4487
f 4051/4051/4486 3886/3886/4487 4049/4049/4482
f 4033/4033/4488 4055/4055/4489 4034/4034/4501
f 4055/4055/4489 4051/4051/4486 4052/4052/4484
f 4055/4055/4489 4033/4033/4488 4051/4051/4486
f 4052/4052/4484 4053/4053/4485 4055/4055/4489
f 4056/4056/4490 4055/4055/4489 4053/4053/4485
f 4045/4045/4491 4057/4057/4492 4054/4054/4493
f 4044/4044/4479 4045/4045/4491 4054/4054/4493
f 4058/4058/4494 4053/4053/4485 4054/4054/4493
f 4058/4058/4494 4056/4056/4490 4053/4053/4485
f 4059/4059/4502 4060/4060/4505 4061/4061/4495
f 4062/4062/4520 4063/4063/4496 4059/4059/4502
f 4060/4060/4505 4059/4059/4502 4063/4063/4496
f 4035/4035/4497 4032/4032/4465 4064/4064/4499
f 4032/4032/4465 4036/4036/4500 4064/4064/4499
f 4065/4065/4498 4064/4064/4499 4036/4036/4500
f 4065/4065/4498 4036/4036/4500 4034/5312/4501
f 4066/4066/4504 4034/5312/4501 4067/4067/4513
f 4066/4066/4504 4068/4068/4678 4034/5312/4501
f 4069/4069/4538 4062/4062/4520 4059/4059/4502
f 4068/4068/4678 4065/4065/4498 4034/5312/4501
f 4070/4070/4503 4068/4068/4678 4066/4066/4504
f 4071/4071/4506 4060/5313/4505 4063/5314/4496
f 4060/5313/4505 4071/4071/4506 4072/4072/4507
f 4071/4071/4506 4073/4073/4510 4072/4072/4507
f 4061/4061/4495 4060/4060/4505 4072/5318/4507
f 4074/4074/4540 4061/4061/4495 4072/5318/4507
f 4072/5318/4507 4075/4075/4508 4074/4074/4540
f 4076/4076/4542 4075/5319/4508 4072/4072/4507
f 4073/4073/4510 4076/4076/4542 4072/4072/4507
f 4073/4073/4510 4077/4077/4509 4076/4076/4542
f 4077/4077/4509 4073/4073/4510 4078/4078/4511
f 4079/4079/4609 4077/4077/4509 4078/4078/4511
f 4034/4034/4501 4055/4055/4489 4056/4056/4490
f 4067/5315/4513 4034/4034/4501 4080/4080/4618
f 4081/4081/4512 4082/4082/4514 4067/5315/4513
f 4082/5322/4514 4083/4083/4521 4084/4084/4515
f 4082/5322/4514 4085/4085/4516 4083/4083/4521
f 4085/5324/4516 4082/4082/4514 4081/4081/4512
f 4066/4066/4504 4067/4067/4513 4082/5321/4514
f 4082/5321/4514 4084/5323/4515 4066/4066/4504
f 4081/4081/4512 4067/5315/4513 4080/4080/4618
f 4081/4081/4512 4086/4086/4522 4085/5324/4516
f 4087/4087/4525 4086/4086/4522 4081/4081/4512
f 4054/4054/4493 4057/4057/4492 4058/4058/4494
f 4058/4058/4494 4088/4088/4517 4056/4056/4490
f 4089/4089/4518 4058/4058/4494 4057/4057/4492
f 4088/4088/4517 4058/4058/4494 4089/4089/4518
f 4056/4056/4490 4080/4080/4618 4034/4034/4501
f 4081/4081/4512 4080/4080/4618 4087/4087/4525
f 4071/4071/4506 4063/5314/4496 4090/4090/4519
f 4071/4071/4506 4091/4091/4523 4073/4073/4510
f 4091/4091/4523 4071/4071/4506 4090/4090/4519
f 4090/5325/4519 4062/4062/4520 4083/4083/4521
f 4091/4091/4523 4090/4090/4519 4085/5324/4516
f 4062/4062/4520 4090/5325/4519 4063/4063/4496
f 4092/4092/4524 4083/4083/4521 4062/4062/4520
f 4078/4078/4511 4073/4073/4510 4091/4091/4523
f 4086/4086/4522 4078/4078/4511 4091/4091/4523
f 4083/4083/4521 4085/4085/4516 4090/5325/4519
f 4092/4092/4524 4070/5317/4503 4083/4083/4521
f 4066/4066/4504 4084/5323/4515 4070/4070/4503
f 4083/4083/4521 4070/5317/4503 4084/4084/4515
f 4091/4091/4523 4085/5324/4516 4086/4086/4522
f 4093/4093/4526 4078/4078/4511 4086/4086/4522
f 4086/4086/4522 4087/4087/4525 4093/4093/4526
f 4093/4093/4526 4094/4094/4608 4078/4078/4511
f 3640/3640/4067 3648/3648/4074 4019/4019/4444
f 4019/4019/4444 3648/3648/4074 3670/3670/4098
f 4095/4095/4527 3678/3678/4105 3675/3675/4528
f 3675/3675/4528 3674/3674/4101 4096/4096/4529
f 3675/3675/4528 4096/4096/4529 4095/4095/4527
f 4096/4096/4529 3674/3674/4101 3676/3676/4103
f 4097/4097/4794 3671/3671/4099 3678/3678/4105
f 4097/4097/4794 3670/3670/4098 3671/3671/4099
f 4098/4098/4531 4099/4099/4530 4100/4100/4585
f 4020/4020/4445 4099/4099/4530 4098/4098/4531
f 4101/4101/4533 4100/4100/4585 4099/4099/4530
f 4099/4099/4530 4020/4020/4445 4102/4102/4563
f 4103/4103/4532 4101/4101/4533 4099/4099/4530
f 4104/4104/4534 4101/4101/4533 4103/4103/4532
f 4105/4105/4788 4103/4103/4532 4099/4099/4530
f 4106/4106/4632 4104/4104/4534 4103/4103/4532
f 4106/4106/4632 4103/4103/4532 4105/4105/4788
f 4099/4099/4530 4107/4107/4562 4105/4105/4788
f 4069/4069/4538 4059/4059/4502 4108/4108/4535
f 4108/4108/4535 4059/4059/4502 4061/4061/4495
f 4109/4109/4539 4108/4108/4535 4061/4061/4495
f 4108/4108/4535 4110/4110/4536 4069/4069/4538
f 4108/4108/4535 4109/4109/4539 4110/4110/4536
f 4111/4111/4738 4070/5317/4503 4092/4092/4524
f 4112/4112/4537 4069/4069/4538 4110/4110/4536
f 4112/4112/4537 4110/4110/4536 4109/4109/4539
f 4112/4112/4537 4109/4109/4539 4113/4113/4554
f 4113/4113/4554 4114/4114/4740 4112/4112/4537
f 4114/4114/4740 4069/4069/4538 4112/4112/4537
f 4111/4111/4738 4069/4069/4538 4114/4114/4740
f 4109/4109/4539 4061/4061/4495 4074/4074/4540
f 4109/4109/4539 4074/4074/4540 4115/4115/4541
f 4075/5319/4508 4076/4076/4542 4116/4116/4543
f 4075/4075/4508 4117/4117/4545 4074/4074/4540
f 4117/4117/4545 4075/4075/4508 4116/5327/4543
f 4116/5327/4543 4118/4118/4836 4119/4119/4835
f 4117/4117/4545 4116/5327/4543 4120/4120/4544
f 4120/4120/4544 4116/5327/4543 4119/4119/4835
f 4121/4121/4838 4120/4120/4544 4119/4119/4835
f 4122/4122/4547 4074/4074/4540 4117/4117/4545
f 4122/4122/4547 4117/4117/4545 4123/4123/4549
f 4123/4123/4549 4117/4117/4545 4120/4120/4544
f 4115/4115/4541 4074/4074/4540 4122/4122/4547
f 4124/4124/4546 4115/4115/4541 4122/4122/4547
f 4120/4120/4544 4125/4125/4548 4123/4123/4549
f 4126/4126/4634 4125/4125/4548 4121/4121/4838
f 4126/4126/4634 4127/4127/4550 4125/4125/4548
f 4128/4128/4552 4125/4125/4548 4127/4127/4550
f 4129/4129/4551 4128/4128/4552 4127/4127/4550
f 4130/4130/4553 4019/4019/4444 4131/4131/4560
f 4131/4131/4560 3862/3862/4288 4130/4130/4553
f 4019/4019/4444 4130/4130/4553 3862/3862/4288
f 4019/4019/4444 3670/3670/4098 4131/4131/4560
f 4115/4115/4541 4132/4132/4564 4109/4109/4539
f 4113/4113/4554 4109/4109/4539 4132/4132/4564
f 4113/4113/4554 4133/4133/4555 4134/4134/4556
f 4135/4135/4557 4124/4124/4546 4122/4122/4547
f 4136/4136/4558 4122/4122/4547 4123/4123/4549
f 4137/4137/4559 4136/4136/4558 4129/4129/4551
f 4135/4135/4557 4122/4122/4547 4136/4136/4558
f 4135/4135/4557 4136/4136/4558 4137/4137/4559
f 4129/4129/4551 4136/4136/4558 4128/4128/4552
f 4137/4137/4559 4129/4129/4551 4138/4138/4570
f 4131/4131/4560 4020/4020/4445 3862/3862/4288
f 3670/3670/4098 4139/4139/4561 4131/4131/4560
f 4020/4020/4445 4131/4131/4560 4102/4102/4563
f 4107/4107/4562 4099/4099/4530 4102/4102/4563
f 4132/4132/4564 4115/4115/4541 4124/4124/4546
f 4113/4113/4554 4132/4132/4564 4133/4133/4555
f 4133/4133/4555 4132/4132/4564 4124/4124/4546
f 4135/4135/4557 4133/4133/4555 4124/4124/4546
f 4135/4135/4557 4140/4140/4565 4133/4133/4555
f 4140/4140/4565 4141/4141/4566 4133/4133/4555
f 4142/4142/4567 4134/4134/4556 4133/4133/4555
f 4142/4142/4567 4133/4133/4555 4141/4141/4566
f 4143/4143/4766 4134/4134/4556 4142/4142/4567
f 4138/4138/4570 4129/4129/4551 4127/4127/4550
f 4127/4127/4550 4144/4144/4568 4138/4138/4570
f 4140/4140/4565 4135/4135/4557 4137/4137/4559
f 4137/4137/4559 4141/4141/4566 4140/4140/4565
f 4145/4145/4571 4142/4142/4567 4141/4141/4566
f 4141/4141/4566 4137/4137/4559 4138/4138/4570
f 4127/4127/4550 4146/4146/4569 4144/4144/4568
f 4144/4144/4568 4146/4146/4569 4147/4147/4645
f 4138/4138/4570 4145/4145/4571 4141/4141/4566
f 4145/4145/4571 4138/4138/4570 4144/4144/4568
f 4148/4148/4572 4142/4142/4567 4145/4145/4571
f 4145/4145/4571 4144/4144/4568 4149/4149/4573
f 4147/4147/4645 4149/4149/4573 4144/4144/4568
f 4150/4150/4577 4148/4148/4572 4149/4149/4573
f 4151/4151/4574 4152/4152/4782 4153/4153/4575
f 4150/4150/4577 4149/4149/4573 4147/4147/4645
f 4151/4151/4574 4148/4148/4572 4150/4150/4577
f 4154/4154/4576 4152/4152/4782 4151/4151/4574
f 4154/4154/4576 4151/4151/4574 4150/4150/4577
f 3933/3933/4586 3865/3865/4320 4020/4020/4445
f 4155/4155/4583 3905/3905/4578 3933/3933/4586
f 4001/4001/4429 4156/4156/4581 4003/4003/4580
f 4156/4156/4581 4001/4001/4429 3905/3905/4578
f 4156/4156/4581 3905/3905/4578 4155/4155/4583
f 4157/4157/4579 3907/3907/4334 4004/4004/4584
f 4003/4003/4580 4158/4158/4582 4004/4004/4584
f 4156/4156/4581 4158/4158/4582 4003/4003/4580
f 3933/3933/4586 4020/4020/4445 4098/4098/4531
f 4010/4010/4590 3907/3907/4334 4157/4157/4579
f 4010/4010/4590 3993/3993/4420 3990/3990/4430
f 4158/4158/4582 4155/4155/4583 4159/4159/4587
f 4158/4158/4582 4156/4156/4581 4155/4155/4583
f 4160/4160/4589 4158/4158/4582 4159/4159/4587
f 4160/4160/4589 4004/4004/4584 4158/4158/4582
f 4161/4161/4630 4157/4157/4579 4004/4004/4584
f 4161/4161/4630 4004/4004/4584 4160/4160/4589
f 4100/4100/4585 3933/3933/4586 4098/4098/4531
f 3933/3933/4586 4100/4100/4585 4155/4155/4583
f 4101/4101/4533 4155/4155/4583 4100/4100/4585
f 4159/4159/4587 4155/4155/4583 4101/4101/4533
f 4162/4162/4588 4160/4160/4589 4159/4159/4587
f 4010/4010/4590 4157/4157/4579 4163/4163/4591
f 4163/4163/4591 4157/4157/4579 4161/4161/4630
f 4047/4047/4481 4006/4006/4472 4008/4008/4832
f 4164/4164/4592 4009/4009/4435 4000/4000/4428
f 4165/4165/4595 4164/4164/4592 4000/4000/4428
f 4046/4046/4480 4047/4047/4481 4048/4048/4593
f 4047/4047/4481 4008/4008/4832 4166/4166/4594
f 4048/4048/4593 4047/4047/4481 4166/4166/4594
f 4166/4166/4594 4165/4165/4595 4048/4048/4593
f 4016/4016/4596 4165/4165/4595 4000/4000/4428
f 4167/4167/4605 4016/4016/4596 4017/4017/4597
f 4168/4168/4617 4017/4017/4597 4012/4012/4442
f 4017/4017/4597 4011/4011/4437 4012/4012/4442
f 4169/4169/4598 4012/4012/4442 4018/4018/4441
f 4015/4015/4440 4169/4169/4598 4018/4018/4441
f 4170/4170/4599 4012/4012/4442 4169/4169/4598
f 4170/4170/4599 4168/4168/4617 4012/4012/4442
f 4171/4171/4602 4045/4045/4491 4172/4172/4600
f 4172/4172/4600 4045/4045/4491 4048/4048/4593
f 4048/4048/4593 4165/4165/4595 4172/4172/4600
f 4165/4165/4595 4171/4171/4602 4172/4172/4600
f 4173/4173/4601 4045/4045/4491 4171/4171/4602
f 4173/4173/4601 4057/4057/4492 4045/4045/4491
f 4173/4173/4601 4089/4089/4518 4057/4057/4492
f 4173/4173/4601 4171/4171/4602 4174/4174/4603
f 4173/4173/4601 4174/4174/4603 4175/4175/4611
f 4165/4165/4595 4174/4174/4603 4171/4171/4602
f 4174/4174/4603 4165/4165/4595 4176/4176/4604
f 4176/4176/4604 4175/4175/4611 4174/4174/4603
f 4176/4176/4604 4165/4165/4595 4177/4177/4606
f 4016/4016/4596 4167/4167/4605 4177/4177/4606
f 4165/4165/4595 4016/4016/4596 4177/4177/4606
f 4176/4176/4604 4177/4177/4606 4178/4178/4607
f 4078/4078/4511 4094/4094/4608 4079/4079/4609
f 4179/4179/4610 4079/5320/4609 4094/5326/4608
f 4175/4175/4611 4089/4089/4518 4173/4173/4601
f 4175/4175/4611 4180/4180/4612 4089/4089/4518
f 4089/4089/4518 4180/4180/4612 4088/4088/4517
f 4176/4176/4604 4180/4180/4612 4175/4175/4611
f 4080/4080/4618 4056/4056/4490 4181/4181/4619
f 4056/4056/4490 4088/4088/4517 4182/4182/4614
f 4088/4088/4517 4180/4180/4612 4182/4182/4614
f 4056/4056/4490 4182/4182/4614 4181/4181/4619
f 4183/4183/4615 4176/4176/4604 4178/4178/4607
f 4183/4183/4615 4180/4180/4612 4176/4176/4604
f 4178/4178/4607 4177/4177/4606 4167/4167/4605
f 4167/4167/4605 4184/4184/4616 4178/4178/4607
f 4184/4184/4616 4167/4167/4605 4185/4185/4613
f 4167/4167/4605 4017/4017/4597 4185/4185/4613
f 4017/4017/4597 4168/4168/4617 4185/4185/4613
f 4182/4182/4614 4180/4180/4612 4183/4183/4615
f 4182/4182/4614 4183/4183/4615 4184/4184/4616
f 4183/4183/4615 4178/4178/4607 4184/4184/4616
f 4181/4181/4619 4182/4182/4614 4184/4184/4616
f 4168/4168/4617 4184/4184/4616 4185/4185/4613
f 4181/4181/4619 4184/4184/4616 4168/4168/4617
f 4170/4170/4599 4181/4181/4619 4168/4168/4617
f 4080/4080/4618 4181/4181/4619 4186/4186/4620
f 4087/4087/4525 4080/4080/4618 4186/4186/4620
f 4187/4187/4622 4087/4087/4525 4186/4186/4620
f 4093/4093/4526 4087/4087/4525 4187/4187/4622
f 4188/4188/4621 4094/4094/4608 4093/4093/4526
f 4179/4179/4610 4094/5326/4608 4188/5329/4621
f 4179/4179/4610 4188/5329/4621 4189/4189/4624
f 4187/4187/4622 4190/4190/4623 4093/4093/4526
f 4190/4190/4623 4187/4187/4622 4191/4191/4625
f 4191/4191/4625 4187/4187/4622 4186/4186/4620
f 4188/4188/4621 4093/4093/4526 4190/4190/4623
f 4188/5329/4621 4190/5331/4623 4189/4189/4624
f 4191/4191/4625 4186/4186/4620 4192/4192/4640
f 4193/4193/4639 4191/4191/4625 4192/4192/4640
f 4192/4192/4640 4186/4186/4620 4181/4181/4619
f 4170/4170/4599 4192/4192/4640 4181/4181/4619
f 4193/4193/4639 4190/4190/4623 4191/4191/4625
f 4189/5330/4624 4190/4190/4623 4193/4193/4639
f 4194/4194/4629 3993/3993/4420 4195/4195/4626
f 4195/4195/4626 3993/3993/4420 4010/4010/4590
f 4169/4169/4598 4015/4015/4440 4194/4194/4629
f 4194/4194/4629 4015/4015/4440 3993/3993/4420
f 4196/4196/4627 4169/4169/4598 4194/4194/4629
f 4196/4196/4627 4170/4170/4599 4169/4169/4598
f 4197/4197/4628 4196/4196/4627 4194/4194/4629
f 4197/4197/4628 4170/4170/4599 4196/4196/4627
f 4198/4198/4631 4162/4162/4588 4159/4159/4587
f 4162/4162/4588 4198/4198/4631 4161/4161/4630
f 4161/4161/4630 4160/4160/4589 4162/4162/4588
f 4104/4104/4534 4159/4159/4587 4101/4101/4533
f 4104/4104/4534 4198/4198/4631 4159/4159/4587
f 4161/4161/4630 4198/4198/4631 4199/4199/4802
f 4106/4106/4632 4198/4198/4631 4104/4104/4534
f 4161/4161/4630 4199/4199/4802 4163/4163/4591
f 4106/4106/4632 4199/4199/4802 4198/4198/4631
f 4199/4199/4802 4106/4106/4632 4200/4200/4792
f 4201/4201/4633 4010/4010/4590 4163/4163/4591
f 4202/4202/4839 4203/4203/4837 4079/5320/4609
f 4179/4179/4610 4202/4202/4839 4079/5320/4609
f 4179/4179/4610 4204/4204/4635 4202/4202/4839
f 4126/4126/4634 4202/4202/4839 4204/4204/4635
f 4205/4205/4636 4126/4126/4634 4204/4204/4635
f 4205/4205/4636 4127/4127/4550 4126/4126/4634
f 4179/4179/4610 4189/4189/4624 4204/4204/4635
f 4206/4206/4638 4205/4205/4636 4189/4189/4624
f 4205/4205/4636 4204/4204/4635 4189/4189/4624
f 4207/4207/4637 4205/4205/4636 4206/4206/4638
f 4208/4208/4643 4206/5332/4638 4209/4209/4641
f 4207/4207/4637 4206/4206/4638 4208/5333/4643
f 4209/4209/4641 4189/5330/4624 4193/4193/4639
f 4206/5332/4638 4189/5330/4624 4209/4209/4641
f 4192/4192/4640 4209/4209/4641 4193/4193/4639
f 4209/4209/4641 4192/4192/4640 4210/4210/4642
f 4210/4210/4642 4192/4192/4640 4170/4170/4599
f 4205/4205/4636 4207/4207/4637 4127/4127/4550
f 4127/4127/4550 4207/4207/4637 4146/4146/4569
f 4210/4210/4642 4208/4208/4643 4209/4209/4641
f 4208/5333/4643 4146/4146/4569 4207/4207/4637
f 4211/4211/4646 4210/4210/4642 4170/4170/4599
f 4197/4197/4628 4194/4194/4629 4195/4195/4626
f 4197/4197/4628 4211/4211/4646 4170/4170/4599
f 4212/4212/4814 4195/4195/4626 4010/4010/4590
f 4213/4213/4650 4197/4197/4628 4195/4195/4626
f 4213/4213/4650 4211/4211/4646 4197/4197/4628
f 4201/4201/4633 4212/4212/4814 4010/4010/4590
f 4214/4214/4644 4208/5333/4643 4210/5334/4642
f 4214/4214/4644 4147/4147/4645 4146/4146/4569
f 4214/4214/4644 4146/4146/4569 4208/5333/4643
f 4214/4214/4644 4150/4150/4577 4147/4147/4645
f 4150/4150/4577 4214/4214/4644 4154/4154/4576
f 4210/5334/4642 4154/4154/4576 4214/4214/4644
f 4215/4215/4783 4154/4154/4576 4210/5334/4642
f 4216/4216/4649 4210/4210/4642 4211/4211/4646
f 4217/4217/4647 4211/4211/4646 4218/4218/4648
f 4215/4215/4783 4210/5334/4642 4216/5336/4649
f 4217/4217/4647 4216/4216/4649 4211/4211/4646
f 4212/4212/4814 4213/4213/4650 4195/4195/4626
f 4213/4213/4650 4212/4212/4814 4218/4218/4648
f 4213/4213/4650 4218/4218/4648 4211/4211/4646
f 4212/4212/4814 4217/4217/4647 4218/4218/4648
f 3783/3783/4208 3790/3790/4218 3769/3769/4206
f 3630/3630/4057 3755/3755/4181 3680/3680/4107
f 3680/3680/4107 3755/3755/4181 3788/3788/4651
f 3854/3854/4280 3788/3788/4651 3786/3786/4215
f 3682/3682/4109 3680/3680/4107 3788/3788/4651
f 4219/4219/4653 3788/3788/4651 3854/3854/4280
f 3701/3701/4652 3790/3790/4218 3783/3783/4208
f 3788/3788/4651 4219/4219/4653 3682/3682/4109
f 3685/3685/4659 3682/3682/4109 4219/4219/4653
f 4219/4219/4653 4220/4220/4661 3685/3685/4659
f 3854/3854/4280 4221/4221/4654 4219/4219/4653
f 4221/4221/4654 3854/3854/4280 3855/3855/4281
f 4222/4222/4655 3855/3855/4281 3789/3789/4212
f 4222/4222/4655 3789/3789/4212 3790/3790/4218
f 4221/4221/4656 3855/3855/4281 4222/4222/4655
f 4220/4220/4661 4219/4219/4653 4221/4221/4654
f 4221/4221/4656 4222/4222/4655 4220/4220/4661
f 3701/3701/4652 3783/3783/4208 4223/4223/4657
f 4223/4223/4657 3783/3783/4208 3782/3782/4205
f 4224/4224/4658 3685/3685/4659 4220/4220/4661
f 4225/4225/4660 4224/4224/4658 4220/4220/4661
f 4225/4225/4660 4220/4220/4661 4222/4222/4655
f 4226/4226/4668 4222/4222/4655 3790/3790/4218
f 4225/4225/4660 4222/4222/4655 4226/4226/4668
f 3701/3701/4652 4226/4226/4668 3790/3790/4218
f 4227/4227/4662 4224/4224/4658 4225/4225/4660
f 4225/4225/4660 4228/4228/4665 4227/4227/4662
f 4229/4229/4663 4224/4224/4658 4227/4227/4662
f 4229/4229/4663 3685/3685/4659 4224/4224/4658
f 4229/4229/4663 4227/4227/4662 4230/4230/4664
f 4228/4228/4665 4225/4225/4660 4226/4226/4668
f 4231/4231/4666 3685/3685/4659 4229/4229/4663
f 4227/4227/4662 4228/4228/4665 4230/4230/4664
f 4226/4226/4668 4232/4232/4669 4228/4228/4665
f 4232/4232/4669 4230/4230/4664 4228/4228/4665
f 3852/3852/4278 3876/3876/4315 3868/3868/4293
f 4231/4231/4666 4229/4229/4663 4230/4230/4664
f 4231/4231/4666 4230/4230/4664 3691/3691/4667
f 4232/4232/4669 3691/3691/4667 4230/4230/4664
f 3689/3689/4113 3685/3685/4659 4231/4231/4666
f 4226/4226/4668 4233/4233/4671 4232/4232/4669
f 3691/3691/4667 4232/4232/4669 4233/4233/4671
f 3691/3691/4667 3689/3689/4113 4231/4231/4666
f 3690/3690/4670 3691/3691/4667 4233/4233/4671
f 4226/4226/4668 3700/3700/4124 4233/4233/4671
f 3694/3694/4116 4233/4233/4671 3700/3700/4124
f 4226/4226/4668 3701/3701/4652 3700/3700/4124
f 4233/4233/4671 3694/3694/4116 3690/3690/4670
f 3695/3695/4117 3694/3694/4116 3700/3700/4124
f 3703/3703/4125 3701/3701/4652 4223/4223/4657
f 3782/3782/4205 3703/3703/4125 4223/4223/4657
f 3735/3735/4672 3703/3703/4125 3782/3782/4205
f 4234/4234/4673 4235/4235/4674 3782/3782/4205
f 4234/4234/4673 3782/3782/4205 3853/3853/4292
f 4035/4035/4497 3876/3876/4315 4031/4031/4466
f 3876/3876/4315 3891/3891/4314 4031/4031/4466
f 4236/4236/4675 3876/3876/4315 4035/4035/4497
f 4236/4236/4675 4035/4035/4497 4064/4064/4499
f 4236/4236/4675 4064/4064/4499 4237/4237/4676
f 4237/4237/4676 4064/4064/4499 4065/4065/4498
f 4237/4237/4676 4065/4065/4498 4238/4238/4677
f 4238/4238/4677 4065/4065/4498 4068/4068/4678
f 4239/4239/4736 4236/4236/4675 4237/4237/4676
f 4236/4236/4675 4239/4239/4736 3876/3876/4315
f 4240/4240/4743 3853/3853/4292 3868/3868/4293
f 4241/4241/4679 4242/4242/4680 4243/4243/4681
f 4243/5338/4682 4244/4244/4704 4241/5337/4701
f 4242/4242/4683 4244/5339/4687 4243/4243/4684
f 4245/4245/4685 4246/4246/4692 4247/4247/4686
f 4248/4248/4703 4244/5339/4687 4242/4242/4683
f 4247/5341/4688 4249/4249/4689 4245/5340/4690
f 4245/5340/4690 4249/4249/4689 4250/4250/4705
f 4247/4247/4691 4246/4246/4692 4251/4251/4693
f 4251/5342/4694 4250/4250/4705 4249/4249/4689
f 4251/5342/4694 4249/4249/4689 4247/5341/4688
f 4235/4235/4674 3735/3735/4672 3782/3782/4205
f 3735/3735/4672 3737/3737/4156 3730/3730/4155
f 3737/3737/4156 3735/3735/4672 4235/4235/4674
f 3736/3736/4695 4252/4252/4700 3733/3733/4159
f 3736/3736/4695 3737/3737/4156 4253/4253/4696
f 3734/3734/4697 3733/3733/4698 4254/4254/4699
f 4254/4254/4699 3733/3733/4698 4252/4252/4700
f 4250/4250/4705 3734/5261/4697 4254/5344/4699
f 3738/5262/4160 3734/5261/4697 4250/4250/4705
f 4252/4252/4700 3736/3736/4695 4253/4253/4696
f 4254/5344/4699 4252/5343/4700 4241/5337/4701
f 4241/4241/4701 4252/4252/4700 4242/4242/4702
f 4253/4253/4696 4242/4242/4702 4252/4252/4700
f 4248/4248/4703 4242/4242/4702 4253/4253/4696
f 4248/4248/4703 4253/4253/4696 4246/4246/4692
f 4241/5337/4701 4244/4244/4704 4250/4250/4705
f 4241/5337/4701 4250/4250/4705 4254/5344/4699
f 4250/4250/4705 4244/4244/4704 4245/5340/4690
f 4244/5339/4687 4248/4248/4703 4245/4245/4685
f 4248/4248/4703 4246/4246/4692 4245/4245/4685
f 4253/4253/4696 3737/3737/4156 4251/4251/4693
f 4246/4246/4692 4253/4253/4696 4251/4251/4693
f 4255/4255/4706 4251/4251/4693 3737/3737/4156
f 4255/4255/4706 3737/3737/4156 4256/4256/4712
f 4235/4235/4674 4256/4256/4712 3737/3737/4156
f 4257/4257/4707 4250/4250/4705 4251/5342/4693
f 4250/4250/4705 3739/3739/4711 3738/5262/4160
f 4251/5342/4693 4255/5345/4706 4257/4257/4707
f 4257/4257/4707 4255/5345/4706 4258/4258/4708
f 4256/4256/4712 4259/4259/4709 4255/4255/4706
f 4258/4258/4708 4255/5345/4706 4259/5346/4709
f 4260/4260/4713 4258/4258/4708 4259/5346/4709
f 4260/4260/4713 4261/4261/4710 4258/4258/4708
f 4257/4257/4707 3739/3739/4711 4250/4250/4705
f 4258/4258/4708 3739/3739/4711 4257/4257/4707
f 4258/4258/4708 4261/4261/4710 3739/3739/4711
f 3741/3741/4164 3739/3739/4711 4261/4261/4710
f 3743/3743/4165 3741/3741/4164 4261/4261/4710
f 4256/4256/4712 4235/4235/4674 4234/4234/4673
f 4262/4262/4741 4234/4234/4673 3853/3853/4292
f 4256/4256/4712 4263/4263/4715 4259/4259/4709
f 4260/4260/4713 4259/5346/4709 4263/5347/4715
f 4263/5347/4715 4264/4264/4714 4260/4260/4713
f 4265/4265/4717 4263/4263/4715 4256/4256/4712
f 4266/4266/4716 4260/4260/4713 4264/4264/4714
f 4261/4261/4710 4260/4260/4713 4266/4266/4716
f 4266/4266/4716 4265/5348/4717 4267/4267/4718
f 4263/5347/4715 4265/5348/4717 4264/4264/4714
f 4266/4266/4716 4264/4264/4714 4265/5348/4717
f 4266/4266/4716 4267/4267/4718 4261/4261/4710
f 4261/4261/4710 4267/4267/4718 4268/4268/4725
f 4256/4256/4712 4234/4234/4673 4262/4262/4741
f 4262/4262/4741 4269/4269/4742 4256/4256/4712
f 4265/5348/4717 4270/4270/4719 4267/4267/4718
f 4256/4256/4712 4270/5349/4719 4265/4265/4717
f 4270/5349/4719 4256/4256/4712 4271/4271/4720
f 4270/5349/4719 4271/4271/4720 4272/4272/4722
f 3744/3744/4167 3743/3743/4165 4273/4273/4721
f 3745/3745/4168 3744/3744/4167 4273/4273/4721
f 3743/3743/4165 4261/4261/4710 4268/4268/4725
f 4267/4267/4718 4270/4270/4719 4272/5350/4722
f 4272/5350/4722 4274/4274/4724 4267/4267/4718
f 4275/4275/4723 4274/4274/4724 4272/5350/4722
f 4274/4274/4724 4268/4268/4725 4267/4267/4718
f 4273/4273/4721 4276/4276/4827 3745/3745/4168
f 4276/4276/4827 4273/4273/4721 3743/3743/4165
f 4277/4277/4726 4278/4278/4727 4279/4279/4728
f 4280/4280/4729 4277/4277/4726 4279/4279/4728
f 4281/4281/4730 4280/4280/4729 4279/4279/4728
f 4278/4278/4727 4277/4277/4726 4282/4282/4734
f 4278/4278/4727 4237/4237/4676 4238/4238/4677
f 4239/4239/4736 4237/4237/4676 4278/4278/4727
f 4279/4279/4728 4278/4278/4727 4238/4238/4677
f 4282/4282/4734 4239/4239/4736 4278/4278/4727
f 4068/5316/4678 4070/5317/4503 4111/4111/4738
f 4281/4281/4730 4238/4238/4677 4068/4068/4678
f 4279/4279/4728 4238/4238/4677 4281/4281/4730
f 4283/4283/4732 3876/3876/4315 4239/4239/4736
f 3868/3868/4293 3876/3876/4315 4283/4283/4732
f 4284/4284/4731 3868/3868/4293 4283/4283/4732
f 4284/4284/4731 4240/4240/4743 3868/3868/4293
f 4285/4285/4733 4277/4277/4726 4280/4280/4729
f 4277/4277/4726 4285/4285/4733 4282/4282/4734
f 4285/4285/4733 4280/4280/4729 4286/4286/4752
f 4287/4287/4749 4282/4282/4734 4285/4285/4733
f 4287/4287/4749 4285/4285/4733 4286/4286/4752
f 4282/4282/4734 4288/4288/4735 4239/4239/4736
f 4288/4288/4735 4282/4282/4734 4287/4287/4749
f 4239/4239/4736 4288/4288/4735 4283/4283/4732
f 4287/4287/4749 4289/4289/4746 4288/4288/4735
f 4283/4283/4732 4288/4288/4735 4289/4289/4746
f 4283/4283/4732 4289/4289/4746 4284/4284/4731
f 4114/4114/4740 4290/4290/4737 4111/4111/4738
f 4286/4286/4752 4280/4280/4729 4281/4281/4730
f 4290/4290/4737 4068/5316/4678 4111/4111/4738
f 4291/4291/4739 4290/4290/4737 4114/4114/4740
f 4290/4290/4737 4281/5352/4730 4068/5316/4678
f 4262/4262/4741 3853/3853/4292 4240/4240/4743
f 4269/4269/4742 4262/4262/4741 4240/4240/4743
f 4269/4269/4742 4240/4240/4743 4284/4284/4731
f 4269/4269/4742 4271/4271/4720 4256/4256/4712
f 4271/4271/4720 4292/4292/4744 4272/4272/4722
f 4293/4293/4745 4292/4292/4744 4271/4271/4720
f 4293/5355/4745 4269/4269/4742 4284/4284/4731
f 4293/5355/4745 4284/4284/4731 4289/4289/4746
f 4289/4289/4746 4294/4294/4747 4293/5355/4745
f 4293/4293/4745 4271/4271/4720 4269/4269/4742
f 4281/5352/4730 4295/4295/4764 4286/5353/4752
f 4296/4296/4750 4297/4297/4748 4287/4287/4749
f 4298/4298/4759 4297/4297/4748 4296/4296/4750
f 4287/4287/4749 4286/4286/4752 4296/4296/4750
f 4287/4287/4749 4297/4297/4748 4294/4294/4747
f 4299/4299/4751 4298/5357/4759 4296/5356/4750
f 4299/4299/4751 4296/5356/4750 4286/5353/4752
f 4298/4298/4759 4300/4300/4753 4297/4297/4748
f 4301/4301/4757 4300/4300/4753 4298/4298/4759
f 4301/4301/4757 4302/4302/4754 4300/4300/4753
f 4302/4302/4754 4301/4301/4757 4303/4303/4755
f 4304/4304/4756 4303/5360/4755 4301/5358/4757
f 4297/4297/4748 4300/4300/4753 4294/4294/4747
f 4302/4302/4758 4294/4294/4747 4300/4300/4753
f 4294/4294/4747 4302/4302/4758 4303/4303/4771
f 4298/5357/4759 4299/4299/4751 4305/4305/4760
f 4298/5357/4759 4305/4305/4760 4301/5358/4757
f 4301/5358/4757 4305/4305/4760 4304/4304/4756
f 4305/4305/4760 4306/4306/4761 4304/4304/4756
f 4299/4299/4751 4286/5353/4752 4295/4295/4764
f 4287/4287/4749 4294/4294/4747 4289/4289/4746
f 4307/4307/4770 4306/4306/4761 4308/4308/4778
f 4309/4309/4767 4299/4299/4751 4295/4295/4764
f 4114/4114/4740 4113/4113/4554 4291/4291/4739
f 4310/4310/4765 4291/4291/4739 4113/4113/4554
f 4311/4311/4763 4290/4290/4737 4291/4291/4739
f 4311/4311/4763 4281/5352/4730 4290/4290/4737
f 4311/4311/4763 4291/4291/4739 4312/4312/4762
f 4310/4310/4765 4312/4312/4762 4291/4291/4739
f 4281/5352/4730 4311/4311/4763 4295/4295/4764
f 4312/4312/4762 4295/4295/4764 4311/4311/4763
f 4113/4113/4554 4134/4134/4556 4310/4310/4765
f 4310/4310/4765 4143/4143/4766 4153/4153/4575
f 4134/4134/4556 4143/4143/4766 4310/4310/4765
f 4153/4153/4575 4312/4312/4762 4310/4310/4765
f 4312/4312/4762 4309/4309/4767 4295/4295/4764
f 4309/4309/4767 4312/4312/4762 4153/4153/4575
f 4309/4309/4767 4313/4313/4768 4314/4314/4769
f 4299/4299/4751 4309/4309/4767 4314/4314/4769
f 4308/4308/4778 4314/4314/4769 4313/4313/4768
f 4315/4315/4785 4316/4316/4775 4307/4307/4770
f 4317/4317/4777 4313/4313/4768 4309/4309/4767
f 4275/5351/4723 4272/4272/4722 4292/4292/4744
f 4303/5359/4771 4275/5351/4772 4292/4292/4744
f 4304/4304/4756 4275/4275/4723 4303/5360/4773
f 4292/5354/4744 4294/4294/4747 4303/4303/4771
f 4274/4274/4724 4275/4275/4723 4318/4318/4774
f 4318/4318/4774 4275/4275/4723 4304/4304/4756
f 4318/4318/4774 4268/4268/4725 4274/4274/4724
f 4318/4318/4774 4304/4304/4756 4306/4306/4761
f 4293/5355/4745 4294/4294/4747 4292/5354/4744
f 4268/4268/4725 4318/4318/4774 4316/4316/4775
f 4307/4307/4770 4318/4318/4774 4306/4306/4761
f 4318/4318/4774 4307/4307/4770 4316/4316/4775
f 3743/3743/4165 4268/4268/4725 4316/4316/4775
f 4317/4317/4777 4309/4309/4767 4153/4153/4575
f 4143/4143/4766 4151/4151/4574 4153/4153/4575
f 4313/4313/4768 4317/4317/4777 4319/4319/4776
f 4313/4313/4768 4319/4319/4776 4308/4308/4778
f 4317/4317/4777 4320/4320/4780 4319/4319/4776
f 4321/4321/4817 4307/4307/4770 4308/4308/4778
f 4308/4308/4778 4319/4319/4776 4321/4321/4817
f 4315/4315/4785 4307/4307/4770 4321/4321/4817
f 4316/4316/4775 4315/4315/4785 4322/4322/4779
f 4322/4322/4779 3743/3743/4165 4316/4316/4775
f 4317/4317/4777 4153/4153/4575 4323/4323/4781
f 4320/4320/4780 4317/4317/4777 4323/4323/4781
f 4321/4321/4817 4319/4319/4776 4320/4320/4780
f 4323/4323/4781 4153/4153/4575 4152/4152/4782
f 4152/4152/4782 4215/4215/4783 4323/4323/4781
f 4154/4154/4576 4215/4215/4783 4152/4152/4782
f 4320/4320/4780 4324/4324/4786 4321/4321/4817
f 4320/4320/4780 4323/4323/4781 4324/4324/4786
f 4321/4321/4817 4325/4325/4784 4315/4315/4785
f 4323/4323/4781 4326/4326/4810 4324/4324/4786
f 4325/4325/4784 4322/4322/4779 4315/4315/4785
f 3676/3676/4103 3677/3677/4104 3745/3745/4168
f 4327/4327/4787 4328/4328/4790 4105/4105/4788
f 4327/4327/4787 4105/4105/4788 4107/4107/4562
f 4106/4106/4632 4105/4105/4788 4328/4328/4790
f 4329/4329/4789 4328/4328/4790 4327/4327/4787
f 4200/4200/4792 4106/4106/4632 4328/4328/4790
f 4200/4200/4792 4328/4328/4790 4329/4329/4789
f 4330/4330/4791 4200/4200/4792 4329/4329/4789
f 4200/4200/4792 4330/4330/4791 4331/4331/4803
f 4332/4332/4798 4330/4330/4791 4333/4333/4793
f 4334/4334/4804 4331/4331/4803 4330/4330/4791
f 4097/4097/4794 3678/3678/4105 4329/4329/4789
f 4335/4335/4795 3670/3670/4098 4097/4097/4794
f 4131/4131/4560 4139/4139/4561 4102/4102/4563
f 4335/4335/4795 4336/4336/4796 3670/3670/4098
f 4336/4336/4796 4139/4139/4561 3670/3670/4098
f 4329/4329/4789 4335/4335/4795 4097/4097/4794
f 4327/4327/4787 4335/4335/4795 4329/4329/4789
f 4102/4102/4563 4336/4336/4796 4107/4107/4562
f 4336/4336/4796 4102/4102/4563 4139/4139/4561
f 4327/4327/4787 4107/4107/4562 4336/4336/4796
f 4335/4335/4795 4327/4327/4787 4336/4336/4796
f 4329/4329/4789 3678/3678/4105 4330/4330/4791
f 4095/4095/4527 4330/4330/4791 3678/3678/4105
f 4095/4095/4527 4096/4096/4529 4337/4337/4797
f 4338/4338/4800 4096/4096/4529 3676/3676/4103
f 4337/4337/4797 4333/4333/4793 4095/4095/4527
f 4096/4096/4529 4338/4338/4800 4337/4337/4797
f 4333/4333/4793 4330/4330/4791 4095/4095/4527
f 4332/4332/4798 4333/4333/4793 4337/4337/4797
f 4339/4339/4799 4337/4337/4797 4338/4338/4800
f 4337/4337/4797 4339/4339/4799 4332/4332/4798
f 4330/4330/4791 4332/4332/4798 4334/4334/4804
f 4340/4340/4807 4334/4334/4804 4332/4332/4798
f 4340/4340/4807 4332/4332/4798 4339/5361/4799
f 4340/4340/4807 4339/5361/4799 4341/4341/4809
f 3676/3676/4103 4342/4342/4801 4338/4338/4800
f 4339/4339/4799 4338/4338/4800 4342/4342/4801
f 4342/4342/4801 3676/3676/4103 3745/3745/4168
f 4199/4199/4802 4200/4200/4792 4331/4331/4803
f 4343/4343/4806 4163/4163/4591 4199/4199/4802
f 4201/4201/4633 4163/4163/4591 4343/4343/4806
f 4343/4343/4806 4199/4199/4802 4331/4331/4803
f 4343/4343/4806 4331/4331/4803 4334/4334/4804
f 4344/4344/4805 4201/4201/4633 4343/4343/4806
f 4343/4343/4806 4334/4334/4804 4340/4340/4807
f 4341/4341/4809 4344/4344/4805 4340/4340/4807
f 4343/4343/4806 4340/4340/4807 4344/4344/4805
f 4344/4344/4805 4341/4341/4809 4345/4345/4808
f 4201/4201/4633 4344/4344/4805 4345/4345/4808
f 4341/5362/4809 4339/4339/4799 4342/4342/4801
f 4326/4326/4810 4323/4323/4781 4215/4215/4783
f 4346/4346/4811 4215/4215/4783 4216/5336/4649
f 4326/4326/4810 4215/4215/4783 4346/4346/4811
f 4346/5364/4811 4216/4216/4649 4217/4217/4647
f 4346/4346/4811 4347/4347/4812 4326/4326/4810
f 4217/4217/4647 4212/4212/4814 4348/4348/4813
f 4348/4348/4813 4346/5364/4811 4217/4217/4647
f 4348/5366/4813 4347/5365/4812 4346/5363/4811
f 4347/5365/4812 4348/5366/4813 4349/4349/4815
f 4212/5335/4814 4349/4349/4815 4348/5366/4813
f 4350/4350/4821 4212/5335/4814 4351/4351/4816
f 4342/4342/4801 4352/4352/4828 4341/5362/4809
f 4342/4342/4801 3745/3745/4168 4353/4353/4830
f 4353/4353/4830 4352/4352/4828 4342/4342/4801
f 4201/4201/4633 4345/4345/4808 4351/5368/4816
f 4341/4341/4809 4351/5368/4816 4345/4345/4808
f 4212/4212/4814 4201/4201/4633 4351/5368/4816
f 4351/4351/4816 4354/4354/4823 4350/4350/4821
f 4341/5362/4809 4354/4354/4823 4351/4351/4816
f 4326/4326/4810 4321/4321/4817 4324/4324/4786
f 4321/4321/4817 4355/4355/4818 4325/4325/4784
f 4326/4326/4810 4347/4347/4812 4321/4321/4817
f 4355/4355/4818 4321/4321/4817 4347/4347/4812
f 4347/4347/4812 4349/5367/4815 4355/4355/4818
f 4325/4325/4784 4355/4355/4818 4356/4356/4820
f 4357/4357/4819 4325/4325/4784 4356/4356/4820
f 4350/4350/4821 4349/4349/4815 4212/5335/4814
f 4358/4358/4822 4357/4357/4819 4359/4359/4824
f 4360/4360/4826 4358/4358/4822 4361/4361/4825
f 4361/4361/4825 4358/4358/4822 4359/4359/4824
f 4354/4354/4823 4359/5370/4824 4350/4350/4821
f 4359/5370/4824 4354/4354/4823 4361/5371/4825
f 4358/4358/4822 3743/3743/4165 4322/4322/4779
f 4322/4322/4779 4325/4325/4784 4357/4357/4819
f 4358/4358/4822 4322/4322/4779 4357/4357/4819
f 4360/4360/4826 3743/3743/4165 4358/4358/4822
f 4360/4360/4826 4276/4276/4827 3743/3743/4165
f 4341/5362/4809 4352/4352/4828 4362/4362/4829
f 4362/4362/4829 4352/4352/4828 4353/4353/4830
f 4362/4362/4829 4353/4353/4830 4360/4360/4826
f 4354/4354/4823 4341/5362/4809 4362/4362/4829
f 4362/4362/4829 4360/4360/4826 4361/4361/4825
f 4354/4354/4823 4362/4362/4829 4361/5371/4825
f 4276/4276/4827 4353/4353/4830 3745/3745/4168
f 4360/4360/4826 4353/4353/4830 4276/4276/4827
f 4355/4355/4818 4349/5367/4815 4356/4356/4820
f 4349/4349/4815 4350/4350/4821 4356/5369/4820
f 4359/4359/4824 4357/4357/4819 4356/4356/4820
f 4356/5369/4820 4350/4350/4821 4359/5370/4824
f 3857/3857/4283 3801/3801/4266 3799/3799/4224
f 3887/3887/4308 3840/3840/4264 3858/3858/4831
f 4007/4007/4433 4009/4009/4435 4008/4008/4832
f 3858/3858/4831 4040/4040/4473 4043/4043/4477
f 4043/4043/4477 3887/3887/4308 3858/3858/4831
f 4050/4050/4483 3887/3887/4308 4043/4043/4477
f 4062/4062/4520 4069/4069/4538 4363/4363/4833
f 4092/4092/4524 4062/4062/4520 4363/4363/4833
f 4076/4076/4542 4364/4364/4834 4116/4116/4543
f 4077/4077/4509 4364/4364/4834 4076/4076/4542
f 4077/4077/4509 4079/4079/4609 4364/4364/4834
f 4363/4363/4833 4111/4111/4738 4092/4092/4524
f 4111/4111/4738 4363/4363/4833 4069/4069/4538
f 4364/4364/4834 4118/5328/4836 4116/4116/4543
f 4119/4119/4835 4118/4118/4836 4203/4203/4837
f 4119/4119/4835 4203/4203/4837 4121/4121/4838
f 4079/4079/4609 4118/5328/4836 4364/4364/4834
f 4120/4120/4544 4121/4121/4838 4125/4125/4548
f 4123/4123/4549 4125/4125/4548 4136/4136/4558
f 4136/4136/4558 4125/4125/4548 4128/4128/4552
f 4148/4148/4572 4143/4143/4766 4142/4142/4567
f 4143/4143/4766 4148/4148/4572 4151/4151/4574
f 4148/4148/4572 4145/4145/4571 4149/4149/4573
f 4009/4009/4435 4166/4166/4594 4008/4008/4832
f 4166/4166/4594 4009/4009/4435 4164/4164/4592
f 4164/4164/4592 4165/4165/4595 4166/4166/4594
f 4118/4118/4836 4079/5320/4609 4203/4203/4837
f 4121/4121/4838 4203/4203/4837 4202/4202/4839
f 4126/4126/4634 4121/4121/4838 4202/4202/4839
f 4308/4308/4778 4305/4305/4760 4299/4299/4751
f 4305/4305/4760 4308/4308/4778 4306/4306/4761
f 4308/4308/4778 4299/4299/4751 4314/4314/4769
f 1346/4852/1342 1336/1336/1363 4365/4365/4840
f 4366/4366/4841 4365/4365/4840 4367/4367/4842
f 4366/4366/4841 4367/4367/4842 1364/1364/1350
f 4368/4368/4845 4366/4366/4841 4369/4369/4843
f 4370/4370/4852 1346/1346/1342 4365/5372/4840
f 4366/4366/4841 4371/4371/4850 4365/4365/4840
f 4371/4371/4850 4366/4366/4841 4372/4372/4844
f 4372/4372/4844 4366/4366/4841 4368/4368/4845
f 4371/4371/4850 4372/4372/4844 4373/4373/4846
f 4373/4373/4846 4372/4372/4844 4368/4368/4845
f 4374/4374/4847 1359/1359/4848 1358/1358/1340
f 4375/4375/4849 4374/4374/4847 1358/1358/1340
f 4370/4370/4852 4365/5372/4840 4371/5374/4850
f 4376/4376/4851 4370/4370/4852 4371/5374/4850
f 4376/4376/4851 4371/5374/4850 4373/5375/4846
f 4377/4377/4855 4370/4370/4852 4378/4378/4853
f 4379/4379/4856 4380/4380/4854 4377/4377/4855
f 4378/4378/4853 4379/4379/4856 4377/4377/4855
f 4377/4377/4855 1358/1358/1340 1346/1346/1342
f 1358/1358/1340 4377/4377/4855 4380/4380/4854
f 4380/4380/4854 4375/4375/4849 1358/1358/1340
f 4370/4370/4852 4377/4377/4855 1346/1346/1342
f 4381/4381/4857 4373/4373/4846 4368/4368/4845
f 4376/4376/4851 4373/5375/4846 4382/4382/4858
f 4381/4381/4857 4382/5379/4858 4373/4373/4846
f 4370/5373/4852 4376/5376/4851 4383/4383/4862
f 4382/5378/4858 4383/4383/4862 4376/5376/4851
f 4384/4384/4859 4383/4383/4862 4382/5378/4858
f 4385/4385/4898 4382/5378/4858 4386/4386/4860
f 4385/4385/4898 4384/4384/4859 4382/5378/4858
f 4387/4387/5193 4385/4385/4898 4386/4386/4860
f 4383/4383/4862 4384/4384/4859 4388/4388/4861
f 4389/4389/4904 4388/4388/4861 4384/4384/4859
f 4389/4389/4904 4384/4384/4859 4385/4385/4898
f 4390/4390/4907 4383/4383/4862 4388/4388/4861
f 4378/5377/4853 4370/5373/4852 4391/4391/4863
f 4383/4383/4862 4391/4391/4863 4370/5373/4852
f 4392/4392/4864 4378/5377/4853 4391/4391/4863
f 4392/4392/4864 4391/4391/4863 4393/4393/4930
f 4393/4393/4930 4391/4391/4863 4394/4394/5020
f 4391/4391/4863 4383/4383/4862 4390/4390/4907
f 4393/4393/4930 4394/4394/5020 4395/4395/4910
f 4374/4374/4847 1370/1370/4865 1359/1359/4848
f 1359/1359/4848 1334/1334/1341 1358/1358/1340
f 1370/1370/4865 1344/1344/1353 1359/1359/4848
f 4365/4365/4840 1336/1336/1363 1364/1364/1350
f 4367/4367/4842 4365/4365/4840 1364/1364/1350
f 4369/4369/4843 1365/1365/4866 4396/4396/4867
f 4366/4366/4841 1364/1364/1350 1365/1365/4866
f 4369/4369/4843 4366/4366/4841 1365/1365/4866
f 4396/4396/4867 1365/1365/4866 1362/1362/1349
f 4396/4396/4867 1362/1362/1349 1366/1366/4868
f 4396/4396/4867 1366/1366/4868 4397/4397/4874
f 4398/4398/4869 4368/4368/4845 4369/4369/4843
f 4398/4398/4869 4369/4369/4843 4396/4396/4867
f 4396/4396/4867 4397/4397/4874 4398/4398/4869
f 1378/1378/4870 1366/1366/4868 1376/1376/1358
f 1381/1381/1361 1378/1378/4870 1377/1377/1362
f 4397/4397/4874 1366/1366/4868 1378/1378/4870
f 4399/4399/4871 1378/1378/4870 1381/1381/1361
f 4399/4399/4871 1381/1381/1361 1400/1400/4876
f 4399/4399/4871 4400/4400/4872 1378/1378/4870
f 4400/4400/4872 4397/4397/4874 1378/1378/4870
f 4401/4401/4873 4397/4397/4874 4400/4400/4872
f 4401/4401/4873 4400/4400/4872 4399/4399/4871
f 4402/4402/4875 4399/4399/4871 1400/1400/4876
f 4401/4401/4873 4399/4399/4871 4403/4403/4877
f 4404/4404/4878 4401/4401/4873 4403/4403/4877
f 4405/4405/4886 4397/4397/4874 4401/4401/4873
f 4405/4405/4886 4401/4401/4873 4404/4404/4878
f 4403/4403/4877 4399/4399/4871 4402/4402/4875
f 4406/4406/4879 4403/4403/4877 4402/4402/4875
f 4398/4398/4869 4381/4381/4857 4368/4368/4845
f 4407/4407/4880 4408/4408/4881 4398/4398/4869
f 4409/4409/4883 4408/4408/4881 4407/4407/4880
f 4407/4407/4880 4398/4398/4869 4397/4397/4874
f 4407/4407/4880 4397/4397/4874 4405/4405/4886
f 4410/4410/4896 4409/4409/4883 4411/4411/4882
f 4411/4411/4882 4409/4409/4883 4412/4412/4884
f 4412/4412/4884 4413/4413/4888 4411/4411/4882
f 4413/4413/4888 4414/4414/4913 4411/4411/4882
f 4374/4374/4847 4415/4415/4885 1370/1370/4865
f 4416/4416/4938 4417/4417/5036 1482/1482/1466
f 4418/4418/4936 1482/1482/1466 1481/1481/4934
f 4416/4416/4938 1482/1482/1466 4418/4418/4936
f 4404/4404/4878 4403/4403/4877 4406/4406/4879
f 4406/4406/4879 4419/4419/4887 4404/4404/4878
f 4412/4412/4884 4405/4405/4886 4419/4419/4887
f 4419/4419/4887 4413/4413/4888 4412/4412/4884
f 4413/4413/4888 4419/4419/4887 4414/4414/4913
f 4414/4414/4913 4419/4419/4887 4420/4420/4889
f 4406/4406/4879 4420/4420/4889 4419/4419/4887
f 4421/4421/4939 4422/4422/4890 4423/4423/5037
f 4424/4424/4908 4425/4425/4987 4426/4426/4891
f 4427/4427/4906 4428/4428/4999 4425/4425/4987
f 4429/4429/4892 1400/1400/4876 1402/1402/4996
f 4402/4402/4875 1400/1400/4876 4429/4429/4892
f 4406/4406/4879 4402/4402/4875 4429/4429/4892
f 4429/4429/4892 1402/1402/4996 4430/4430/4893
f 4430/4430/4893 4431/4431/4915 4429/4429/4892
f 4432/4432/4894 4430/4430/4893 1402/1402/4996
f 4433/4433/4919 4430/4430/4893 4432/4432/4894
f 4382/5379/4858 4381/4381/4857 4408/4408/4881
f 4410/4410/4896 4386/5380/4860 4408/4408/4881
f 4434/4434/4895 4386/4386/4860 4410/5382/4896
f 4435/4435/4900 4385/4385/4898 4387/4387/5193
f 4434/4434/4895 4387/4387/5193 4386/4386/4860
f 4409/4409/4883 4410/4410/4896 4408/4408/4881
f 4410/5382/4896 4436/4436/4897 4434/4434/4895
f 4389/4389/4904 4385/4385/4898 4437/4437/4899
f 4435/4435/4900 4437/4437/4899 4385/4385/4898
f 4427/4427/4906 4389/4389/4904 4437/4437/4899
f 4437/4437/4899 4438/4438/5195 4427/4427/4906
f 4435/4435/4900 4438/4438/5195 4437/4437/4899
f 4434/4434/4895 4436/4436/4897 4439/4439/4902
f 4411/4411/4882 4436/5383/4897 4410/4410/4896
f 4414/4414/4913 4436/5383/4897 4411/4411/4882
f 4414/4414/4913 4440/4440/4901 4436/4436/4897
f 4439/4439/4902 4436/4436/4897 4440/4440/4901
f 4435/4435/4900 4439/4439/4902 4441/4441/4903
f 4441/4441/4903 4439/4439/4902 4440/4440/4901
f 4388/4388/4861 4389/4389/4904 4442/4442/4905
f 4389/4389/4904 4427/4427/4906 4442/4442/4905
f 4390/4390/4907 4388/4388/4861 4442/4442/4905
f 4443/4443/4909 4390/4390/4907 4442/4442/4905
f 4424/4424/4908 4442/4442/4905 4427/4427/4906
f 4442/4442/4905 4424/4424/4908 4443/4443/4909
f 4390/4390/4907 4443/4443/4909 4426/4426/4891
f 4425/4425/4987 4424/4424/4908 4427/4427/4906
f 4443/4443/4909 4424/4424/4908 4426/4426/4891
f 4390/4390/4907 4426/4426/4891 4391/4391/4863
f 4427/4427/4906 4438/4438/5195 4428/4428/4999
f 4395/4395/4910 4444/4444/5012 4445/4445/4911
f 4446/4446/4912 4406/4406/4879 4429/4429/4892
f 4446/4446/4912 4429/4429/4892 4447/4447/4917
f 4447/4447/4917 4448/4448/5194 4446/4446/4912
f 4446/4446/4912 4420/4420/4889 4406/4406/4879
f 4446/4446/4912 4414/4414/4913 4420/4420/4889
f 4446/4446/4912 4440/4440/4901 4414/4414/4913
f 4449/4449/4914 4440/4440/4901 4446/4446/4912
f 4440/4440/4901 4449/4449/4914 4441/4441/4903
f 4449/4449/4914 4438/4438/5195 4441/4441/4903
f 4449/4449/4914 4446/4446/4912 4448/4448/5194
f 4447/4447/4917 4429/4429/4892 4431/4431/4915
f 4450/4450/4916 4447/4447/4917 4431/4431/4915
f 4450/4450/4916 4451/4451/4920 4438/4438/5195
f 4450/4450/4916 4431/4431/4915 4452/4452/4918
f 4450/4450/4916 4452/4452/4918 4451/4451/4920
f 4428/4428/4999 4438/4438/5195 4451/4451/4920
f 4430/4430/4893 4452/4452/4918 4431/4431/4915
f 4433/4433/4919 4452/4452/4918 4430/4430/4893
f 4433/4433/4919 4451/4451/4920 4452/4452/4918
f 4451/4451/4920 4433/4433/4919 4453/4453/4921
f 4378/4378/4853 4392/5381/4864 4379/4379/4856
f 4454/4454/4922 4379/4379/4856 4392/5381/4864
f 4379/4379/4856 4454/4454/4922 4455/4455/4923
f 4456/4456/4924 4375/4375/4849 4380/4380/4854
f 4455/4455/4923 4380/4380/4854 4379/4379/4856
f 4455/4455/4923 4456/4456/4924 4380/4380/4854
f 4456/4456/4924 4455/4455/4923 4457/4457/4925
f 4374/4374/4847 4375/4375/4849 4456/4456/4924
f 4456/4456/4924 4415/4415/4885 4374/4374/4847
f 4458/4458/4926 4456/4456/4924 4457/4457/4925
f 4458/4458/4926 4415/4415/4885 4456/4456/4924
f 4455/4455/4923 4459/4459/4927 4457/4457/4925
f 4454/4454/4922 4459/4459/4927 4455/4455/4923
f 4459/5386/4927 4454/5384/4922 4460/4460/4928
f 4461/4461/4929 4459/5386/4927 4460/4460/4928
f 4454/5384/4922 4392/4392/4864 4393/4393/4930
f 4393/4393/4930 4460/4460/4928 4454/5384/4922
f 4462/4462/4931 4457/4457/4925 4459/4459/4927
f 4459/5386/4927 4461/4461/4929 4462/5387/4931
f 4457/4457/4925 4462/4462/4931 4458/4458/4926
f 4461/4461/4929 4460/4460/4928 4445/4445/4911
f 4460/4460/4928 4393/4393/4930 4395/4395/4910
f 4445/4445/4911 4460/4460/4928 4395/4395/4910
f 4461/4461/4929 4463/4463/4933 4462/5387/4931
f 4445/4445/4911 4464/4464/4943 4461/4461/4929
f 4462/5387/4931 4463/4463/4933 4458/5385/4926
f 4465/4465/4932 4415/4415/4885 4458/4458/4926
f 4463/4463/4933 4465/5388/4932 4458/5385/4926
f 4463/4463/4933 4461/4461/4929 4464/4464/4943
f 1370/1370/4865 4415/4415/4885 4466/4466/4935
f 4466/4466/4935 1481/1481/4934 1370/1370/4865
f 4466/4466/4935 4418/4418/4936 1481/1481/4934
f 4467/4467/4937 4416/4416/4938 4418/4418/4936
f 4416/4416/4938 4467/4467/4937 4421/4421/4939
f 4467/4467/4937 4418/4418/4936 4468/4468/4940
f 4469/4469/4941 4421/4421/4939 4467/4467/4937
f 4470/4470/4955 4422/4422/4890 4421/4421/4939
f 4470/4470/4955 4471/4471/5039 4422/4422/4890
f 4469/4469/4941 4470/4470/4955 4421/4421/4939
f 4472/4472/4942 4470/4470/4955 4469/4469/4941
f 4466/4466/4935 4415/4415/4885 4465/4465/4932
f 4473/4473/4948 4418/4418/4936 4466/4466/4935
f 4465/4465/4932 4473/4473/4948 4466/4466/4935
f 4473/5389/4948 4474/4474/4945 4475/4475/4949
f 4463/4463/4933 4474/4474/4945 4465/5388/4932
f 4476/4476/4946 4463/4463/4933 4464/4464/4943
f 4473/5389/4948 4465/5388/4932 4474/4474/4945
f 4477/4477/4944 4475/4475/4949 4474/4474/4945
f 4474/4474/4945 4463/4463/4933 4476/4476/4946
f 4477/4477/4944 4474/4474/4945 4476/4476/4946
f 4478/4478/4947 4476/4476/4946 4464/4464/4943
f 4477/4477/4944 4476/4476/4946 4478/4478/4947
f 4473/4473/4948 4468/4468/4940 4418/4418/4936
f 4468/4468/4940 4475/5390/4949 4467/4467/4937
f 4475/5390/4949 4468/4468/4940 4473/4473/4948
f 4475/5390/4949 4479/4479/4951 4467/4467/4937
f 4467/4467/4937 4479/4479/4951 4469/4469/4941
f 4479/4479/4951 4475/5390/4949 4477/5391/4944
f 4477/5391/4944 4478/5392/4947 4480/4480/4952
f 4478/5392/4947 4481/4481/4950 4480/4480/4952
f 4479/4479/4951 4477/5391/4944 4480/4480/4952
f 4479/4479/4951 4480/4480/4952 4482/4482/4953
f 4482/4482/4953 4472/4472/4942 4469/4469/4941
f 4469/4469/4941 4479/4479/4951 4482/4482/4953
f 4464/4464/4943 4445/4445/4911 4444/4444/5012
f 4483/4483/4959 4464/4464/4943 4444/4444/5012
f 4444/4444/5012 4484/4484/4954 4483/4483/4959
f 4485/4485/4957 4483/4483/4959 4484/4484/4954
f 4484/4484/4954 4444/4444/5012 4486/4486/4975
f 4487/4487/4977 4484/4484/4954 4486/4486/4975
f 4485/4485/4957 4484/4484/4954 4487/4487/4977
f 4488/4488/4985 4471/4471/5039 4470/4470/4955
f 4488/4488/4985 4470/4470/4955 4472/4472/4942
f 4489/4489/4973 4472/4472/4942 4482/4482/4953
f 4464/4464/4943 4483/4483/4959 4478/4478/4947
f 4490/4490/4956 4483/4483/4959 4485/4485/4957
f 4491/4491/4962 4490/5397/4956 4485/5395/4957
f 4492/4492/4958 4478/4478/4947 4483/4483/4959
f 4493/4493/4960 4483/4483/4959 4490/4490/4956
f 4491/4491/4962 4493/5401/4960 4490/5397/4956
f 4493/4493/4960 4492/4492/4963 4483/4483/4959
f 4494/4494/4961 4493/5401/4960 4491/4491/4962
f 4481/5394/4950 4478/4478/4947 4492/4492/4958
f 4493/5399/4960 4495/4495/4970 4492/5398/4963
f 4491/4491/4962 4496/4496/4964 4494/4494/4961
f 4491/4491/4962 4497/4497/4968 4496/4496/4964
f 4498/4498/4982 4494/4494/4961 4496/4496/4964
f 4499/4499/4965 4496/4496/4964 4497/4497/4968
f 4494/5402/4961 4495/5403/4970 4493/5400/4960
f 4498/5404/4982 4495/5403/4970 4494/5402/4961
f 4485/5395/4957 4487/5396/4977 4491/4491/4962
f 4500/4500/4966 4491/4491/4962 4487/5396/4977
f 4497/4497/4968 4491/4491/4962 4500/4500/4966
f 4501/4501/4967 4497/4497/4968 4500/4500/4966
f 4500/4500/4966 4502/4502/4969 4501/4501/4967
f 4495/4495/4970 4481/5393/4950 4492/5398/4963
f 4480/4480/4952 4481/4481/4950 4482/4482/4953
f 4481/4481/4950 4495/5403/4970 4503/4503/4971
f 4482/4482/4953 4481/4481/4950 4489/4489/4973
f 4481/4481/4950 4503/4503/4971 4489/4489/4973
f 4472/4472/4942 4489/4489/4973 4488/4488/4985
f 4504/4504/4972 4488/4488/4985 4489/4489/4973
f 4503/4503/4971 4495/5403/4970 4505/4505/4981
f 4503/4503/4971 4505/4505/4981 4489/4489/4973
f 4504/4504/4972 4489/4489/4973 4505/4505/4981
f 4506/4506/4974 4486/4486/4975 4444/4444/5012
f 4487/4487/4977 4486/4486/4975 4507/4507/4976
f 4487/5396/4977 4507/5405/4976 4508/4508/4978
f 4500/4500/4966 4487/5396/4977 4508/4508/4978
f 4507/4507/4976 4486/4486/4975 4506/4506/4974
f 4509/4509/5070 4507/4507/4976 4506/4506/4974
f 4508/4508/4978 4507/5405/4976 4509/5406/5070
f 4502/4502/4969 4500/4500/4966 4510/4510/5032
f 4511/4511/5118 4499/4499/4965 4512/4512/4979
f 4498/4498/4982 4496/4496/4964 4499/4499/4965
f 4513/4513/4980 4495/5403/4970 4498/5404/4982
f 4495/5403/4970 4513/4513/4980 4505/4505/4981
f 4511/4511/5118 4513/5407/4980 4498/4498/4982
f 4497/4497/4968 4501/4501/4967 4499/4499/4965
f 4501/4501/4967 4502/4502/4969 4514/4514/4983
f 4501/4501/4967 4514/4514/4983 4499/4499/4965
f 4498/4498/4982 4499/4499/4965 4511/4511/5118
f 4512/4512/4979 4499/4499/4965 4514/4514/4983
f 4505/4505/4981 4513/4513/4980 4515/4515/4984
f 4504/4504/4972 4505/4505/4981 4515/4515/4984
f 4516/4516/5124 4488/4488/4985 4504/4504/4972
f 4514/4514/4983 4502/4502/4969 4510/4510/5032
f 4514/4514/4983 4510/4510/5032 4517/4517/5140
f 4517/4517/5140 4518/4518/5139 4514/4514/4983
f 4519/4519/4986 4426/4426/4891 4425/4425/4987
f 4426/4426/4891 4519/4519/4986 4520/4520/4988
f 4425/4425/4987 4521/4521/4991 4519/4519/4986
f 4428/4428/4999 4521/4521/4991 4425/4425/4987
f 4522/4522/4990 4520/4520/4988 4519/4519/4986
f 4522/4522/4990 4391/4391/4863 4520/4520/4988
f 4523/4523/4993 4524/4524/5003 4525/4525/4989
f 4524/4524/5003 4522/4522/4990 4519/4519/4986
f 4522/4522/4990 4524/4524/5003 4523/4523/4993
f 4519/4519/4986 4521/4521/4991 4526/4526/4992
f 4391/4391/4863 4522/4522/4990 4523/4523/4993
f 4524/4524/5003 4519/4519/4986 4526/4526/4992
f 4391/4391/4863 4523/4523/4993 4527/4527/4994
f 4528/4528/4995 4432/4432/4894 1402/1402/4996
f 4528/4528/4995 1402/1402/4996 1530/1530/1518
f 4528/4528/4995 1530/1530/1518 4529/4529/4997
f 4530/4530/5000 4432/4432/4894 4528/4528/4995
f 4531/4531/4998 4529/4529/4997 4532/4532/5002
f 4533/4533/5001 4428/4428/4999 4453/4453/4921
f 4533/4533/5001 4453/4453/4921 4530/4530/5000
f 4530/4530/5000 4528/4528/4995 4529/4529/4997
f 4530/4530/5000 4529/4529/4997 4531/4531/4998
f 4531/4531/4998 4533/4533/5001 4530/4530/5000
f 4531/4531/4998 4532/4532/5002 4533/4533/5001
f 4524/4524/5003 4526/4526/4992 4534/4534/5004
f 4535/4535/5005 4536/4536/5006 4537/4537/5007
f 4537/4537/5007 4538/4538/5008 4535/4535/5005
f 4526/4526/4992 4521/4521/4991 4539/4539/5009
f 4428/4428/4999 4539/4539/5009 4521/4521/4991
f 4539/4539/5009 4536/4536/5006 4526/4526/4992
f 4539/4539/5009 4428/4428/4999 4533/4533/5001
f 4533/4533/5001 4540/4540/5010 4539/4539/5009
f 4540/4540/5010 4533/4533/5001 4532/4532/5002
f 4540/4540/5010 4541/4541/5060 4539/4539/5009
f 4539/4539/5009 4537/4537/5007 4536/4536/5006
f 4541/4541/5060 4537/4537/5007 4539/4539/5009
f 4391/4391/4863 4426/4426/4891 4520/4520/4988
f 4542/4542/5011 4444/4444/5012 4395/4395/4910
f 4433/4433/4919 4432/4432/4894 4453/4453/4921
f 4451/4451/4920 4453/4453/4921 4428/4428/4999
f 4530/4530/5000 4453/4453/4921 4432/4432/4894
f 4444/4444/5012 4543/4543/5029 4544/4544/5068
f 4527/4527/4994 4523/4523/4993 4525/4525/4989
f 4391/4391/4863 4527/4527/4994 4394/4394/5020
f 1461/1461/5013 4545/4545/5014 1467/1467/1454
f 4546/4546/5015 1467/1467/1454 4545/4545/5014
f 4547/4547/5017 4545/4545/5014 1461/1461/5013
f 4547/4547/5017 1461/1461/5013 1462/1462/1448
f 1466/1466/1452 1464/1464/1453 4548/4548/5016
f 1467/1467/1454 4546/4546/5015 1464/1464/1453
f 4549/4549/5196 4548/5412/5016 4525/4525/4989
f 4525/4525/4989 4548/5412/5016 4546/5410/5015
f 4549/4549/5196 4525/4525/4989 4524/4524/5003
f 4534/4534/5004 4549/4549/5196 4524/4524/5003
f 4545/5409/5014 4547/5411/5017 4525/4525/4989
f 4525/4525/4989 4546/5410/5015 4545/5409/5014
f 4525/4525/4989 4547/5411/5017 4527/4527/4994
f 1462/1462/1448 4527/5408/4994 4547/4547/5017
f 4550/4550/5018 1465/1465/1451 1466/1466/1452
f 4550/4550/5018 4551/4551/5019 1465/1465/1451
f 4552/4552/5052 4550/5413/5018 1466/4864/1452
f 4535/4535/5005 1466/4864/1452 4553/4553/5197
f 4535/4535/5005 4552/4552/5052 1466/4864/1452
f 4535/4535/5005 4538/4538/5008 4552/4552/5052
f 4394/4394/5020 4527/4527/4994 4554/4554/5021
f 4395/4395/4910 4394/4394/5020 4554/4554/5021
f 4542/4542/5011 4395/4395/4910 4554/4554/5021
f 4555/4555/5024 1462/1462/1448 1468/1468/1456
f 4527/5408/4994 1462/1462/1448 4555/4555/5024
f 4556/4556/5027 1468/1468/1456 1470/1470/1455
f 4554/4554/5021 4527/4527/4994 4557/4557/5022
f 4554/4554/5021 4557/4557/5022 4558/4558/5023
f 4557/5414/5022 4527/5408/4994 4555/4555/5024
f 4559/4559/5026 4555/4555/5024 1468/1468/1456
f 4557/5414/5022 4555/4555/5024 4559/4559/5026
f 4558/4558/5023 4557/4557/5022 4559/5415/5026
f 4560/4560/5025 4558/4558/5023 4559/5415/5026
f 4559/4559/5026 1468/1468/1456 4556/4556/5027
f 4560/5416/5025 4559/4559/5026 4556/4556/5027
f 4542/4542/5011 4554/4554/5021 4558/4558/5023
f 4561/4561/5028 4542/4542/5011 4558/4558/5023
f 4558/4558/5023 4560/4560/5025 4561/4561/5028
f 4562/4562/5030 4556/4556/5027 1470/1470/1455
f 4560/5416/5025 4556/4556/5027 4562/4562/5030
f 4560/4560/5025 4563/4563/5092 4561/4561/5028
f 4561/4561/5028 4543/4543/5029 4542/4542/5011
f 4560/4560/5025 4562/5417/5030 4563/4563/5092
f 4543/4543/5029 4561/4561/5028 4563/4563/5092
f 4543/4543/5029 4444/4444/5012 4542/4542/5011
f 4500/4500/4966 4508/4508/4978 4564/4564/5031
f 4500/4500/4966 4564/4564/5031 4510/4510/5032
f 4517/4517/5140 4565/4565/5033 4566/4566/5144
f 1370/1370/4865 1481/1481/4934 1369/1369/1354
f 4417/4417/5036 1480/1480/1469 1482/1482/1466
f 4417/4417/5036 1486/1486/5034 1480/1480/1469
f 1486/1486/5034 4417/4417/5036 4567/4567/5035
f 4421/4421/4939 4567/4567/5035 4417/4417/5036
f 4423/4423/5037 4567/4567/5035 4421/4421/4939
f 4417/4417/5036 4416/4416/4938 4421/4421/4939
f 4422/4422/4890 4568/4568/5038 4423/4423/5037
f 1500/1500/5045 1486/1486/5034 4567/4567/5035
f 4567/4567/5035 4569/4569/5046 1500/1500/5045
f 4423/4423/5037 4569/4569/5046 4567/4567/5035
f 4568/4568/5038 4569/4569/5046 4423/4423/5037
f 4569/4569/5046 4568/4568/5038 4570/4570/5040
f 4471/4471/5039 4568/4568/5038 4422/4422/4890
f 4568/4568/5038 4471/4471/5039 4570/4570/5040
f 4571/4571/5041 4570/4570/5040 4471/4471/5039
f 4569/4569/5046 4570/4570/5040 4572/4572/5066
f 4570/4570/5040 4571/4571/5041 4572/4572/5066
f 4571/4571/5041 4573/4573/5043 4574/4574/5042
f 4571/4571/5041 4471/4471/5039 4488/4488/4985
f 4571/4571/5041 4488/4488/4985 4573/4573/5043
f 1402/1402/4996 1498/1498/1482 1530/1530/1518
f 4529/4529/4997 4575/4575/5044 4532/4532/5002
f 1500/1500/5045 4569/4569/5046 4576/4576/5047
f 4529/4529/4997 1530/1530/1518 4577/4577/5048
f 1535/1535/1522 1538/1538/5049 1530/1530/1518
f 4577/4577/5048 1530/1530/1518 1538/1538/5049
f 4577/4577/5048 1538/1538/5049 4578/4578/5051
f 1537/1537/5050 4578/4578/5051 1538/1538/5049
f 4552/4552/5052 4538/4538/5008 4579/4579/5053
f 4577/4577/5048 4578/4578/5051 4580/4580/5056
f 4580/4580/5056 4581/4581/5054 4577/4577/5048
f 4581/4581/5054 4551/4551/5019 4579/5418/5053
f 4551/4551/5019 4581/4581/5054 4582/4582/5055
f 4582/4582/5055 4581/4581/5054 4580/4580/5056
f 4583/4583/5057 4575/4575/5044 4529/4529/4997
f 4575/4575/5044 4540/4540/5010 4532/4532/5002
f 4575/4575/5044 4583/4583/5057 4540/4540/5010
f 4584/4584/5059 4540/4540/5010 4583/4583/5057
f 4585/4585/5058 4584/4584/5059 4583/4583/5057
f 4579/4579/5053 4538/4538/5008 4581/4581/5054
f 4538/4538/5008 4537/4537/5007 4584/4584/5059
f 4584/4584/5059 4585/4585/5058 4538/4538/5008
f 4577/4577/5048 4583/4583/5057 4529/4529/4997
f 4583/4583/5057 4577/4577/5048 4585/4585/5058
f 4585/4585/5058 4577/4577/5048 4581/4581/5054
f 4585/4585/5058 4581/4581/5054 4538/4538/5008
f 4540/4540/5010 4584/4584/5059 4541/4541/5060
f 4541/4541/5060 4584/4584/5059 4537/4537/5007
f 1539/1539/1523 1499/1499/1483 1500/1500/5045
f 4576/4576/5047 1539/1539/1523 1500/1500/5045
f 4576/4576/5047 4586/4586/5062 1539/1539/1523
f 4576/4576/5047 4587/4587/5065 4588/4588/5061
f 4588/4588/5061 4586/4586/5062 4576/4576/5047
f 1539/1539/1523 4586/4586/5062 4589/4589/5084
f 4588/4588/5061 4590/4590/5063 4586/4586/5062
f 4590/4590/5063 4591/4591/5064 4586/4586/5062
f 4591/4591/5064 4589/4589/5084 4586/4586/5062
f 4569/4569/5046 4572/4572/5066 4576/4576/5047
f 4571/4571/5041 4574/4574/5042 4572/4572/5066
f 4587/4587/5065 4576/4576/5047 4572/4572/5066
f 4574/4574/5042 4587/4587/5065 4572/4572/5066
f 4508/4508/4978 4509/5406/5070 4592/4592/5067
f 4544/4544/5068 4506/4506/4974 4444/4444/5012
f 4593/4593/5069 4506/4506/4974 4544/4544/5068
f 4593/4593/5069 4509/4509/5070 4506/4506/4974
f 4592/4592/5067 4509/5406/5070 4593/5419/5069
f 4594/4594/5071 4593/4593/5069 4544/4544/5068
f 4595/4595/5073 4593/5419/5069 4594/5420/5071
f 4594/4594/5071 4544/4544/5068 4596/4596/5095
f 4543/4543/5029 4596/4596/5095 4544/4544/5068
f 4592/4592/5067 4593/5419/5069 4595/4595/5073
f 4592/4592/5067 4595/4595/5073 4597/4597/5109
f 4573/4573/5043 4598/4598/5072 4574/4574/5042
f 4599/4599/5096 4595/4595/5073 4594/5420/5071
f 4600/4600/5074 4601/4601/5075 4602/4602/5076
f 4601/4601/5075 4603/4603/5077 4602/4602/5076
f 4601/5424/5075 4600/5422/5074 4604/4604/5080
f 4601/5423/5075 4605/4605/5078 4603/5427/5077
f 4601/5424/5075 4606/4606/5082 4605/5428/5078
f 4573/4573/5043 4606/4606/5082 4598/4598/5072
f 4606/4606/5082 4607/4607/5112 4605/5428/5078
f 4574/4574/5042 4588/4588/5061 4587/4587/5065
f 4598/4598/5072 4588/4588/5061 4574/4574/5042
f 4588/4588/5061 4598/4598/5072 4590/4590/5063
f 4591/4591/5064 4590/4590/5063 4608/4608/5079
f 4608/4608/5079 4590/4590/5063 4598/4598/5072
f 4609/4609/5100 4591/4591/5064 4608/4608/5079
f 4604/4604/5080 4610/4610/5081 4608/4608/5079
f 4610/4610/5081 4609/4609/5100 4608/4608/5079
f 4598/4598/5072 4606/4606/5082 4608/4608/5079
f 4606/4606/5082 4604/4604/5080 4608/4608/5079
f 4601/5424/5075 4604/4604/5080 4606/4606/5082
f 4552/4552/5052 4579/4579/5053 4550/5413/5018
f 4611/4611/5083 1470/1470/1455 1469/1469/1494
f 4562/4562/5030 1470/1470/1455 4612/4612/5089
f 4612/4612/5089 1470/1470/1455 4611/4611/5083
f 4613/4613/5085 1540/1540/1524 1539/1539/1523
f 4613/4613/5085 1541/4867/5086 1540/1540/1524
f 4589/4589/5084 4613/4613/5085 1539/1539/1523
f 4589/4589/5084 4614/4614/5101 4613/4613/5085
f 1541/1541/5086 4611/4611/5083 1469/1469/1494
f 4615/4615/5087 4611/4611/5083 1541/1541/5086
f 4615/5429/5087 1541/4867/5086 4613/4613/5085
f 4596/4596/5095 4543/4543/5029 4616/4616/5088
f 4617/4617/5098 4543/4543/5029 4563/4563/5092
f 4612/4612/5089 4611/4611/5083 4618/4618/5090
f 4612/4612/5089 4618/4618/5090 4619/4619/5091
f 4619/5430/5091 4620/4620/5106 4563/4563/5092
f 4617/4617/5098 4616/4616/5088 4543/4543/5029
f 4617/4617/5098 4563/4563/5092 4620/4620/5106
f 4621/4621/5111 4595/4595/5073 4622/4622/5093
f 4623/4623/5094 4595/4595/5073 4621/4621/5111
f 4594/4594/5071 4596/4596/5095 4599/5421/5096
f 4599/5421/5096 4596/4596/5095 4616/4616/5088
f 4624/4624/5097 4599/5421/5096 4616/4616/5088
f 4602/4602/5076 4616/4616/5088 4625/4625/5099
f 4616/4616/5088 4603/4603/5077 4624/4624/5097
f 4603/4603/5077 4616/4616/5088 4602/4602/5076
f 4622/4622/5093 4595/4595/5073 4599/4599/5096
f 4622/4622/5093 4599/4599/5096 4624/5432/5097
f 4622/5431/5093 4624/5433/5097 4603/5425/5077
f 4600/4600/5074 4602/4602/5076 4625/4625/5099
f 4604/4604/5080 4600/5422/5074 4625/5434/5099
f 4617/4617/5098 4625/4625/5099 4616/4616/5088
f 4603/5426/5077 4621/4621/5111 4622/4622/5093
f 4626/4626/5117 4621/4621/5111 4603/5426/5077
f 4626/4626/5117 4603/5426/5077 4605/5428/5078
f 4563/4563/5092 4562/5417/5030 4619/5430/5091
f 4612/4612/5089 4619/4619/5091 4562/4562/5030
f 4609/4609/5100 4589/4589/5084 4591/4591/5064
f 4610/4610/5081 4627/4627/5107 4609/4609/5100
f 4627/4627/5107 4610/4610/5081 4628/4628/5104
f 4625/4625/5099 4617/4617/5098 4628/5435/5104
f 4609/4609/5100 4627/4627/5107 4589/4589/5084
f 4618/4618/5090 4629/4629/5105 4619/4619/5091
f 4613/4613/5085 4630/4630/5102 4615/5429/5087
f 4614/4614/5101 4630/4630/5102 4613/4613/5085
f 4627/4627/5107 4614/4614/5101 4589/4589/5084
f 4631/4631/5108 4630/4630/5102 4614/4614/5101
f 4611/4611/5083 4615/4615/5087 4630/5438/5102
f 4611/4611/5083 4630/5438/5102 4618/4618/5090
f 4629/4629/5105 4618/4618/5090 4630/5438/5102
f 4631/4631/5108 4629/5437/5105 4630/4630/5102
f 4617/4617/5098 4632/4632/5103 4628/5435/5104
f 4619/5430/5091 4629/5436/5105 4620/4620/5106
f 4629/5436/5105 4632/4632/5103 4620/4620/5106
f 4617/4617/5098 4620/4620/5106 4632/4632/5103
f 4614/4614/5101 4627/4627/5107 4631/4631/5108
f 4632/5439/5103 4629/5437/5105 4631/4631/5108
f 4631/4631/5108 4628/4628/5104 4632/5439/5103
f 4628/4628/5104 4631/4631/5108 4627/4627/5107
f 4625/5434/5099 4610/4610/5081 4604/4604/5080
f 4625/5434/5099 4628/4628/5104 4610/4610/5081
f 4564/4564/5031 4508/4508/4978 4592/4592/5067
f 4564/4564/5031 4592/4592/5067 4597/4597/5109
f 4510/4510/5032 4564/4564/5031 4597/4597/5109
f 4597/4597/5109 4633/4633/5110 4510/4510/5032
f 4517/4517/5140 4510/4510/5032 4633/4633/5110
f 4573/4573/5043 4607/4607/5112 4606/4606/5082
f 4517/4517/5140 4633/4633/5110 4565/4565/5033
f 4623/4623/5094 4597/4597/5109 4595/4595/5073
f 4623/4623/5094 4633/4633/5110 4597/4597/5109
f 4633/4633/5110 4623/4623/5094 4634/4634/5113
f 4634/4634/5113 4623/4623/5094 4621/4621/5111
f 4607/4607/5112 4626/4626/5117 4605/5428/5078
f 4565/4565/5033 4633/4633/5110 4634/4634/5113
f 4635/4635/5114 4621/4621/5111 4626/4626/5117
f 4634/4634/5113 4636/4636/5115 4565/4565/5033
f 4621/4621/5111 4636/4636/5115 4634/4634/5113
f 4637/4637/5116 4635/4635/5114 4626/4626/5117
f 4635/4635/5114 4636/4636/5115 4621/4621/5111
f 4637/4637/5116 4626/4626/5117 4607/4607/5112
f 4512/4512/4979 4638/4638/5120 4511/4511/5118
f 4639/4639/5119 4638/4638/5120 4512/4512/4979
f 4512/4512/4979 4514/4514/4983 4640/4640/5121
f 4639/4639/5119 4512/4512/4979 4640/4640/5121
f 4640/4640/5121 4514/4514/4983 4518/4518/5139
f 4640/4640/5121 4641/4641/5122 4639/4639/5119
f 4641/4641/5122 4640/4640/5121 4518/4518/5139
f 4511/4511/5118 4638/4638/5120 4513/5407/4980
f 4515/4515/4984 4516/4516/5124 4504/4504/4972
f 4573/4573/5043 4488/4488/4985 4516/4516/5124
f 4642/4642/5123 4515/4515/4984 4513/4513/4980
f 4639/4639/5119 4641/4641/5122 4643/4643/5141
f 4515/4515/4984 4642/4642/5123 4516/4516/5124
f 4644/4644/5125 4639/4639/5119 4643/4643/5141
f 4644/4644/5125 4645/4645/5128 4639/4639/5119
f 4639/4639/5119 4645/4645/5128 4646/4646/5127
f 4644/4644/5125 4643/4643/5141 4647/4647/5126
f 4648/4648/5173 4644/4644/5125 4647/4647/5126
f 4646/4646/5127 4638/4638/5120 4639/4639/5119
f 4649/4649/5137 4638/4638/5120 4646/4646/5127
f 4649/4649/5137 4513/5407/4980 4638/4638/5120
f 4642/5440/5123 4513/5407/4980 4649/4649/5137
f 4650/4650/5171 4642/4642/5123 4651/4651/5136
f 4642/4642/5123 4650/4650/5171 4516/4516/5124
f 4652/4652/5132 4646/4646/5127 4645/4645/5128
f 4645/4645/5128 4644/4644/5125 4648/4648/5173
f 4648/4648/5173 4653/4653/5129 4645/4645/5128
f 4652/4652/5132 4645/4645/5128 4653/4653/5129
f 4653/4653/5129 4648/4648/5173 4654/4654/5130
f 4655/4655/5131 4649/4649/5137 4646/4646/5127
f 4652/4652/5132 4655/4655/5131 4646/4646/5127
f 4655/4655/5131 4652/4652/5132 4656/4656/5134
f 4656/4656/5134 4651/5441/5136 4655/4655/5131
f 4651/4651/5136 4656/5443/5134 4657/4657/5133
f 4656/4656/5134 4652/4652/5132 4653/4653/5129
f 4656/4656/5134 4653/4653/5129 4654/4654/5130
f 4658/4658/5135 4656/5443/5134 4654/5442/5130
f 4658/4658/5135 4654/5442/5130 4659/4659/5177
f 4651/5441/5136 4642/5440/5123 4649/4649/5137
f 4660/4660/5138 4650/4650/5171 4651/4651/5136
f 4651/5441/5136 4649/4649/5137 4655/4655/5131
f 4657/4657/5133 4660/4660/5138 4651/4651/5136
f 4657/4657/5133 4656/5443/5134 4658/4658/5135
f 4661/4661/5178 4657/4657/5133 4658/4658/5135
f 4661/4661/5178 4660/4660/5138 4657/4657/5133
f 4661/4661/5178 4658/4658/5135 4659/4659/5177
f 4518/4518/5139 4517/4517/5140 4662/4662/5142
f 4641/4641/5122 4518/4518/5139 4662/4662/5142
f 4663/4663/5170 4573/4573/5043 4516/4516/5124
f 4643/4643/5141 4641/4641/5122 4662/4662/5142
f 4643/4643/5141 4662/4662/5142 4664/4664/5143
f 4664/4664/5143 4662/4662/5142 4665/4665/5149
f 4665/4665/5149 4662/4662/5142 4517/4517/5140
f 4636/4636/5115 4566/4566/5144 4565/4565/5033
f 4517/4517/5140 4566/4566/5144 4665/4665/5149
f 4666/4666/5146 4636/4636/5115 4635/4635/5114
f 4667/4667/5145 4666/4666/5146 4635/4635/5114
f 4667/4667/5145 4635/4635/5114 4637/4637/5116
f 4637/4637/5116 4668/4668/5147 4667/4667/5145
f 4665/4665/5149 4669/4669/5148 4664/4664/5143
f 4665/4665/5149 4566/4566/5144 4670/4670/5150
f 4671/4671/5157 4665/4665/5149 4670/4670/5150
f 4665/4665/5149 4671/4671/5157 4669/4669/5148
f 4672/4672/5151 4669/4669/5148 4671/4671/5157
f 4673/4673/5155 4573/4573/5043 4663/4663/5170
f 4670/4670/5150 4566/4566/5144 4636/4636/5115
f 4670/4670/5150 4636/4636/5115 4674/4674/5152
f 4671/4671/5157 4670/4670/5150 4674/4674/5152
f 4674/4674/5152 4636/4636/5115 4675/4675/5154
f 4636/4636/5115 4666/4666/5146 4675/4675/5154
f 4666/4666/5146 4676/4676/5153 4675/4675/5154
f 4676/4676/5153 4666/4666/5146 4667/4667/5145
f 4573/4573/5043 4673/4673/5155 4677/4677/5156
f 4678/4678/5161 4671/4671/5157 4679/4679/5158
f 4674/4674/5152 4679/4679/5158 4671/4671/5157
f 4679/4679/5158 4674/4674/5152 4675/4675/5154
f 4676/4676/5153 4679/4679/5158 4675/4675/5154
f 4672/4672/5151 4671/4671/5157 4678/4678/5161
f 4680/4680/5162 4678/4678/5161 4679/4679/5158
f 4676/4676/5153 4680/4680/5162 4679/4679/5158
f 4672/5444/5151 4678/5445/5161 4681/4681/5159
f 4682/4682/5160 4681/4681/5159 4678/5445/5161
f 4680/5446/5162 4682/4682/5160 4678/5445/5161
f 4682/4682/5160 4680/5446/5162 4683/4683/5163
f 4683/4683/5163 4684/4684/5164 4682/4682/5160
f 4685/4685/5167 4676/4676/5153 4667/4667/5145
f 4677/4677/5156 4686/4686/5166 4668/4668/5147
f 4687/4687/5165 4677/4677/5156 4673/4673/5155
f 4686/4686/5166 4667/4667/5145 4668/4668/5147
f 4687/4687/5165 4686/4686/5166 4677/4677/5156
f 4680/4680/5162 4676/4676/5153 4685/4685/5167
f 4683/5447/5163 4680/4680/5162 4685/4685/5167
f 4688/4688/5168 4683/5447/5163 4685/4685/5167
f 4684/4684/5164 4683/4683/5163 4688/4688/5168
f 4667/4667/5145 4686/4686/5166 4685/4685/5167
f 4688/4688/5168 4685/4685/5167 4686/4686/5166
f 4686/4686/5166 4687/4687/5165 4688/4688/5168
f 4689/4689/5169 4687/4687/5165 4673/4673/5155
f 4647/4647/5126 4643/4643/5141 4669/4669/5148
f 4648/4648/5173 4647/4647/5126 4669/4669/5148
f 4648/4648/5173 4669/4669/5148 4690/4690/5188
f 4663/4663/5170 4516/4516/5124 4650/4650/5171
f 4669/4669/5148 4643/4643/5141 4664/4664/5143
f 4691/4691/5172 4648/4648/5173 4692/4692/5174
f 4693/4693/5176 4691/5448/5172 4692/5449/5174
f 4648/4648/5173 4691/4691/5172 4654/4654/5130
f 4694/4694/5175 4654/5442/5130 4691/5448/5172
f 4694/4694/5175 4691/5448/5172 4693/4693/5176
f 4654/5442/5130 4694/4694/5175 4659/4659/5177
f 4659/4659/5177 4694/4694/5175 4693/4693/5176
f 4690/4690/5188 4692/4692/5174 4648/4648/5173
f 4650/4650/5171 4660/4660/5138 4663/4663/5170
f 4695/4695/5179 4660/4660/5138 4661/4661/5178
f 4659/4659/5177 4695/4695/5179 4661/4661/5178
f 4695/4695/5179 4659/4659/5177 4696/4696/5180
f 4659/4659/5177 4693/4693/5176 4696/4696/5180
f 4660/4660/5138 4695/4695/5179 4663/4663/5170
f 4696/4696/5180 4693/4693/5176 4692/5449/5174
f 4697/4697/5184 4696/4696/5180 4692/5449/5174
f 4696/4696/5180 4698/4698/5181 4695/4695/5179
f 4699/4699/5182 4690/4690/5188 4669/4669/5148
f 4700/4700/5183 4690/4690/5188 4699/4699/5182
f 4697/5450/5184 4700/4700/5183 4701/4701/5185
f 4700/4700/5183 4699/4699/5182 4701/4701/5185
f 4698/4698/5181 4697/4697/5184 4701/5451/5185
f 4701/4701/5185 4699/4699/5182 4702/4702/5186
f 4701/5451/5185 4702/5452/5186 4703/4703/5187
f 4701/5451/5185 4703/4703/5187 4698/4698/5181
f 4697/5450/5184 4692/4692/5174 4690/4690/5188
f 4697/5450/5184 4690/4690/5188 4700/4700/5183
f 4696/4696/5180 4697/4697/5184 4698/4698/5181
f 4698/4698/5181 4704/4704/5189 4695/4695/5179
f 4695/4695/5179 4704/4704/5189 4663/4663/5170
f 4699/4699/5182 4669/4669/5148 4672/4672/5151
f 4699/4699/5182 4672/4672/5151 4702/4702/5186
f 4698/4698/5181 4703/4703/5187 4705/4705/5191
f 4704/4704/5189 4698/4698/5181 4705/4705/5191
f 4703/4703/5187 4702/5452/5186 4672/5444/5151
f 4705/4705/5191 4706/4706/5190 4704/4704/5189
f 4705/4705/5191 4703/4703/5187 4681/4681/5159
f 4704/4704/5189 4706/4706/5190 4663/4663/5170
f 4673/4673/5155 4663/4663/5170 4706/4706/5190
f 4706/4706/5190 4705/4705/5191 4707/4707/5192
f 4672/5444/5151 4681/4681/5159 4703/4703/5187
f 4707/4707/5192 4705/4705/5191 4681/4681/5159
f 4682/4682/5160 4707/4707/5192 4681/4681/5159
f 4707/4707/5192 4684/4684/5164 4689/4689/5169
f 4707/4707/5192 4689/4689/5169 4706/4706/5190
f 4707/4707/5192 4682/4682/5160 4684/4684/5164
f 4688/4688/5168 4687/4687/5165 4689/4689/5169
f 4689/4689/5169 4684/4684/5164 4688/4688/5168
f 4673/4673/5155 4706/4706/5190 4689/4689/5169
f 4668/4668/5147 4637/4637/5116 4607/4607/5112
f 4677/4677/5156 4607/4607/5112 4573/4573/5043
f 4677/4677/5156 4668/4668/5147 4607/4607/5112
f 4408/4408/4881 4381/4381/4857 4398/4398/4869
f 4409/4409/4883 4407/4407/4880 4412/4412/4884
f 4407/4407/4880 4405/4405/4886 4412/4412/4884
f 4405/4405/4886 4404/4404/4878 4419/4419/4887
f 4408/4408/4881 4386/5380/4860 4382/5379/4858
f 4439/4439/4902 4387/4387/5193 4434/4434/4895
f 4435/4435/4900 4387/4387/5193 4439/4439/4902
f 4435/4435/4900 4441/4441/4903 4438/4438/5195
f 4449/4449/4914 4448/4448/5194 4438/4438/5195
f 4438/4438/5195 4448/4448/5194 4450/4450/4916
f 4447/4447/4917 4450/4450/4916 4448/4448/5194
f 4536/4536/5006 4534/4534/5004 4526/4526/4992
f 4548/4548/5016 1464/1464/1453 4546/4546/5015
f 4549/4549/5196 4534/4534/5004 4553/4553/5197
f 4553/4553/5197 1466/4864/1452 4548/5412/5016
f 4553/4553/5197 4548/5412/5016 4549/4549/5196
f 4534/4534/5004 4536/4536/5006 4553/4553/5197
f 1542/1542/1530 1465/1465/1451 4551/4551/5019
f 4553/4553/5197 4536/4536/5006 4535/4535/5005
f 1537/1537/5050 1544/1544/5198 4578/4578/5051
f 4551/4551/5019 1544/1544/5198 1542/1542/1530
f 4580/4580/5056 4578/4578/5051 1544/1544/5198
f 4582/4582/5055 1544/1544/5198 4551/4551/5019
f 1544/1544/5198 4582/4582/5055 4580/4580/5056
f 4550/4550/5018 4579/5418/5053 4551/4551/5019
